question_number,question_text,choices,o1_answer,o1_explanation,o1_confidence,gpt-4o_answer,gpt-4o_explanation,gpt-4o_confidence,o3-mini_answer,o3-mini_explanation,o3-mini_confidence,gemini_answer,gemini_explanation,gemini_confidence,deepseek_answer,deepseek_explanation,claude_answer,claude_explanation,claude_confidence,deepseek_confidence
119A1,自己免疫性膵炎で誤っているのはどれか ,a. 膵の萎縮を認める。 | b. 高齢男性に好発する。 | c. 病理で線維化を認める。 | d. IgG4関連疾患に含まれる。 | e. 治療はグルココルチコイド投与が第一選択である。,a,自己免疫性膵炎では典型的に膵のびまん性もしくは限局性の腫大を認め、萎縮は特徴的所見ではないため誤りとなる。,0.9,a,自己免疫性膵炎は膵の腫大を認めることが多く、萎縮を認めることはない。高齢男性によく見られ、igg4関連疾患に含まれ、病理的には線維化を伴うことがあり、治療としてはグルココルチコイドが一般的に使用される。よって、誤っている選択肢はaである。,0.9,a,自己免疫性膵炎は、通常、膵が拡大（“ソーセージ状”など）するのが特徴であり、また高齢男性に好発し、病理では線維化が認められ、igg4関連疾患の一つとされ、グルココルチコイド投与が第一選択です。従って、「膵の萎縮を認める」という選択肢aが誤りです.,1.0,a,自己免疫性膵炎では、膵の腫大を認めることが多い。萎縮は慢性膵炎などで見られる所見。,0.9,ERROR,Expecting value: line 1 column 1 (char 0),a,自己免疫性膵炎では、膵臓は萎縮ではなく、むしろびまん性に腫大することが特徴的です。他の選択肢は全て正しい特徴で、高齢男性に多く、病理学的には著明な線維化を伴い、igg4関連疾患の代表的な症状の一つであり、ステロイド治療が著効します。,0.9,
119A2,パソコンで長時間の作業をする若年労働者に生じやすい、頸部痛と上肢のしびれをきたす疾患はどれか。 ,a. 頸肩腕障害 | b. 肩関節周囲炎 | c. 肘部管症候群 | d. 変形性頸椎症 | e. 頸椎後縦靱帯骨化症,a,長時間のvdt作業によって起こりやすい頸部や上肢の障害であり、若年層でも発症しやすいため。,1.0,a,若年労働者がパソコン作業で長時間同じ姿勢を維持すると、頸部周辺の筋肉が過緊張を起こし、頸肩腕障害と呼ばれる頸部痛や腕のしびれを引き起こすことが一般的です。他の選択肢は、通常、中高年層や特定の動作により問題を生じることが多いです。,0.9,a,長時間のパソコン作業による姿勢の悪さや筋肉の過負荷が原因で起こる頸肩腕障害は、頸部痛や上肢のしびれの原因として若年労働者に生じやすい疾患です。,1.0,a,長時間パソコン作業による頸部痛と上肢のしびれは、頸肩腕障害の典型的な症状である。他の選択肢は、加齢に伴う変性疾患や神経圧迫による特定の部位の症状が主である。,0.9,a,頸肩腕障害は、長時間のパソコン作業による不良姿勢や反復動作が原因で、頸部痛や上肢のしびれを生じやすい。他の選択肢は加齢や特定の局所的な病変が主因であり、若年労働者の作業関連疾患として最も適切。,a,頸肩腕障害は、パソコン作業などの同じ姿勢での長時間労働により、頸部・肩・腕に負担がかかって発症する職業性疾患です。若年労働者のvdt作業による静的な筋緊張が主な原因となり、頸部痛としびれを特徴とします。他の選択肢は主に中高年に多い変性疾患や、異なる原因で発症する疾患です。,0.9,0.95
119A3,Which of the following is the most common site of hypertensive intracerebralhemorrhage? ,a. Amygdala | b. Hippocampus | c. Hypothalamus | d. Putamene | e. Red nucleus,d,高血圧性脳出血の好発部位は被殻（putamen）だから。,1.0,d,"the most common site for hypertensive intracerebral hemorrhage is the putamen, which is part of the basal ganglia. this is due to the high vascular supply and involvement in cerebral blood flow regulation.",0.9,d,hypertensive intracerebral hemorrhage most commonly occurs in the putamen due to the vulnerability of the lenticulostriate arteries supplying this region.,1.0,d,hypertensive intracerebral hemorrhage most commonly occurs in the putamen.,1.0,ERROR,Expecting value: line 1 column 1 (char 0),d,高血圧性脳内出血の最も一般的な部位は被殻（putamen）です。これは基底核の一部で、レンズ核の外側部分に位置し、穿通枝動脈（レンズ線条体動脈）の好発部位であり、高血圧による血管損傷が起こりやすい場所です。他の選択肢（扁桃体、海馬、視床下部、赤核）は、高血圧性脳内出血の一般的な部位ではありません。,0.9,
119A4,疾患と好発部位の組合せで誤っているのはどれか。 ,a. 疥癬外陰部 | b. ケロイド耳介 | c. 脂腺母斑頭部 | d. 血管性浮腫口唇 | e. ケラトアカントーマ臍部,e,ケラトアカントーマは日光露光部（顔面や四肢など）に好発し、臍部は典型的ではない。,1.0,e,ケラトアカントーマは急速に増殖する良性腫瘍であり、主に顔面や手の甲など、日光に当たる部分に発症することが多いです。組み合わせとして臍部は不適当であるため誤っています。他の選択肢は疾患と好発部位の組み合わせが正しいです。,0.9,e,ケラトアカントーマは主に日光にさらされる顔面や上肢で好発するのに対し、臍部は通常その発生部位として認められないため。,1.0,e,ケラトアカントーマは、顔面、四肢などの日光曝露部に好発する。臍部は一般的ではない。,0.9,ERROR,Expecting value: line 1 column 1 (char 0),e,ケラトアカントーマは主に日光暴露部位（顔面、手背、前腕など）に好発する腫瘍性病変です。臍部は典型的な好発部位ではありません。他の組み合わせは全て正しく、疥癬は外陰部、ケロイドは耳介、脂腺母斑は頭部、血管性浮腫は口唇に好発します。,0.9,
119A5,朝の家庭血圧を測定する条件で適切でないのはどれか。 ,a. 朝食前 | b. 排尿前 | c. 服薬前 | d. 座位安静後 | e. 起床後1時間以内,b,ガイドラインでは起床後1時間以内、排尿後、朝食前、服薬前に測定することが推奨されており、「排尿前」は適切でないため。,1.0,b,血圧測定は、排尿後に行うことが望ましいため、「排尿前」に測定することは適切でないとされています。他の選択肢は、一般的に適切とされる条件です。,0.9,b,朝の家庭血圧測定では、測定前にトイレに行って膀胱を空にするのが推奨されるため、排尿前に測定するのは不適切です。,1.0,b,朝の家庭血圧は、起床後1時間以内、排尿後、朝食前、服薬前、座位安静後という条件で測定することが推奨されている。排尿前ではなく排尿後が適切である。,1.0,ERROR,Expecting value: line 1 column 1 (char 0),b,家庭血圧測定の正しい条件は、起床後1時間以内、朝食前、服薬前に排尿を済ませた後、1-2分の座位安静を取ってから測定することです。排尿前の測定は、膀胱内圧の上昇により血圧値に影響を与える可能性があるため、適切ではありません。,0.9,
119A6,むずむず脚症候群で正しいのはどれか。 ,a. 不眠を生じる。 | b. 明け方に生じる。 | c. 上肢から生じる。 | d. 歩行を続けると増悪する。 | e. 異常感覚は脚の表面に出現する。,a,むずむず脚症候群では寝つきにくさや中途覚醒が生じやすく、不眠の原因となるため。,0.9,a,むずむず脚症候群は、主に夜間に下肢に不快感を感じるため、入眠困難や夜間中途覚醒を引き起こし、不眠を生じることが知られています。他の選択肢は一般的な症状や特徴に一致しません。,0.9,a,むずむず脚症候群は、主に下肢における不快感や異常感覚が引き起こされ、安静時に症状が悪化して不眠に至るため、aが正しいです。他の選択肢は、上肢から始まる（c）、歩行で症状が増悪する（d）、症状の出現時期が明け方である（b）または脚の表面に現れる（e）と記述しており、いずれも一般的な特徴とは異なります。,1.0,a,むずむず脚症候群は、夕方から夜間にかけて症状が悪化しやすく、不眠の原因となる。,0.95,ERROR,Expecting value: line 1 column 1 (char 0),a,むずむず脚症候群（restless legs syndrome: rls）の主要な特徴として、下肢の不快な感覚により不眠を引き起こすことが知られています。典型的には夕方から夜間に症状が悪化し、安静時に増悪、運動により改善します。症状は脚の深部に生じ、主に下肢に限局します。歩行により症状は改善することが多く、増悪はしません。,0.9,
119A7,潰瘍性大腸炎に特徴的な所見はどれか。 ,a. 敷石像 | b. 縦走潰瘍 | c. 全層性炎症 | d. 難治性痔瘻 | e. 連続性病変,e,潰瘍性大腸炎は直腸から連続的に病変が広がることが特徴であり、敷石像・縦走潰瘍・全層性炎症・難治性痔瘻はクローン病に多い所見である。,1.0,e,潰瘍性大腸炎の特徴的な所見には、直腸から連続的に病変が広がる「連続性病変」があります。他の選択肢はクローン病に関連している所見です。,1.0,e,潰瘍性大腸炎は直腸から連続した炎症を呈するのが特徴であり、その他の選択肢はクローン病に関連する所見です。,1.0,e,潰瘍性大腸炎は大腸の粘膜に連続性の炎症を起こす疾患であり、連続性病変が特徴的である。敷石像、縦走潰瘍、全層性炎症、難治性痔瘻はクローン病に特徴的な所見である。,1.0,ERROR,Expecting value: line 1 column 1 (char 0),e,潰瘍性大腸炎の最も特徴的な所見は連続性病変です。直腸から近位部に向かって途切れることなく炎症が広がります。一方、敷石像、縦走潰瘍、難治性痔瘻はクローン病の特徴的所見であり、全層性炎症もクローン病に特徴的です。潰瘍性大腸炎の炎症は粘膜層に限局します。,0.9,
119A8,尿路結石症の予防で正しいのはどれか。 ,"a. 低カルシウム食が推奨される。 | b. 予防法は結石成分によらず同じである。 | c. 野菜と果実の摂取量を制限することが推奨される。 | d. 食事によるナトリウム摂取量を制限する必要はない。 | e. 1日尿量が2,000mL以上となるように水分摂取が推奨される。",e,"尿路結石症の予防では十分な水分摂取により1日尿量を2,000ml以上にすることが基本的かつ有効な方法とされているため。",1.0,e,"尿路結石の予防には十分な水分摂取が重要であり、1日尿量が2,000ml以上となるように水分摂取を推奨するのが一般的です。これにより尿の希釈が促され、結石形成のリスクを減らすことができます。他の選択肢は、一般的な予防策に沿っていないか、誤解を招く内容です。",0.9,e,水分摂取によって1日尿量を2000ml以上に維持することは、尿中のミネラル濃度を希釈し、結石の形成リスクを低減させるため、尿路結石症の予防に有効です。その他の選択肢は、低カルシウム食やナトリウム摂取の制限が不要、野菜果実の摂取制限など誤った情報に基づいており、結石成分ごとに予防方法が異なるため適切ではありません。,1.0,e,"尿路結石症の予防には、十分な水分摂取が最も重要であり、1日尿量を2,000ml以上とすることが推奨されます。",1.0,ERROR,Expecting value: line 1 column 1 (char 0),e,"尿路結石の最も基本的な予防法は十分な水分摂取です。1日尿量2,000ml以上を確保することで、尿中物質の濃度が低下し、結石形成を予防できます。低カルシウム食は骨粗鬆症のリスクがあり推奨されず、ナトリウム制限は必要で、野菜・果実は結石予防に有効です。また、予防法は結石成分により異なります。",0.9,
119A9,肩関節脱臼で正しいのはどれか。 ,a. 横隔神経麻痺の合併が多い。 | b. 肩関節周囲炎の原因となる。 | c. 後方に脱臼することが多い。 | d. 再脱臼は若年者で生じやすい。 | e. 肩関節内転位で脱臼することが多い。,d,肩関節脱臼は若年時ほど再脱臼が起こりやすいため。,0.9,d,肩関節脱臼のうち、最も一般的なのは前方脱臼であり、再脱臼は特に若年者で生じやすいことが知られています。他の選択肢は一般的な肩関節脱臼の特徴とは異なります。,0.9,d,肩関節脱臼は、主に前方脱臼であり、若年者では肩関節周囲の軟部組織の損傷やリハビリ不足などにより再脱臼しやすい。横隔神経麻痺は合併しにくく、後方脱臼や内転位での脱臼は一般的な特徴ではないため、正しいのはdのみ。,1.0,d,肩関節脱臼は前方脱臼が最も多く、再脱臼は若年者で起こりやすい。,0.9,ERROR,Expecting value: line 1 column 1 (char 0),d,肩関節脱臼において、若年者は関節の不安定性が残りやすく、また活動性が高いため再脱臼のリスクが高くなります。一般的な肩関節脱臼の特徴として、前方脱臼が90-95%と最も多く、内転ではなく外転・外旋位で起こりやすいです。横隔神経麻痺は一般的な合併症ではありません。,0.9,
119A10,薬剤と尿細管作用部位の組合せで正しいのはどれか。 ,a. SGLT2阻害薬 - 近位尿細管 | b. 抗アルドステロン薬 - Henleの上行脚 | c. サイアザイド系利尿薬 - 集合管 | d. バソプレシンV2受容体拮抗薬 - 遠位尿細管 | e. ループ利尿薬 - Henleの下行脚,a,sglt2阻害薬は近位尿細管でグルコース再吸収を阻害するため。,1.0,a,sglt2阻害薬は近位尿細管でグルコースの再吸収を阻害する薬です。抗アルドステロン薬は集合管に作用し、サイアザイド系利尿薬は遠位尿細管に作用します。バソプレシンv2受容体拮抗薬も集合管に作用するため、選択肢b、c、dは誤りです。また、ループ利尿薬はhenleの上行脚に作用するため、選択肢eも誤りです。,0.9,a,sglt2阻害薬は近位尿細管でグルコースの再吸収を阻害するため、正しい組み合わせとなります。他の選択肢はそれぞれ、作用部位が誤っているため不正解です。,1.0,a,sglt2阻害薬は近位尿細管に作用し、グルコースの再吸収を抑制する。,1.0,ERROR,Expecting value: line 1 column 1 (char 0),a,sglt2（sodium-glucose cotransporter 2）は近位尿細管に存在し、グルコースと na+ の再吸収を担っています。sglt2阻害薬はこの部位で作用し、グルコースの再吸収を阻害します。他の選択肢は誤りで、特にループ利尿薬はhenleの上行脚、サイアザイド系利尿薬は遠位尿細管、バソプレシンv2受容体拮抗薬は集合管、抗アルドステロン薬は集合管が正しい作用部位です。,0.9,
119A11,妊娠7週の腹腔鏡所見(別冊No.1)を別に示す。この疾患と最も関係がある病原体はどれか。 ,a. Chlamydia pneumoniae | b. Chlamydia trachomatis | c. Gardnerella vaginalis | d. Treponema pallidum | e. Trichomonas vaginalis,b,卵管炎などによって子宮外妊娠を惹起しやすい病原体として、chlamydia trachomatisが最も関連するため。,1.0,b,妊娠初期での腹腔鏡所見と関連する病原体として、最も一般的なものは骨盤内感染症（pid）の原因となるchlamydia trachomatisです。この病原体は、不妊症や妊娠関連の合併症に関連することが多いため、この選択肢が最も適切です。,0.9,b,妊娠7週の腹腔鏡所見は、卵管炎症や癒着を伴う疾患、すなわち子宮外妊娠の原因となる骨盤内炎症性疾患を示唆しており、その主な原因菌として知られているのはchlamydia trachomatisです。,1.0,b,妊娠7週の腹腔鏡所見から、卵管炎が疑われる。卵管炎の主な原因菌としてchlamydia trachomatisが挙げられる。,0.9,ERROR,Expecting value: line 1 column 1 (char 0),b,画像は卵管の炎症性変化（骨盤内炎症性疾患：pid）を示唆する所見と考えられます。chlamydia trachomatisは性感染症の主要な原因菌で、卵管炎の最も一般的な原因病原体です。無症候性感染から重症の骨盤内炎症性疾患まで引き起こし、不妊症の原因となることが知られています。,0.9,
119A12,随時血糖250mg/dLを示す非妊娠者で糖尿病の診断基準を満たすのはどれか。2つ選べ。 ,a. 尿糖陽性 | b. 尿蛋白陽性 | c. HbAlc6.7% | d. 尿ケトン体陽性 | e. 口渴、多飲、多尿の症状,ce,随時血糖(≥200mg/dl)に加えて糖尿病の典型的症状(多飲・多尿など)がある場合、またはhba1cが6.5%以上の場合に糖尿病と診断できるため。,1.0,ce,随時血糖値が250mg/dlであることや、「糖尿病の診断基準を満たす」ことを考慮すると、糖尿病診断には高い血糖値とともに他の条件も満たしている必要があります。hba1cの値6.5%以上や典型的な症状（口渴、多飲、多尿）は糖尿病の診断において重要なポイントです。そのため選択肢c（hba1c6.7%）、e（口渴、多飲、多尿の症状）が該当します。尿糖陽性は血糖値を反映していますが、単独では診断基準には不十分です。尿蛋白陽性や尿ケトン体陽性は糖尿病関連の合併症や別の代謝状態を示唆する可能性があり、診断基準とは異なります。,0.9,ce,随時血糖250mg/dlは糖尿病の診断基準の1つの条件であり、加えて糖尿病の診断には、症状（口渴、多飲、多尿）が伴う場合や、hba1cが6.5%以上であることが公式の基準です。選択肢cのhba1c6.7%は診断閾値を超え、選択肢eの多飲多尿などの症状も診断材料となるため、正解はcとeです。,1.0,ce,糖尿病の診断基準は、①空腹時血糖≧126mg/dl、②75gogtt2時間値≧200mg/dl、③随時血糖≧200mg/dl、④hba1c≧6.5%のいずれか、または糖尿病の典型的な症状（口渇、多飲、多尿、体重減少）の存在です。随時血糖250mg/dlに加え、hba1c≧6.5%または糖尿病の典型的な症状があれば診断可能です。,1.0,ERROR,Expecting value: line 1 column 1 (char 0),ce,糖尿病の診断基準は、①随時血糖値200mg/dl以上かつ典型的症状（口渴、多飲、多尿）の存在、②hba1c6.5%以上、のいずれかで診断できます。この症例では、随時血糖250mg/dlかつ典型的症状（e）があること、およびhba1c6.7%（c）が基準値6.5%を超えていることから、それぞれ単独で診断基準を満たします。尿糖、尿蛋白、尿ケトン体は診断基準には含まれません。,0.9,
119A13,Brugada症候群における突然死のリスクファクターはどれか。2つ選べ。 ,a. 喫煙歴:あり | b. 既往歴:糖尿病 | c. 既往歴:原因不明の失神あり | d. 家族歴:父親が43歳で突然死 | e. アレルギー歴:抗菌薬でアレルギーあり,cd,ブルガダ症候群では原因不明の失神歴や若年の突然死の家族歴が重要なリスクファクターとなるため。,0.9,cd,brugada症候群における突然死のリスクファクターには、原因不明の失神や若年での突然死の家族歴が挙げられます。喫煙歴、糖尿病、抗菌薬アレルギーは関連性が低いです。,0.9,cd,brugada症候群において、既往歴に原因不明の失神（c）および家族歴に若年突然死（d）は、突然死リスクの高いファクターとして知られています。その他の選択肢はリスクファクターとはされていません。,1.0,cd,brugada症候群の突然死のリスクファクターとして、既往歴に原因不明の失神があることと、家族歴に若年での突然死があることが重要です。喫煙、糖尿病、抗菌薬アレルギーは直接的なリスクファクターとは考えにくいです。,0.9,ERROR,Expecting value: line 1 column 1 (char 0),cd,brugada症候群における突然死のリスクファクターとして、原因不明の失神の既往（c）と若年での突然死の家族歴（d）は重要な危険因子として確立されています。喫煙、糖尿病、薬物アレルギーは、brugada症候群の突然死リスクとは直接的な関連性は示されていません。,0.9,
119A14,65歳以上で定期接種の対象となるワクチンはどれか。2つ選べ。 ,a. 風疹ワクチン | b. B型肝炎ワクチン | c. 髄膜炎菌ワクチン | d. 肺炎球菌ワクチン | e. インフルエンザワクチン,de,65歳以上で定期接種の対象となるのは肺炎球菌ワクチンとインフルエンザワクチンであるため,1.0,de,65歳以上で定期接種の対象となるワクチンは、肺炎球菌ワクチンとインフルエンザワクチンです。これらは高齢者における感染予防のための重要なワクチンとされています。,0.9,de,65歳以上に定期接種として推奨されているのは、肺炎球菌ワクチンとインフルエンザワクチンです。他のワクチンは65歳以上向けの定期接種には含まれていません。,1.0,de,高齢者の定期接種として、肺炎球菌ワクチンとインフルエンザワクチンが定められています。,1.0,ERROR,Expecting value: line 1 column 1 (char 0),de,65歳以上の高齢者に対する定期接種として、肺炎球菌ワクチン（ppsv23）とインフルエンザワクチンが指定されています。これらは高齢者の感染症予防において重要で、特に肺炎や季節性インフルエンザによる重症化を防ぐことを目的としています。風疹、b型肝炎、髄膜炎菌ワクチンは65歳以上の定期接種対象ではありません。,0.95,
119A15,58歳の男性。自宅近くの医療機関で頭部CT異常を指摘され来院した。6か月前から頭痛が出現した。意識は清明。身長168cm、体重60kg。脈拍64/分、整。血圧110/80mmHg。視力、視野に異常を認めない。頭部単純MRIのT1強調冠状断像(別冊No.2A)とT2強調矢状断像(別冊No.2B)を別に示す。次に行うべき検査はどれか。 ,a. 内分泌検査 | b. 徒手筋力検査 | c. 認知機能検査 | d. 腹部CT検査 | e. 脳脊髄液検査,a,下垂体腺腫を疑う所見であり、まずホルモン産生の有無を評価するため内分泌検査が必要となるため。,0.9,a,頭部ct異常と頭痛の出現、加えて視力や視野に異常がないことから、下垂体腫瘍やその他の内分泌異常の可能性を考え、内分泌検査が適切です。他の検査はこの文脈では直ちに必要性が薄いと考えられます。,0.8,a,画像からは下垂体領域に見られる腫瘤（例えば下垂体腺腫）の所見が疑われ、頭痛が主訴で視野障害はないため、まずは内分泌機能の評価を行うのが適切です。,1.0,a,mri画像から鞍部腫瘍（おそらく下垂体腺腫）が疑われるため、内分泌機能を評価するための内分泌検査が最も適切である。,0.9,ERROR,Expecting value: line 1 column 1 (char 0),a,提示されたmri画像は示されていませんが、症例の特徴（頭痛の出現、頭部ct/mriでの異常）と年齢から下垂体腫瘍が疑われます。下垂体腫瘍の場合、ホルモン産生の有無や内分泌機能障害の評価が必要不可欠であり、内分泌検査が最優先で行うべき検査となります。,0.9,
119A16,"10歳の女子。感冒時に行われた血液検査で肝障害を指摘され紹介受診した。自覚症状はない。身長137cm、体重36kg。体温36.8℃。脈拍76/分、整。血圧104/70mmHg。眼瞼結膜と眼球結膜とに異常を認めない。頸部リンパ節を触知しない。腹部は平坦、軟で、右肋骨弓下に肝を1cm触知する。脾は触知しない。尿所見:蛋白(一)、糖(一)、潜血(一)。尿中Cu排泄量200μg/日(基準80未満)。血液所見:赤血球409万、Hb12.1g/dL、白血球8,100、血小板33万。血液生化学所見:AST156U/L、ALT245U/L、LD308U/L(基準145~270)、Cu25μg/dL(基準68~128)、セルロプラスミン12mg/dL(基準21~37)。免疫血清学所見:CRP0.1mg/dL、HBs抗原陰性、HCV抗体陰性、抗EBV VCA IgM抗体陰性、抗EBV VCA IgG抗体陰性。この疾患でみられる所見はどれか。 ",a. 円錐角膜 | b. 視神経萎縮 | c. 水晶体混濁 | d. Kays | e. r-FleischerHite桜実紅斑〈cherry redspot>,d,wilson病に特徴的な所見であるkayser-fleischer角膜輪が該当するため。,1.0,d,この症例はウィルソン病を示唆するものであり、特に尿中の銅排泄量の増加と低セルロプラスミンは典型的です。ウィルソン病で見られる特徴的な所見として、眼にkaiser-fleischer角膜輪があり、選択肢の中ではこれに該当する所見が「d. kays」です。他の選択肢にある所見（円錐角膜、視神経萎縮など）はウィルソン病の特徴には当てはまりません。,0.9,d,この症例は銅代謝異常を示すウィルソン病であり、低セルロプラスミン血症、低血清銅値、高尿中銅排泄量、肝障害が認められる。ウィルソン病の特徴的な眼所見として、角膜周辺に形成されるkayser‐fleischer環が挙げられるため、dが正解となる。,1.0,d,wilson病を疑う所見（肝障害、低セルロプラスミン血症、高尿中cu排泄）があり、wilson病でみられるのはkayser-fleischer輪です。,1.0,ERROR,Expecting value: line 1 column 1 (char 0),d,この症例はwilson病を強く示唆しています。その根拠として、1)血清銅の低下、2)セルロプラスミンの低下、3)尿中銅排泄量の増加が挙げられます。wilson病の特徴的な所見としてkayser-fleischer輪（kf輪）があり、これは選択肢dのkaysに該当します。kf輪は角膜のdescemet膜に銅が沈着することで生じる茶褐色の輪状の色素沈着で、wilson病の診断的価値の高い所見です。,0.9,
119A17,"14歳の女子。卵巣腫瘍に対する治療後の検査結果と今後の方針について説明を受けるため両親とともに来院した。約3か月前に右卵黄囊腫瘍の診断で、右付属器摘出術と大網切除術を実施した。その後、シスプラチン、エトポシド、ブレオマイシン併用の化学療法を3週ごとに4回施行した。α-フェトプロテイン〈AFP〉は術前28,500ng/mL(基準20以下)から化学療法後10ng/mLまで低下し、造影CTを含む全ての検査結果で異常を認めず、寛解の判定となった。最終月経は8週間前で、その後再開していない。今後、定期診察時に毎回行うのが適切でないのはどれか。 ",a. 腹部触診 | b. 月経の聴取 | c. 腹部造影CT | d. 腹部超音波検査 | e. 腫瘍マーカー測定,c,腹部造影ctは放射線被ばくの問題もあり、毎回の定期診察ごとに行う必要はないため。,0.9,c,定期診察時に毎回行う検査としては、患者の負担やコストを考慮して非侵襲的かつ低コストな方法が選ばれるべきです。腹部造影ctは放射線被曝とコストが高いため、毎回行う検査としては適切ではありません。代わりに、より簡便で被曝のない腹部超音波検査や腫瘍マーカー測定が定期診察の度に行われるのが一般的です。,0.9,c,ct造影検査は、放射線被曝やコストの面から、毎回の定期検診で実施するのは適切ではなく、他の非侵襲的な検査（腹部触診、月経聴取、超音波検査、腫瘍マーカー測定）で十分なフォローアップが可能なため。,1.0,c,卵黄嚢腫瘍は化学療法が奏功しやすく、afpも正常値まで低下していることから、画像検査は通常、頻繁には行わない。特にct検査は放射線被曝のリスクがあるため、定期的な経過観察では推奨されない。腹部触診、月経の聴取、腹部超音波検査、腫瘍マーカー測定（afpなど）は、再発の早期発見のために有用である。,0.9,ERROR,Expecting value: line 1 column 1 (char 0),c,卵黄囊腫瘍の経過観察において、造影ctは被曝の問題があるため、若年女性に対して毎回の定期診察で実施するのは適切ではありません。代わりに、腹部触診、超音波検査、腫瘍マーカー測定などの非侵襲的な検査を基本とし、必要時にctを実施する方針が望ましいです。また、若年女性の性機能や妊孕性の観点から月経状態の確認も重要です。,0.9,
119A18,57歳の男性。1か月前からの両側耳閉感を主訴に来院した。右鼻腔ファイバースコープ像(別冊No.3A)と頭頸部造影CT(別冊No.3B)を別に示す。組織生検の結果は扁平上皮癌であった。この疾患で正しいのはどれか。 ,a. 転移を伴うことは少ない。 | b. EBウイルスが原因となる。 | c. 欧米では高頻度にみられる。 | d. 急性中耳炎を併発しやすい。 | e. 早期癌で見つかることが多い。,b,本疾患はebウイルスとの関連が強いことが知られている。,0.9,b,鼻咽腔癌（扁平上皮癌の一種）は、特に東アジアでebウイルス（ebv）が関連していることがよく知られています。この疾患はebウイルス感染と関連付けられているため、選択肢bが正しいです。他の選択肢はこの疾患に対する一般的な特徴と矛盾しています。,0.9,b,この症例は鼻咽腔に発生する扁平上皮癌（鼻咽頭癌）の所見であり、鼻咽頭癌は特に非角化型でebウイルスとの関連が認められるため、他の選択肢（転移が少ない、欧米頻出、急性中耳炎併発、早期発見される）はいずれも当てはまらない。,0.95,b,提示された画像所見から、上咽頭癌が疑われる。上咽頭癌はebウイルスとの関連が強い。,0.9,ERROR,Expecting value: line 1 column 1 (char 0),b,これは上咽頭癌（nasopharyngeal carcinoma）の症例です。ebウイルス（epstein-barr virus）は上咽頭癌の発症に強く関連していることが確立されています。特にアジアでは、ebウイルス関連の上咽頭癌が多く見られます。また、この疾患は以下の特徴があります：,0.9,
119A19,52歳の女性。健康診断の胸部エックス線写真で異常を指摘され来院した。3か月前から咳嗽が出現していたが医療機関を受診していなかった。既往歴に特記すべきことはない。職業は小学校教員。胸部単純CTで右肺上葉に気管支拡張病変と空洞を認めた。患者は喀痰検体を提出し帰宅した。同日の夕方、細菌検査室から喀痰抗酸菌染色が陽性であると医師に報告があった。この時点で医師が行う対応で正しいのはどれか。 ,a. 勤務先に連絡する。 | b. 保健所に報告する。 | c. 抗結核薬を投与する。 | d. 自宅待機を指示する。 | e. 患者にN95マスクを着用させる。,b,喀痰抗酸菌陽性で結核を強く疑う場合、感染症法に基づき保健所への届出が最優先となるため。,1.0,b,抗酸菌染色が陽性であるということは、結核の可能性があります。結核は感染症法で定められた二類感染症であり、診断や疑いがあった時点で速やかに保健所に報告することが法的に義務付けられています。したがって、この時点で医師が行うべき正しい対応は保健所への報告です。他の選択肢は、まず保健所への報告を行った後に検討されるべき項目です。,0.9,b,肺の気管支拡張病変・空洞所見と抗酸菌陽性所見は、活動性結核を強く示唆します。結核は法令により報告義務があり、まずは保健所に報告し、感染拡大防止や接触者調査などの公衆衛生上の措置を開始する必要があるため、最優先の対応は報告となります。,1.0,b,喀痰抗酸菌染色陽性の場合、結核の可能性が高く、感染症法に基づき保健所への報告義務がある。,1.0,ERROR,Expecting value: line 1 column 1 (char 0),b,喀痰抗酸菌染色陽性は結核の可能性が高く、感染症法で定める届出対象疾患（2類感染症）の疑いがあるため、直ちに保健所への報告が必要です。この段階では確定診断前であり、治療開始や職場への連絡は時期尚早です。患者への接触は最小限にすべきで、電話で自宅待機を指示することは適切ですが、まずは保健所への報告が最優先されます。,0.9,
119A20,54歳の男性。瘙痒を伴う体幹と四肢の皮疹とを主訴に来院した。20年前から頭痛に対してNSAIDを頓用している。2年前から6か月に1回程度、同様の皮疹が同じ部位に生じ、約2週間で自然消褪して、色素沈着が残るようになった。3日前にNSAIDを内服後、いつもと同じ部位に皮疹が出現した。薬剤リンパ球刺激試験でNSAIDは陽性であった。体幹の写真(別冊No.4)を別に示す。診断はどれか。 ,a. 固定薬疹 | b. 尋常性乾癬 | c. 薬剤性過敏症症候群 | d. Gibrtばら色粃糠疹 | e. Stevens-Johnson症候群,a,同じ薬の使用後、同一部位に皮疹が出現し、色素沈着を残す所見は固定薬疹に典型的である。,1.0,a,本症例では、同じ部位に繰り返し出現し、薬剤服用後に皮疹が現れるという典型的な特徴が見られるため、固定薬疹が最も可能性が高いと考えられます。また、nsaidの服用後に同じ部位に皮疹が出て色素沈着が残るという点も固定薬疹の特徴と一致します。他の選択肢は、症状や薬剤との関連性がこのケースとは一致しません。,0.9,a,症例は、nsaid服用後に同じ部位に皮疹が再燃し、約2週間で消失後に色素沈着を残すという固定薬疹の特徴を示しているため。,1.0,a,皮疹が同じ部位に繰り返し出現し、nsaid内服後に悪化していること、薬剤リンパ球刺激試験が陽性であることから、固定薬疹が最も考えやすい。,1.0,ERROR,Expecting value: line 1 column 1 (char 0),a,以下の特徴から固定薬疹と診断できます：,0.9,
119A21,"38歳の女性。尿検査の異常を指摘され来院した。3年前に2型糖尿病と診断され、自宅近くの医療機関にて内服治療中である。糖尿病網膜症はない。2年前に尿潜血陽性を指摘された。3か月前から尿蛋白も認め、精査のため紹介受診した。身長152cm、体重76kg。血圧124/70mmHg。口蓋扁桃に腫大を認める。心音と呼吸音とに異常を認めない。下腿に圧痕性浮腫を認めない。尿所見:蛋白2+、潜血2+、尿蛋白/Cr比1.8g/gCr、尿沈渣に赤血球20~29/HPF。血液所見:赤血球383万、Hb11.6g/dL、Ht36%、白血球7,300、血小板25万。血液生化学所見:総蛋白7.0g/dL、アルブミン4.0g/dL、AST24U/L、ALT30U/L、LD155U/L(基準124~222)、Y-GT20U/L(基準9~32)、尿素窒素16mg/dL、クレアチニン0.6mg/dL、尿酸5.7mg/dL、血糖98mg/dL、HbAlc6.1%(基準4.9~6.0)、総コレステロール170mg/dL、トリグリセリド97mg/dL、Na142mEq/L、K4.0mEq/L、C1107mEq/L。免疫血清学所見:CRP0.1mg/dL、抗核抗体陰性、血清補体値(CH50)35U/mL(基準30~40)。腎生検のPAS染色標本(別冊No.5)を別に示す。最も考えられる疾患はどれか。 ",a. IgA腎症 | b. 糖尿病腎症 | c. 急性間質性腎炎 | d. 巣状分節性糸球体腎炎 | e. 膜性增殖性糸球体腎炎,a,口蓋扁桃の腫大や持続する血尿・軽度蛋白尿、網膜症の欠如などから、糖尿病腎症よりもiga腎症が最も疑われるため。,0.95,a,患者は尿潜血と尿蛋白を示しており、口蓋扁桃腫大が特徴です。これらはiga腎症に関連していることが多く、特に扁桃腫大が強調されています。また、血圧や糖尿病管理が比較的良好であり、糖尿病腎症の可能性は低いです。pas染色標本が示されていれば、iga沈着の有無も判断材料となるでしょうが、臨床所見からiga腎症が最も疑われます。,0.9,a,38歳という年齢、慢性の尿潜血と蛋白、さらに口蓋扁桃の腫大という臨床所見は、iga腎症（berger病）の特徴と合致します。糖尿病腎症は発症から数年かかり、通常は糖尿病網膜症も認められるため、今回の所見はiga腎症を支持しています。,1.0,a,腎生検pas染色標本でメサンギウム領域の増殖とiga沈着を疑わせる所見、臨床所見で糖尿病罹患期間が短いこと、尿蛋白/cr比が糖尿病腎症にしては高値であること、糖尿病網膜症がないことなどから、iga腎症が最も考えやすい。,0.9,ERROR,Expecting value: line 1 column 1 (char 0),a,この症例でiga腎症が最も考えられる理由は：,0.9,
119A22,56歳の女性。指先の蒼白化を主訴に来院した。3か月前から寒いところで指先が白くなることを自覚したため受診した。白くなった後は紫、その後に赤へと変化するという。体温36.2℃。脈拍72/分、整。血圧120/76mmHg。眼瞼結膜と眼球結膜とに異常を認めない。関節の腫脹や圧痛を認めない。手の写真(No.6A、B)を別に示す。血液生化学所見:CK121U/L(基準41~153)。免疫血清学所見:CRP0.1mg/dL、抗核抗体640倍(基準20以下)、リウマトイド因子〈RF〉86IU/mL(基準20未満)、血清補体値(CH50)34U/mL(基準30~40)、C388mg/dL(基準52~112)、C436mg/dL(基準16~51)。爪郭部のダーモスコピー像(別冊No.6C)を別に示す。診断はどれか。 ,a. 皮膚筋炎 | b. 関節リウマチ | d. 全身性強皮症d結節性多発動脈炎 | e. 抗リン脂質抗体症候群,d,レイノー症状（白→紫→赤の変化）と爪郭部毛細血管所見が全身性強皮症に典型的であるため。,0.9,d,患者の症状である寒冷による指先の色の変化（蒼白→紫→赤）はレイノー現象に一致します。この現象は全身性強皮症でよく見られます。免疫血清学所見でも抗核抗体が高く、リウマトイド因子の上昇や補体の一部低下も全身性強皮症を示唆します。写真やダーモスコピー像に関する情報も強皮症の皮膚病変を示している可能性があります。,0.9,d,患者は寒冷刺激での指先の白→青→赤というレイノー現象を呈し、爪郭部のダーモスコピーに特徴的な毛細血管異常が認められる。さらに、抗核抗体が高価値であり、筋肉や関節の所見がないことから、皮膚の硬化を伴う全身性強皮症が最も適合する。,1.0,d,指先の蒼白化、紫、赤への変化はレイノー現象を示唆する。抗核抗体陽性、rf陽性であり、爪郭部のダーモスコピー像から毛細血管拡張がみられることから、全身性強皮症が最も考えやすい。,0.9,ERROR,Expecting value: line 1 column 1 (char 0),d,この症例はレイノー現象（寒冷時の指先の蒼白化、その後の紫→赤への変化）を呈し、抗核抗体が陽性で、爪郭部の毛細血管異常（ダーモスコピー所見）を認めることから、全身性強皮症が最も考えられます。これらの症状と検査所見は全身性強皮症の典型的な特徴です。他の選択肢の疾患では、このような特徴的なレイノー現象と毛細血管異常の組み合わせは一般的ではありません。,0.9,
119A23,9か月の女児。けいれんを主訴に両親に連れられて来院した。生後5か月で腹部に皮疹があることに母親が気付いていた。2週間前から両上肢を伸展挙上し、頭部を前屈する動作が出現した。約5秒間隔で10回以上反復し、次第に頻度が増加して毎日みられるようになった。同時期からあやし笑いが乏しくなり、ひとり座りが不安定になった。身長70.5cm、体重8.2kg。体温36.3℃。脈拍108/分、整。血圧82/48mmHg。呼吸数32/分。SpO299%(roomair)。心音と呼吸音とに異常を認めない。腹部は平坦、軟で、肝·脾を触知しない。体幹と大腿部に皮疹を3個認める。頭部単純MRIのT2強調水平断像(別冊No.7A)と大腿部の皮疹の写真(別冊No.7B)とを別に示す。最も考えられる疾患はどれか。 ,a. 尋常性白斑 | b. 結節性硬化症 | c. 神経線維腫症1型 | d. Sturg-Weber症候群 | e. vonHippel-Lindau症候群,b,皮疹（葉状白斑）や点頭てんかん様のけいれん、頭部mri画像所見などから結節性硬化症が最も考えられるため。,1.0,b,9か月の女児がけいれんと共に両上肢を伸展挙上し、頭部を前屈する動作を繰り返すこと、赤ちゃんのあやし笑いが乏しくなり、ひとり座りが不安定になったこと、更に体幹と大腿部に皮疹があることから、ウエスト症候群（点頭てんかん）および結節性硬化症を疑います。この疾患は、脳に結節を形成し、皮膚に低色素斑（特徴的な白斑）を生じることが多いです。mri所見や皮膚所見から結節性硬化症が最も考えられます。,0.9,b,この女児は、乳児期に発症するけいれん（乳児痙攣）、発達遅延、そして体幹や大腿部に見られる皮膚病変（ash leaf spotsに類似）の特徴を呈しており、mri所見も結節性硬化症に見られる脳病変を示唆しているため。,1.0,b,問題文より、9か月の女児、けいれん、生後5か月で腹部に皮疹、2週間前から両上肢を伸展挙上し、頭部を前屈する動作（点頭てんかんを示唆）、あやし笑いが乏しい、ひとり座りが不安定、体幹と大腿部に皮疹。mri画像と皮疹の写真から、結節性硬化症が最も考えられる。,1.0,ERROR,Expecting value: line 1 column 1 (char 0),b,この症例は結節性硬化症の典型的な臨床像を示しています。主な根拠は：,0.9,
119A24,"20歳の女性。瘙痒を伴う体幹と四肢の皮疹を主訴に来院した。全身に皮疹が出現し、瘙痒で夜も眠れていない。既往歴にアレルギー性鼻炎がある。エビ、豚肉、卵および牛乳のアレルギーがある。乳児期から瘙痒を伴う皮疹が左右対称性に生じ、消長を繰り返している。小児期は頭部および顔面に紅斑、鱗屑および漿液性丘疹を生じていた。学童期は肘窩や膝窩などに掻破痕を伴う苔癬化局面を形成した。弟に同様の皮膚症状がある。搔破による痒疹と苔癬化局面が全身に多発している。背部の皮疹の写真(別冊No.8)を別に示す。血液所見:赤血球468万、Hb13.9g/dL、Ht42%、白血球11,300(桿状核好中球10%、分葉核好中球52%、好酸球17%、好塩基球1%、単球6%、リンパ球14%)、血小板45万。血液生化学所見:LD276U/L(基準124~222)。免疫血清学所見:CRP0.3mg/dL、IgE13,384IU/mL(基準170以下)。病変部の病理検査で表皮内に異型リンパ球の浸潤を認めない。皮膚症状に対する適切な治療はどれか。 ",a. 抗菌薬内服 | b. コルヒチン内服 | c. 活性型ビタミンD3外用 | d. 抗ロイコトリエン薬内服 | e. 副腎皮質ステロイド外用,e,典型的なアトピー性皮膚炎であり，第一選択薬として副腎皮質ステロイドの外用が適切である。,1.0,e,本症例は、小児期から成人期にわたりアトピー性皮膚炎の特徴を示しており、高ige値や好酸球増加、皮疹の特徴などからも診断されます。アトピー性皮膚炎の治療には、副腎皮質ステロイド外用が一般的であり、瘙痒や炎症を抑える効果があります。,0.9,e,この症例は乳児期からの左右対称で反復性の皮疹、家族歴、高ige血症、好酸球増加、アレルギー疾患との合併などから、慢性のアトピー性皮膚炎と診断されます。アトピー性皮膚炎の治療では、まず皮膚バリアの保護と炎症抑制を目的として副腎皮質ステロイド外用薬が第一選択となるため。,1.0,e,患者の症状、既往歴、家族歴、検査結果から、アトピー性皮膚炎と診断できる。アトピー性皮膚炎の第一選択薬は副腎皮質ステロイド外用薬である。,1.0,ERROR,Expecting value: line 1 column 1 (char 0),e,この症例はアトピー性皮膚炎の典型例です。以下の特徴から判断できます：,0.9,
119A25,"日齢20の男児。哺乳量の低下と発熱とを主訴に母親に連れられて来院した。在胎39週3日、体重3,120gで出生した。昨日から哺乳量の低下があり、本日38.6℃の発熱を認めた。顔色不良で大泉門は膨隆し、易刺激性があった。血液所見:赤血球412万、Hb12.1g/dL、Ht36%、白血球25,000(桿状核好中球15%、分葉核好中球65%、単球10%、リンパ球10%)、血小板15万。血液生化学所見:血糖98mg/dL、Na136mEq/L、K4.5mEq/L、Cl100mEq/LoCRP13.8mg/dL。脳脊髄液所見:細胞数4,200/mm3(基準0~2)(単核球22%、多形核球78%)、蛋白80mg/dL(基準15~45)、糖5mg/dL(基準50~75)。原因菌で考えられるのはどれか。 ",a. Haemophilus influenzae | b. Neisseria meningitidis | c. Pseudomonas aeruginosa | d. Streptococcus pneumoniae | e. Streptococcus agalactiae<GBS>,e,生後20日前後の新生児髄膜炎の原因菌として最も考えられるのはgbs（streptococcus agalactiae）であるため。,1.0,e,生後20日の新生児における髄膜炎の原因として、最も一般的なのはb群溶血性レンサ球菌（streptococcus agalactiae、gbs）です。血液所見や脳脊髄液所見は細菌性髄膜炎の典型的な特徴を示しており、新生児期におけるgbs感染によるものが強く考えられます。,0.95,e,日齢20日の新生児における細菌性髄膜炎の原因菌としては、streptococcus agalactiae（gbs）が代表的であり、提示された他の選択肢は新生児では一般的でないため。,1.0,e,日齢20の男児の発熱、哺乳量低下、顔色不良、大泉門膨隆、易刺激性、および脳脊髄液所見(細胞数増加、多形核球優位、髄液糖低下)から、細菌性髄膜炎が疑われる。新生児髄膜炎の起炎菌として最も頻度が高いのはstreptococcus agalactiae (gbs)である。,1.0,ERROR,Expecting value: line 1 column 1 (char 0),e,この症例は新生児期の細菌性髄膜炎を示唆しており、以下の理由からgbs (group b streptococcus/s. agalactiae)が最も可能性が高いと判断します：,0.9,
119A26,"60歳の女性。心窩部痛を主訴に来院した。昨夜、大量飲酒後に激しい心窩部痛があり、軽快しないため受診した。生来健康である。飲酒は焼酎4合/日を30年間。意識は清明。体温37.2℃。脈拍100/分、整。血圧160/92mmHg。呼吸数20/分。腸雑音は減弱している。心窩部に圧痛を認めるが反跳痛や筋性防御を認めない。血液所見:赤血球420万、Hb12.2g/dL、Ht38%、白血球12,800、血小板22万。血液生化学所見:総蛋白6.8g/dL、アルブミン4.2g/dL、総ビリルビン1.0mg/dL、直接ビリルビン0.4mg/dL、AST40U/L、ALT62U/L、LD240U/L(基準124~222)、アミラーゼ2,048U/L(基準44~132)、尿素窒素22mg/dL、クレアチニン1.1mg/dL、Na136mEq/L、K4.0mEq/L、Cl104mEq/L。CRP1.6mg/dL.この患者で重症度判定に必要な画像検査はどれか。 ",a. 腹部造影CT | b. 腹部超音波検査 | c. 超音波内視鏡検査 | d. 磁気共鳴胆管管撮影〈MRCP〉 | e. 内視鏡的逆行性胆管膵管造影〈ERCP〉,a,急性膵炎の重症度判定には造影ctが推奨されており、膵の壊死や合併症の有無などを評価するために有用である。,1.0,a,この患者は急性膵炎が疑われます。急性膵炎の重症度判定のためには腹部造影ctが重要です。造影ctによって膵臓の腫大や周囲の炎症、坏死の有無を評価できるからです。その他の選択肢は診断には役立つかもしれませんが、重症度判定としてはctが最も適しています。,0.9,a,この患者は大量飲酒後の激しい心窩部痛とアミラーゼの著明な上昇から急性膵炎が疑われる。急性膵炎の重症度判定には、膵実質の壊死や周囲炎症、液体貯留の評価が可能な腹部造影ctが最適であるため。,1.0,a,急性膵炎が疑われ、重症度判定には造影ctが有用である。重症度判定にはmodified ct severity index (mctsi)が用いられる。,0.9,ERROR,Expecting value: line 1 column 1 (char 0),a,この症例は急性膵炎が強く疑われます（アミラーゼ高値、飲酒歴、典型的な症状）。急性膵炎の重症度判定には造影ctが最も有用です。造影ctでは、膵臓の造影不良域（壊死）の有無や程度、炎症の広がり、腹水の有無などを評価でき、予後予測に重要な情報が得られます。他の検査は診断には有用かもしれませんが、重症度判定という観点では造影ctが最適です。,0.9,
119A27,"45歳の男性。飲酒の量が多いのではないかと心配した妻に連れられて来院した。初回飲酒は20歳、次第に飲酒回数と量が増え、30歳ごろから連日飲酒するようになった。最近数か月間の飲酒量は、日本酒1升/日で会社に行くことができなくなっていたという。診察時、アルコール臭が強く意識がもうろうとしている。身長175cm、体重58kg。脈拍80/分、整。血圧140/82mmHg。眼球運動障害と失調性歩行を認める。血液所見:赤血球368万、Hb10.9g/dL、Ht37%、白血球3,800、血小板11万。血液生化学所見:総蛋白5.5g/dL、アルブミン2.9g/dL、総ビリルビン1.2mg/dL、直接ビリルビン0.6mg/dL、AST88U/L、ALT76U/L、LD177U/L(基準124~222)、ALP103U/L(基準38~113)、Y-GT302U/L(基準13~64)、アミラーゼ135U/L(基準44~132)、CK342U/L(基準59~248)、アンモニア40μg/dL(基準18~48)、尿素窒素12mg/dL、クレアチニン0.6mg/dL、尿酸10.9mg/dL、血糖88mg/dL、HbAlc6.1%(基準4.9~6.0)、Na131mEq/L.K4.4mEq/L,C197mEq/L.追加の血液検査結果を待たずに、この患者に投与すべきなのはどれか。 ",a. 亜鉛 | b. 鉄剤 | c. 葉酸 | d. ビタミンD | e. ビタミンB1,e,意識障害、眼球運動障害、運動失調はウェルニッケ脳症が疑われ、ビタミンb1の補充が必要であるため。,1.0,e,患者は慢性的な大量飲酒により、ビタミンb1（チアミン）欠乏症を引き起こすリスクがあります。眼球運動障害と失調性歩行は、ウェルニッケ脳症に関連する症状で、これはビタミンb1の欠乏が原因です。したがって、まずビタミンb1を投与するべきです。,1.0,e,この患者は長期大量飲酒によるビタミンb1欠乏が疑われ、眼球運動障害・失調性歩行・意識障害などウェルニッケ脳症の特徴が認められるため、追加検査結果を待たずに早急にビタミンb1の補給が必要となる。,1.0,e,患者はウェルニッケ脳症を示唆する眼球運動障害と失調性歩行を認める。また、長年の大量飲酒歴と意識障害もウェルニッケ脳症を疑う根拠となる。ウェルニッケ脳症の治療にはビタミンb1（チアミン）の投与が不可欠である。,1.0,ERROR,Expecting value: line 1 column 1 (char 0),e,この患者はアルコール依存症で、大量飲酒の状態が続いています。眼球運動障害と失調性歩行は、アルコール多飲によるビタミンb1欠乏症（ウェルニッケ脳症）を強く示唆する症状です。ウェルニッケ脳症は致死的な合併症となり得るため、症状が疑われた時点で診断的治療としてビタミンb1の即時投与が必要です。他の選択肢も慢性アルコール症では不足する可能性がありますが、緊急性はビタミンb1が最も高いと判断されます。,0.9,
119A28,"70歳の男性。発熱と喀痰を主訴に来院した。7日前に発熱が出現し、自宅近くの診療所を受診したところインフルエンザと診断された。治療によって一旦は解熱したが、昨日から再び発熱したため受診した。既往歴に糖尿病がある。意識は清明。体温38.9℃。脈拍120/分、整。血圧90/62mmHg。呼吸数28/分。SpO292%(roomair)。呼吸音は胸部全体でcoarse cracklesを聴取する。血液所見:赤血球466万、Hb13.9g/dL、Ht47%、白血球19,300(桿状核好中球5%、分葉核好中球83%、好酸球1%、好塩基球0%、単球1%、リンパ球10%)、血小板26万。血液生化学所見:血糖180mg/dL、HbAlc8.2%(基準4.9~6.0)。CRP15mg/dL。胸部単純CT(別冊No.9A)と喀痰Gram染色標本(別冊No.9B)を別に示す。血液培養検査でも同じ微生物が検出された。原因微生物はどれか。 ",a. Candida albicans | b. Legionella pneumophila | c. Mycoplasma pneumoniae | d. Pseudomonas aeruginosa | e. Staphylococcus aureus,e,インフルエンザ後に重症化した肺炎であり、喀痰gram染色像のグラム陽性球菌ブドウ状配列からもstaphylococcus aureusが原因と考えられる。,1.0,e,糖尿病の既往をもち、肺炎の症状であり、再発熱して血液培養で同じ微生物が検出されたことから、一般的な病原菌であるstaphylococcus aureusによる二次感染が疑われます。また、白血球数の増加とcrpの上昇も細菌感染を支持しています。,0.9,e,インフルエンザ後の二次細菌性肺炎として、特に高齢者や糖尿病などの基礎疾患を有する患者で、staphylococcus aureusがよく原因となるため。 喀痰グラム染色標本や血液培養で同一の微生物が検出され、好中球優位の血液像とも一致する。,1.0,e,画像所見とグラム染色、血液培養の結果から、黄色ブドウ球菌肺炎が最も疑わしい。特に、インフルエンザ後の再発熱、糖尿病の既往、白血球増多、crp高値といった点も支持的である。,0.9,ERROR,Expecting value: line 1 column 1 (char 0),e,この症例は以下の特徴から黄色ブドウ球菌（s. aureus）による二次性細菌性肺炎を強く示唆します：,0.9,
119A29,"生後18時間の男児。呼吸心拍モニターのアラームが鳴ったため、診察している。在胎31週、体重1,600g、Apgarスコア7点(1分)、9点(5分)で出生した。早産と低出生体重児のためNICUに入院した。生後18時間ごろに呼吸心拍モニターのアラームが1~2分鳴ったが自然に改善した。診察中、呼吸心拍モニターのアラームは鳴っていない。体温37.0℃。心拍数140/分、整。血圧70/40mmHg。呼吸数50/分。SpO298%(roomair)。皮膚は赤く、チアノーゼは認めない。大泉門は開大している。心音と呼吸音とに異常を認めない。腹部は平坦、軟で、肝·脾を触知しない。アラームが鳴っていた時の心拍数、SpO2および胸郭の動きを記録した呼吸心拍モニター画面(別冊No.10)を別に示す。最も考えられる疾患はどれか。 ",a. Fallot四徵症 | b. 一過性多呼吸 | c. Ⅱ度房室ブロック | d. 未熟児無呼吸発作 | e. Wilson-Mikity症候群,d,早産児にみられる一過性の無呼吸発作が自然に改善しているため、未熟児無呼吸発作が最も考えられる。,0.9,d,生後早期の早産児に見られる症状として、未熟児無呼吸発作が最も考えられる。アラームが鳴っても自然に改善することがある点や診察時に特に異常がない点は、典型的な無呼吸発作のエピソードに合致している。その他の選択肢は、生後18時間の時点でのこのような症状の説明には適していない。,0.9,d,この症例は31週の早産児で、未熟児無呼吸発作に典型的なエピソード（短時間の呼吸モニターアラーム）が見られるため、他の選択肢よりも最も可能性が高いと考えられる。,1.0,d,モニター画面から、心拍数とspo2が低下し、胸郭の動きが停止していることがわかる。これは無呼吸発作を示唆する。在胎31週の早産児であることから、未熟児無呼吸発作が最も考えられる。,0.9,ERROR,Expecting value: line 1 column 1 (char 0),d,早産児(31週)で、生後18時間に一過性の呼吸・心拍モニターのアラームが鳴り、自然に改善している点が特徴的です。未熟児無呼吸発作は早産児によく見られる症状で、呼吸停止が20秒以上続くか、それより短くても徐脈やチアノーゼを伴う発作として定義されます。現在は安定していますが、モニター記録で一時的な無呼吸と心拍低下が確認できる典型的な未熟児無呼吸発作のパターンと考えられます。,0.9,
119A30,64歳の女性。空腹時の動悸と発汗を主訴に来院した。1か月前から、朝食後に外出すると、昼食前に空腹感とともに動悸、発汗および手指振戦を自覚している。これらの症状は甘いものを摂取すると改善する。既往歴に脂質異常症、耐糖能異常、慢性甲状腺炎および胆石症があり、脂質異常症に対してスタチンを内服している。身長156cm、体重62kg。体温36.2℃。脈拍72/分、整。血圧142/88mmHg。眼瞼結膜と眼球結膜とに異常を認めない。甲状腺を触知しない。心音と呼吸音とに異常を認めない。腹部は平坦、軟で、肝·脾を触知しない。血液生化学所見:AST28U/L、ALT32U/L、Y-GT72U/L(基準9~32)、血糖110mg/dL、HbAlc6.1%(基準4.9~6.0)、総コレステロール182mg/dL、トリグリセリド180mg/dL、HDLコレステロール38mg/dL、TSH1.2μU/mL(基準0.2~4.0)、FT41.4ng/dL(基準0.8~2.2)。症状の原因と関連するのはどれか。 ,a. 高血圧症 | b. 更年期障害 | c. 血糖値の異常 | d. スタチン内服 | e. 慢性甲状腺炎,c,食後の血糖値変動（耐糖能異常）による低血糖症状が原因と考えられるため。,0.9,c,患者の症状は空腹時に動悸、発汗、手指振戦があり、甘いものを摂取すると改善することから、低血糖症状を示唆しています。血糖値の異常が原因である可能性が最も高いと考えられます。hba1cは多少高めですが、空腹時の低血糖症状に合致するため、選択肢cが適切です。其他の選択肢はこれらの特定の症状を直接引き起こすとは考えにくいです。,0.9,c,この症例は、空腹時に発生する動悸、発汗、手指振戦と甘いもの摂取で改善する症状から、低血糖（血糖値の異常）が原因と考えられるため。ほかの選択肢はこれらの症状の直接的原因とは関連性が低い。,1.0,c,空腹時の動悸、発汗、手指振戦は低血糖症状であり、甘いものを摂取すると改善することから、血糖値の異常が最も関連性が高い。hba1cが基準値上限を超えていることからも、耐糖能異常が悪化し、反応性低血糖を起こしている可能性が考えられる。,1.0,ERROR,Expecting value: line 1 column 1 (char 0),c,この患者の症状（空腹時の動悸、発汗、手指振戦、甘いもので改善）は典型的な反応性低血糖の症状を示しています。hba1cが6.1%と軽度上昇していることから、耐糖能異常があり、食後の血糖値の急激な変動（上昇後の低下）が症状の原因と考えられます。特に朝食後に症状が出現し、昼食前に悪化する時間的パターンも反応性低血糖の特徴と一致します。,0.9,
119A31,"80歳の男性。胸痛を主訴に救急車で搬入された。2週間前から階段昇降で胸部絞扼感が出現していたが、3分程度の安静で改善していた。1週間前からは平地歩行でも階段昇降と同じ強度の胸部絞扼感が出現するようになった。本日は朝食後に冷汗を伴う強い胸痛を自覚し、自宅近くの診療所を受診した。12誘導心電図でST低下を指摘され、当院に救急車で搬入された。胸部症状は持続しており、12誘導心電図でST低下が持続している。糖尿病、高血圧および脂質異常症でかかりつけ医に通院中である。喫煙は20本/日を50年間。身長162cm、体重60kg。心拍数76/分、整。血圧140/60mmHg。血液所見:赤血球465万、Hb13.3g/dL、Ht42%、白血球9,600、血小板23万。血液生化学所見:CK300U/L(基準59~248)、クレアチニン0.8mg/dL、空腹時血糖141mg/dL、HbAlc7.4%(基準4.9~6.0)、トリグリセリド145mg/dL、LDLコレステロール141mg/dL。心筋トロポニンT迅速検査陽性。この患者に対する検査で適切なのはどれか。 ",a. 運動負荷心電図検査 | b. 冠動脈 | c. TC心臓MRI | d. 心臓カテーテル検査 | e. 薬物負荷心筋血流シンチグラフィ,d,不安定狭心症あるいはnstemiを疑い，症状やst低下が持続しているため，急性期には心臓カテーテル検査による直接的な冠動脈評価が必要となるため。,1.0,d,患者は急性冠症候群 (acs) を疑わせる症状を示しており、心筋トロポニンも陽性である。この場合、冠動脈の狭窄や閉塞の程度を直接評価し、適切な治療方針（例えば血管拡張やステント留置）を決定するために、心臓カテーテル検査が適切である。その他の選択肢は急性期の診断には不適切である。,0.9,d,この症例はnstemi（非st上昇型心筋梗塞）と考えられ、持続する胸痛、st低下、心筋トロポニン陽性という高リスクの状態です。急性期においては運動負荷検査や薬物負荷検査は適さず、冠動脈ctや心臓mriも現段階での診断・治療方針決定には適していません。そのため、心臓カテーテル検査（冠動脈造影）により、病変の評価と必要に応じた再vascularizationを行うことが適切です。,1.0,d,臨床症状（労作性狭心症の悪化、安静時胸痛）、心電図変化（st低下）、心筋トロポニンt陽性から、不安定狭心症または非st上昇型心筋梗塞が疑われる。緊急性の高い病態であり、診断と治療を兼ねて心臓カテーテル検査を行うのが適切である。,1.0,ERROR,Expecting value: line 1 column 1 (char 0),d,この症例は不安定狭心症から急性冠症候群への進展が強く疑われる状態（症状の増悪傾向、心電図でのst低下持続、トロポニン陽性）であり、緊急の冠動脈評価と治療が必要です。心臓カテーテル検査は診断と同時に治療（経皮的冠動脈インターベンション）も可能であり、最も適切な検査選択となります。他の非侵襲的検査は、急性期の状態では時間的余裕がなく、また運動負荷は症状を悪化させる可能性があるため適切ではありません。,0.95,
119A32,"78歳の男性。頸部リンパ節腫大を主訴に来院した。頸部リンパ節生検の結果、びまん性大細胞型B細胞リンパ腫と診断された。血液所見:赤血球470万、Hb14.1g/dL、Ht44%、白血球6,800(分葉核好中球52%、好酸球1%、好塩基球0%、単球6%、リンパ球41%)、血小板27万。血液生化学所見:総蛋白6.9g/dL、アルプミン3.8g/dL、総ビリルビン0.9mg/dL、直接ビリルビン0.2mg/dL、AST28U/L、ALT16U/L、LD243U/L(基準124~222)。免疫血清学的所見:CRP0.8mg/dL、HBs抗原陰性、HBc抗体陽性、HBs抗体陽性、HCV抗体陰性。リンパ腫の治療前に追加して測定すべき検査項目はどれか。 ",a. HBc抗原 | b. HBe抗原 | c. HBe抗体 | d. HBV-DNA定量 | e. HCV-RNA定量,d,既感染例では化学療法によるhbv再活性化のリスク評価のためにhbv-dna定量が重要であるため。,1.0,d,患者はhbc抗体陽性とhbs抗体陽性というb型肝炎ウイルス（hbv）既感染の状態にあります。びまん性大細胞型b細胞リンパ腫の治療には免疫抑制薬が用いられることがあり、hbvの再活性化リスクがあります。そのため、治療前にhbvの活動性を評価するためにhbv-dna定量を測定しておくことが重要です。,0.9,d,この患者はhbs抗原陰性でも、hbc抗体陽性およびhbs抗体陽性で、既往感染（潜在性保有）を示唆しています。免疫抑制治療実施前に、再活性化リスク評価のためにhbv-dna定量検査が推奨されるためです。,1.0,d,既往感染の可能性があるhbvの再活性化を確認するために、hbv-dna定量を行う必要がある。,1.0,ERROR,Expecting value: line 1 column 1 (char 0),d,hbc抗体陽性、hbs抗体陽性というパターンは既往のhbv感染を示唆します。リンパ腫に対する化学療法や免疫療法は免疫抑制を引き起こし、hbvの再活性化リスクがあります。そのため、治療前にhbv-dna定量検査を行い、ウイルスの存在を確認することが必要です。これはb型肝炎の再活性化予防のための重要なスクリーニング検査です。,0.9,
119A33,"75歳の男性。嘔吐を主訴に来院した。3日前から排便と排ガスがなく、徐々に腹部膨満感が出現してきた。今朝から水分もとれず、便臭を伴う嘔吐をしたため救急外来を受診した。意識は清明。体温36.9℃。脈拍112/分、整。血圧150/80mmHg。SpO298%(roomair)。眼瞼結膜は軽度貧血様である。腹部膨満を認める。腹部全体に圧痛は認めるが、反跳痛や筋性防御は認めない。血液所見:赤血球320万、Hb9.0g/dL、Ht30%、白血球9,800、血小板25万。血液生化学所見:アルブミン2.9g/dL、AST25U/L、ALT15U/L、尿素窒素25mg/dL、クレアチニン0.7mg/dL。CRP3.5mg/dL。腹部エックス線写真(別冊No.11)を別に示す。次に行うのはどれか。 ",a. FDG-PET | b. 腹部MRI | c. 腹部造影CT | d. 上部消化管内視鏡検査 | e. 下部消化管内視鏡検査,c,腸閉塞が疑われ、原因や閉塞部位を評価するために造影ctが最も有用であるため。,0.9,c,この患者は腸閉塞が疑われる症状を示しています。腹部膨満、便臭を伴う嘔吐、排便と排ガスがないことから、腸閉塞が考えられます。次に行うべきは、詳細な診断を行うための画像検査です。腹部造影ctは腸閉塞の確認や原因究明に役立つため、最適な選択肢です。他の選択肢（fdg-pet、腹部mri、内視鏡検査）はこの場合、直接的な原因の診断には直結しません。,0.9,c,この症例は、便臭を伴う嘔吐や腹部膨満、排便・排ガスの消失など腸閉塞を示唆する所見があり、腹部エックス線写真でその可能性が示唆されます。腸閉塞の原因や程度、合併症の有無を正確に評価するためには、腹部造影ctが最も有用な検査であるため、次の検査として腹部造影ctを選択します。,1.0,c,問題文から腸閉塞が疑われ、腹部エックス線写真でもそれを支持する所見があると考えられる。腸閉塞の原因や閉塞部位の特定のために、腹部造影ctが有用である。,0.9,ERROR,Expecting value: line 1 column 1 (char 0),c,この症例は腸閉塞が強く疑われます（3日間の排便・排ガスなし、腹部膨満、便臭性嘔吐）。腹部造影ctは腸閉塞の原因（腫瘍、絞扼、癒着など）、腸管の状態（壊死の有無）、閉塞部位を特定するのに最も適した検査です。また、緊急性の評価にも有用です。内視鏡検査は腸管拡張が著しい状態では穿孔のリスクがあり、まずはctでの評価が適切です。,0.9,
119A34,"65歳の男性。血痰を主訴に来院した。2年前から労作時の息苦しさと咳嗽とを自覚していたがそのままにしていた。数日前から痰に少量の血液が混じるようになったため受診した。喫煙は20本/日を45年間。意識は清明。身長172cm、体重43kg。体温37.2℃。脈拍96/分、整。血圧124/68mmHg。呼吸数20/分。SpO293%(roomair)。心音に異常を認めず、呼吸音は右胸部にcoarse cracklesを聴取する。血液所見:赤血球468万、Hb12.2g/dL、Ht37%、白血球12,300(桿状核好中球10%、分葉核好中球64%、好酸球1%、好塩基球1%、単球6%、リンパ球18%)、血小板34万。免疫血清学所見:CRP3.2mg/dL、β-Dーグルカン35pg/mL(基準10以下)。喀痰の抗酸菌塗抹検査は陰性。Sabouraud寒天培地では糸状菌が検出された。胸部単純CT(別冊No.12)を別に示す。診断はどれか。 ",a. カンジダ症 | b. アスペルギルス症 | c. クリプトコックス症 | d. ニューモシスチス肺炎 | e. アレルギー性気管支肺真菌症,b,喀痰培養で糸状菌が検出され、肺内病変と慢性経過、喀血がみられることからアスペルギルス症が最も疑われるため。,0.9,b,喀痰の抗酸菌塗抹検査は陰性であり、β-dーグルカン値が高く、糸状菌がsabouraud寒天培地で検出されていることから真菌感染を示唆しています。これに加えて、喫煙歴と右胸部のcoarse cracklesの聴取、胸部ct所見（通常アスペルギルス症は空洞病変を伴う）がアスペルギルス症を強く示唆します。アスペルギルス症は特に喫煙者や肺に基礎疾患を持つ人に多く見られます。これらの理由から診断はアスペルギルス症が最も適合します。,0.9,b,患者は高齢かつ長期喫煙による慢性肺疾患の素因があり、血痰や体重減少が見られます。sabouraud寒天培地で糸状菌が検出され、β-dーグルカンも上昇していることから、糸状菌であるアスペルギルスによる感染（アスペルギルス症）が最も疑われるため。,0.95,b,胸部ctで右胸部に空洞を伴う病変があり、喀痰培養で糸状菌が検出されていることから、アスペルギルス症が最も考えやすい。β-d-グルカンが軽度上昇していることもアスペルギルス症を支持する。,0.9,ERROR,Expecting value: line 1 column 1 (char 0),b,この症例はアスペルギルス症が最も考えられます。その根拠として：,0.9,
119A35,"48歳の女性。息切れを主訴に来院した。6か月前から労作時の息切れを自覚するようになり徐々に悪化してきた。最近は軽労作でも息切れが激しく、さらに動悸も自覚するようになったため受診した。7歳時に発熱と関節痛が続き小学校を長期間欠席した。その際に輪のような形の赤い皮疹が出現したことを記憶している。5年前に子宮体癌の手術歴がある。数日前から、う歯治療を実施している。喫煙は20歳から10本/日を5年間、以後は禁煙している。飲酒は機会飲酒。父は80歳時に急性心筋梗塞で死亡。母は78歳時に脳梗塞で死亡。意識は清明。体温36.2℃。脈拍92/分、不整。血圧124/82mmHg。呼吸数16/分。SpO295%(roomair)。軽度の頸静脈の怒張を認める。心音はⅠ音が亢進し、心尖部で拡張中期ランブルを聴取する。両肺にcoarse cracklesを聴取する。両下肢に軽度の浮腫を認める。血液所見:赤血球460万、Hb13.3g/dL、Ht42%、白血球12,800、血小板21万。血液生化学所見:CK61U/L(基準41~153)、尿素窒素12mg/dL、クレアチニン0.6mg/dL、BNP189pg/mL(基準18.4以下)。CRP0.1mg/dL。経胸壁心エコー検査の傍胸骨長軸像(別冊No.13)を別に示す。この患者の疾患の発症に関与している病歴はどれか。 ",a. 7歳時の発熱 | b. 5年前の子宮体癌 | c. 数日前のう歯治療 | d. 過去の喫煙歴 | e. 父親の心筋梗塞,a,小児期にみられた発熱や輪状紅斑などはリウマチ熱を示唆し、僧帽弁狭窄症の原因として関与していると考えられるため。,0.9,a,記述にある7歳時の発熱、関節痛、輪状の赤い皮疹は、リウマチ熱を示唆しており、リウマチ熱の既往は心臓弁膜症（特に僧帽弁狭窄症）の原因となることがある。患者の症状や身体所見（頸静脈怒張、心尖部の拡張中期ランブル、両下肢の浮腫）は、僧帽弁狭窄症の臨床像に一致する。このため、7歳時の発熱が疾患発症に関与していると判断される。,0.9,a,7歳時の発熱、関節痛、および輪状の皮疹は急性リウマチ熱の特徴であり、後にリウマチ性心疾患（特に僧帽弁狭窄）を引き起こすため。,1.0,a,7歳時の発熱と関節痛、輪状紅斑の既往から、リウマチ熱による弁膜症（僧帽弁狭窄症）が疑われる。僧帽弁狭窄症は息切れ、動悸、肺うっ血、下肢浮腫などの症状を引き起こし、心エコー検査所見とも合致する。,0.9,ERROR,Expecting value: line 1 column 1 (char 0),a,この患者は僧帽弁狭窄症の典型的な症状（労作時息切れ、動悸）を呈しており、7歳時の発熱と関節痛、環状紅斑の既往は、リウマチ熱を示唆します。リウマチ熱は、その後の僧帽弁狭窄症の最も一般的な原因となります。他の選択肢（子宮体癌、う歯治療、喫煙歴、家族歴）は、現在の心臓弁膜症との直接的な因果関係は低いと考えられます。,0.9,
119A36,"日齢12の女児。新生児マススクリーニングで異常を認めたため、両親に連れられて来院した。在胎41週、体重3,275g、Apgarスコア9点(1分)、9点(5分)で出生した。完全母乳栄養である。3日前から哺乳力が低下し、排便は2日に1回の黄色顆粒便である。来院時は活気がなく、泣き声は微弱であった。身長52cm、体重3,312g。体温36.4℃。脈拍144/分、整。血圧88/42mmHg。呼吸数48/分。SpO297%(roomair)。毛細血管再充満時間2秒。皮膚は乾燥しており、黄染を認める。大泉門は径1.5cmでやや陥凹しており、小泉門は開大している。心音と呼吸音とに異常を認めない。腹部は平坦、軟。臍ヘルニアを認める。腸雑音に異常を認めない。診断のために行うエックス線撮影の部位はどれか。 ",a. 頭蓋骨 | b. 肋骨 | c. 手根骨 | d. 腰椎 | e. 大腿骨遠位端,e,先天性甲状腺機能低下症が疑われる場合、骨成熟度を評価するために大腿骨遠位端(膝)のx線撮影を行うことが多いから。,1.0,c,この症例は新生児マススクリーニングで異常を指摘され、哺乳力低下や黄疸などの症状があり、甲状腺機能低下症（クレチン症）が疑われます。甲状腺機能低下症では、骨年齢の遅れが見られるため、手根骨のx線撮影を行い、骨成熟度を評価します。これにより、骨の発育遅延を確認することができます。,0.9,c,この女児は新生児マススクリーニングでの異常および全身所見（哺乳力低下、黄染、乾燥皮膚、陥凹した大泉門、開大した小泉門、臍ヘルニア）から先天性甲状腺機能低下症が疑われます。先天性甲状腺機能低下症では骨年齢の遅延が認められるため、最も一般的な手根骨のx線撮影により骨年齢評価を行い、診断の補助とします。,1.0,a,新生児マススクリーニング異常、哺乳力低下、便秘、活気低下、微弱な泣き声、皮膚乾燥、黄疸、大泉門陥没、小泉門開大といった所見から、甲状腺機能低下症を疑う。頭蓋骨x線撮影で骨成熟の遅れを確認することが診断の一助となる。,0.7,ERROR,Expecting value: line 1 column 1 (char 0),d,この症例は新生児マススクリーニング異常、哺乳力低下、活気不良、微弱な泣き声などの症状から先天性甲状腺機能低下症が強く疑われます。この疾患の診断には骨年齢の評価が重要で、新生児期では特に腰椎のx線撮影による骨核の出現状態の確認が有用です。腰椎の骨化核の遅延は甲状腺機能低下症の特徴的な所見となります。,0.9,
119A37,67歳の男性。労作時の息切れを主訴に来院した。1週間前から労作時の息切れ、右頸部から顔面の腫脹が出現したため自宅近くの診療所を受診した。胸部エックス線写真で右肺野に異常陰影を指摘されたため紹介受診した。胸痛や腹痛はない。意識は清明。身長168cm、体重69kg。体温36.5℃。脈拍84/分、整。血圧138/78mmHg。呼吸数18/分。SpO296%(roomair)。頸静脈の怒張を認める。両側鎖骨上窩に径1~2cmのリンパ節を複数触知する。心音と呼吸音とに異常を認めない。腹部は平坦、軟で、肝·脾を触知しない。血液所見に異常を認めない。血液生化学所見で、腎機能と肝機能に異常を認めない。ProGRP124pg/mL(基準81以下)。胸部エックス線写真(別冊No.14A)と胸部単純CT(別冊No.14B)とを別に示す。FDG-PETを施行し、右縦隔·肺門リンパ節と一塊となった腫瘤、多発肺転移および多発肝転移を認めた。気管支鏡検査を施行し腫瘤からの穿刺細胞診で小細胞肺癌と診断された。今後の対応で次に行うべきなのはどれか。 ,a. 手術による腫瘍減量 | b. 薬物による抗癌治療 | c. 肝転移への放射線治療 | d. 肺癌遺伝子異常の検索 | e. PD-L1蛋白質発現の検索,b,小細胞肺癌で多発転移を認める場合、まずは全身療法（薬物治療）が優先されるため。,1.0,b,この症例は小細胞肺癌であり、多発肺転移および多発肝転移が認められるため、手術は適応外です。小細胞肺癌は化学療法に感受性があり、初期治療として薬物による抗癌治療が優先されます。,0.9,b,小細胞癌は進行が早く全身性拡がりが認められることが多いため、局所治療である手術は適応外です。標準治療は薬物治療（プラチナ製剤＋エトポシド等）であり、遺伝子異常やpd‐l1の探索は効果的なターゲット治療が期待できないため、次の対応としては薬物治療が選択されます。,1.0,b,小細胞肺癌と診断されており、fdg-petで多発肺転移および多発肝転移を認めるため、病期は進行期。手術適応はなく、薬物による抗癌治療が第一選択となる。,1.0,ERROR,Expecting value: line 1 column 1 (char 0),b,この症例は、以下の理由から薬物による抗癌治療が最適です：,0.9,
119A38,"56歳の男性。吐血を主訴に夜間救急外来を受診した。夕食後から悪心が出現し、就寝前に暗赤色の吐血があり来院した。25年前に肝障害を指摘され、以後毎年の健康診断で指摘されているが、受診していなかった。喫煙歴はない。飲酒は日本酒4合/日を30年間。意識は清明。体温36.0℃。脈拍112/分、整。血圧80/50mmHg。眼瞼結膜に貧血を認める。眼球結膜に黄染を認めない。口腔内は乾燥している。頸部リンパ節を触知しない。心音と呼吸音とに異常を認めない。腹部は平坦、軟。左肋骨弓下に脾を2cm触知する。腸雑音に異常を認めない。血液所見:赤血球274万、Hb7.8g/dL、Ht28%、白血球9,200、血小板7.2万。緊急上部消化管内視鏡の食道像(別冊No.15)を別に示す。適切な治療はどれか。 ",a. 開腹止血術 | b. クリッピング | c. ステント留置術 | d. 内視鏡的結紮術 | e. バルーン閉塞下逆行性経静脈塞栓術〈BRTO〉,d,肝硬変による食道静脈瘤出血が疑われ、標準的治療として内視鏡的結紮術が適切であるため。,0.9,d,患者は長期の飲酒歴があり、吐血と貧血を呈していることから食道静脈瘤出血が疑われます。食道静脈瘤出血の場合、内視鏡的結紮術（バンディング）が適切な治療法として選ばれることが多いです。他の選択肢である開腹止血術やクリッピングは通常静脈瘤出血に用いられません。また、ステント留置術やbrtoは臨床状況によって選択されますが、この文脈では内視鏡的結紮術が適切です。,0.9,d,患者は既往の肝障害や長期間の大量飲酒、脾腫や低血小板などから肝硬変に伴う食道静脈瘤の破裂が疑われ、出血に伴うショック状態です。初期治療としては内視鏡的結紮術（evl）が標準治療となるため、dを選択します.,0.95,d,食道像から食道静脈瘤破裂による吐血が考えられるため、内視鏡的結紮術が適切である。,0.9,ERROR,Expecting value: line 1 column 1 (char 0),d,この症例は、長期の大量飲酒歴と肝障害の既往があり、血小板減少と脾腫を伴う食道静脈瘤からの出血と考えられます。食道静脈瘤の急性出血に対する第一選択の治療は内視鏡的結紮術（evl）です。evlは比較的安全で効果的な治療法であり、緊急時の止血に適しています。brtoは胃静脈瘤に対して行われる治療であり、クリッピングは静脈瘤出血には適していません。,0.9,
119A39,48歳の女性。左手関節痛を主訴に来院した。1か月前からフライパンなどを持つときに左手関節痛がある。外傷歴はない。職業は調理師で1日8時間を週6日間、厨房で作業を行っている。左手関節橈側に腫脹と圧痛を認める。筋力低下と感覚障害を認めない。指関節に異常を認めない。左母指を他の4指で握り込み、手関節を尺屈させると疼痛が誘発される。右手に症状はない。考えられる疾患はどれか。 ,a. ばね指 | b. 関節リウマチ | c. 手根管症候群 | d. 肘部管症候群 | e. de Quervain症候群,e,母指を握り込んで手関節を尺屈させた際の疼痛誘発（finkelsteinテスト陽性）や、手関節橈側の腫脹・圧痛からde quervain症候群と判断できる。,1.0,e,患者の症状と誘発テスト（フィンケルシュタインテスト）がde quervain症候群を示唆しています。母指を握り込み、手関節を尺屈させたときの疼痛はこの疾患に典型的な所見です。その他の選択肢の症状と一致しません。,0.9,e,患者は左手橈側の腫脹・圧痛があり、finkelsteinテスト（母指を他の指で握り、手関節を尺屈させる）で疼痛が誘発されることから、反復使用によるde quervain症候群が示唆されるため。,1.0,e,左母指を他の4指で握り込み、手関節を尺屈させると疼痛が誘発される（finkelsteinテスト陽性）ことから、de quervain症候群が最も考えやすい。調理師という職業も、de quervain症候群のリスク因子となる。,1.0,ERROR,Expecting value: line 1 column 1 (char 0),e,de quervain症候群は、母指の伸筋腱（長母指外転筋腱と短母指伸筋腱）の腱鞘炎で、以下の特徴が一致します：,0.9,
119A40,65歳の男性。2時間前に胃癌に対して手術を受けた。帰室時、心拍数は80台/分で経過していた。5分前から腹腔ドレーンより血性体液が急激に流出した。現在、心拍数140/分、整。血圧82/48mmHg。呼吸数16/分。SpO2100%(マスク5L/分酸素投与下)。投与する輸液の組成で適切なのはどれか。 ,"a. Na⁺ 130 mEq/L, K⁺ 4 mEq/L, Cl⁻ 109 mEq/L, Lactate⁻ 28 mEq/L, ブドウ糖 0% | b. Na⁺ 77.5 mEq/L, K⁺ 30 mEq/L, Cl⁻ 59 mEq/L, Lactate⁻ 48.5 mEq/L, ブドウ糖 0% | c. Na⁺ 50 mEq/L, K⁺ 27 mEq/L, Cl⁻ 50 mEq/L, Lactate⁻ 14 mEq/L, ブドウ糖 17.5% | d. Na⁺ 35 mEq/L, K⁺ 20 mEq/L, Cl⁻ 35 mEq/L, Lactate⁻ 20 mEq/L, ブドウ糖 7.5% | e. Na⁺ 0 mEq/L, K⁺ 0 mEq/L, Cl⁻ 0 mEq/L, Lactate⁻ 0 mEq/L, ブドウ糖 5%",a,出血性ショック時の初期輸液としては、等張性で電解質バランスが生理的に近い乳酸リンゲル液(a)が適切であるため。,1.0,a,急性出血による循環不全が疑われるため、早急に血液量を補うことが必要です。この場合、ラ氏リンガー液（lactate ringer solution）が適しており、選択肢aがそれに該当します。ラ氏リンガー液はショック状態や出血時の初期治療に用いられることが一般的です。選択肢aは、na⁺とlactate⁻が含まれ、他の選択肢に比べて生理的に近い組成を持っています。,0.9,a,患者は術後の急性出血性ショックであり、迅速な循環血液量の補充が必要となる。オプション(a)は、na⁺ 130 meq/l、k⁺ 4 meq/l、cl⁻ 109 meq/l、lactate⁻ 28 meq/lというラクト酸リンゲル液の組成とほぼ一致しており、外科手術後の出血性ショックに適した輸液である。,1.0,a,術後出血による循環血液量減少性ショックを疑う。細胞外液補充液である乳酸リンゲル液（選択肢a）が適切である。,0.9,ERROR,Expecting value: line 1 column 1 (char 0),a,この症例は術後出血によるショック状態を呈しています。このような急性出血性ショックの場合、細胞外液補充液（乳酸リンゲル液など）が最適です。選択肢aの電解質組成は乳酸リンゲル液に相当し、生理的な電解質バランスを保ちながら循環血液量を補充できます。他の選択肢は電解質バランスが生理的ではないか、ブドウ糖を含んでおり、出血性ショックの初期治療には適していません。,0.9,
119A41,35歳の女性。上腹部痛を主訴に来院した。以前から仕事で緊張すると、上腹部痛を感じることがあった。6か月前から責任のある仕事を任され、忙しくなるにつれて、食後すぐに満腹になることが多くなった。また食後に心窩部の痛みを感じることがある。身長158cm、体重46kg。体温36.1℃。脈拍88/分、整。血圧120/60mmHg。腹部は平坦、軟。腸雑音はやや亢進している。上腹部正中に軽度の圧痛を認める。尿検査と血液検査で異常を認めない。尿素呼気試験陰性。腹部超音波検査と上部消化管内視鏡検査で異常を認めない。治療薬はどれか。 ,a. NSAID | b. 酸分泌抑制薬 | c. ニトログリセリン | d. グルココルチコイド | e. グルカゴン類似ペプチド〈GLP-1〉,b,ヘリコバクター・ピロリ陰性で、器質的疾患の所見もなく機能性ディスペプシアが疑われるため、酸分泌抑制薬が選択される。,0.9,b,この患者はストレス関連の上腹部痛と早期満腹感の症状を示しています。検査で異常が認められないことから、機能性ディスペプシアが疑われます。この疾患では、胃酸分泌の抑制を通じて症状の軽減が期待できるため、酸分泌抑制薬が適切な治療選択です。,0.9,b,この症例はストレス関連と食後の不快感・早期満腹感を呈する機能性消化不良が考えられ、内視鏡などで異常が認められないため、第一選択として酸分泌抑制薬（ppiなど）による治療が有効とされる。,1.0,b,症状から機能性ディスペプシアが疑われる。尿素呼気試験陰性であり、ピロリ菌感染は否定的。nsaidは症状を悪化させる可能性がある。ニトログリセリンは血管拡張作用があり、グルココルチコイドは炎症を抑える効果があるが、いずれも今回の症状に適さない。glp-1受容体作動薬は糖尿病治療薬であり、今回の症状には適さない。酸分泌抑制薬は胃酸分泌を抑制し、症状の緩和に役立つ可能性がある。,0.9,ERROR,Expecting value: line 1 column 1 (char 0),b,この症例は機能性ディスペプシアの特徴を示しています。仕事のストレスと関連した上腹部痛、早期満腹感、内視鏡検査で器質的異常がないことが特徴的です。機能性ディスペプシアの治療には、酸分泌抑制薬（ppiやh2ブロッカー）が第一選択となります。他の選択肢は、症状や病態に適合せず、むしろ有害な可能性があります。,0.9,
119A42,25歳の男性。排尿時痛を主訴に来院した。昨日から強い排尿時痛と尿道口に膿性分泌物を認めるため受診した。定期的に性交渉を行うパートナーがいる。尿所見:蛋白(一)、糖(一)、沈渣に赤血球1~4/HPF、白血球100以上/HPF。Gram染色の鏡検でGram陰性双球菌を認める。この疾患で正しいのはどれか。 ,a. 潜伏期間は2~3週間である。 | b. パートナーの治療は不要である。 | c. 1回感染すると終生免疫を獲得する。 | d. ニューキノロン系抗菌薬を投与する。 | e. 確定診断には核酸増幅検査が用いられる。,e,淋菌感染症の確定診断には核酸増幅検査が有用であり，近年は第一選択検査となっているため。,0.9,e,この患者の症状と検査結果は、淋菌感染症を示唆しています。淋菌はgram陰性双球菌であり、尿道からの膿性分泌と排尿時痛が典型的な症状です。確定診断には核酸増幅検査（naat）が用いられることが多いです。他の選択肢は淋菌感染症の説明として正しくありません。,0.9,e,本症例は淋菌感染による尿道炎であり、確定診断には核酸増幅検査（naat）が用いられる。他の選択肢は誤りで、aは潜伏期間が通常2～7日程度である、bは性行為者の治療が必要、cは再感染可能で終生免疫は得られない、dは近年耐性菌の増加によりニューキノロン系抗菌薬は推奨されない。,1.0,e,グラム陰性双球菌が認められることから淋菌感染症が疑われる。淋菌感染症の確定診断には核酸増幅検査（naat）が用いられる。,1.0,ERROR,Expecting value: line 1 column 1 (char 0),d,この症例は淋菌性尿道炎の典型的な症状と所見を示しています。gram陰性双球菌の存在は淋菌感染を示唆し、治療にはニューキノロン系抗菌薬が第一選択となります。潜伏期間は3-7日程度で、パートナーの治療は必須です。また、再感染は可能で終生免疫は獲得しません。核酸増幅検査は使用されますが、gram染色での診断も可能です。,0.9,
119A43,"8か月の女児。発熱と右下肢を動かさなくなったことを主訴に来院した。2日前から寝返りをしなくなり、おむつ交換の際に痛がるようになった。昨夜39.1℃の発熱があり、今朝から右下肢を動かさなくなったため受診した。身長67.5cm、体重8,100g。体温38.9℃。右下肢を他動的に動かすと痛がり、啼泣する。赤沈42mm/1時間。血液所見:Hb11.2g/dL、白血球18,500(桿状核好中球15%、分葉核好中球70%、好酸球1%、好塩基球1%、単球2%、リンパ球12%)、血小板37万。CRP15mg/dL。股関節のエックス線写真(別冊No.16A)と股関節単純MRIの脂肪抑制T2強調冠状断像(別冊No.16B)とを別に示す。行うべき対応はどれか。 ",a. 牽引治療 | b. 切開排膿術 | c. NSAID投与 | d. 股関節ギプス固定 | e. グルココルチコイドの股関節内注入,b,高熱・強い股関節痛・炎症所見の上昇などから化膿性股関節炎が疑われ、緊急の排膿・洗浄が必要となるため。,1.0,b,本症例は幼児において、右下肢の痛みと発熱、および特に炎症反応（高いcrp値と白血球増加）が見られます。これらは通常、感染症を示唆しています。mri画像では、化膿性関節炎による炎症が示されている可能性があります。化膿性股関節炎では、早急な切開排膿術が必要です。このため、適切な対応は選択肢bの切開排膿術です。,0.9,b,患児は高熱、局所の激しい疼痛、可動域制限および血液検査での炎症所見が認められ、股関節の化膿性関節炎が強く疑われる状況です。化膿性関節炎の場合、早急な感染源の除去が必要となるため、切開排膿術が最も適切な対応となります。,1.0,b,画像所見と臨床症状から化膿性股関節炎が疑われるため、起炎菌の特定と排膿を目的とした切開排膿術が適切である。,0.9,ERROR,Expecting value: line 1 column 1 (char 0),b,この症例は化膿性股関節炎の典型的な所見を示しています。発熱、関節の疼痛、運動制限、血液検査での炎症反応の上昇（白血球増多、crp上昇）が特徴的です。化膿性股関節炎は早期の適切な治療が必要で、関節内の膿瘍を速やかに排除するために切開排膿術が最も適切な治療法です。保存的治療では関節の破壊が進行するリスクが高く、抗菌薬治療と併せて外科的なドレナージが必要です。,0.9,
119A44,"76歳の女性。息切れを主訴に救急車で搬入された。2日前から風邪気味で食欲が低下していた。夜間に座位で呼吸が苦しそうなところを家族が気付き、救急車を要請した。既往歴に高血圧症があり、降圧薬を服薬している。意識は清明。身長150cm、体重38kg。体温35.8℃。心拍数92/分、整。血圧164/92mmHg。呼吸数24/分。SpO295%(リザーバー付マスク10L/分酸素投与下)。全身にるいそうを認める。眼瞼結膜に軽度の貧血を認める。頸静脈の怒張を認める。心音に異常は認めず、肺野背側下部にcoarse cracklesを聴取する。腹部は平坦、軟で、肝·脾を触知しない。四肢に冷感を認める。下肢に軽度の浮腫を認める。血液所見:赤血球415万、Hb9.8g/dL、Ht40%、白血球9,200、血小板15万。血液生化学所見:アルブミン2.8g/dL、総ビリルビン1.1mg/dL、AST26U/L、ALT30U/L、CK82U/L(基準41~153)、尿素窒素18mg/dL、クレアチニン1.2mg/dL、血糖84mg/dL、HbAlc6.2%(基準4.9~6.0)、Na132mEq/L、K4.0mEq/L、BNP422pg/mL(基準18.4以下)。CRP2.4mg/dL。心電図でⅠ度房室ブロックを認める。胸部エックス線写真で心胸郭比56%、肺うっ血を認める。心エコー検査で、軽度の全周性の心肥大を認めるが、左室駆出率は65%と正常である。入院後、5日間で病状は落ち着いてきており、食事は摂取出来ている。体重36kg。脈拍60/分、整。血圧130/80mmHg。SpO297%(roomair)である。この患者に対する治療で適切なのはどれか。 ",a. 輸血 | b. 酸素療法 | c. β遮断薬の内服 | d. 高カロリー輸液 | e. 心臓リハビリテーション,e,hfpef(駆出率の保たれた心不全)で症状が落ち着いているこの段階では、心臓リハビリテーションによる運動耐容能や生活の質の向上が適切な管理法となるため。,0.9,e,患者は心不全の徴候（肺うっ血、頸静脈怒張、下肢の浮腫など）を示しており、症状は入院後に改善している。心エコー結果から左室機能は正常であり、β遮断薬も適応となるが、患者は高齢であるため心臓リハビリテーションがより適切と考えられる。リハビリにより心機能を維持し、運動耐性を改善することが期待できる。,0.9,e,急性期の心不全エピソードを経て、患者は現在安定しており、急性治療は不要です。今後は、運動耐容能や活動レベルの向上、再発予防を目的として心臓リハビリテーションによる生活機能の改善が推奨されるため、これが適切な治療となります。,1.0,e,,0.7,ERROR,Expecting value: line 1 column 1 (char 0),e,この患者は拡張不全型心不全の状態から改善傾向にあります。現在は急性期を脱し、room airでspo2が97%と安定し、血圧も適切にコントロールされています。この段階では、心臓リハビリテーションを開始して、身体機能の回復と再発予防を図ることが最適です。他の選択肢については、輸血は貧血が軽度で緊急性がなく、酸素療法は既に不要、β遮断薬は現時点での適応がなく、高カロリー輸液は経口摂取が可能なため不要です。,0.9,
119A45,37歳の男性。人が変わったように多弁になっていることを心配した妻に付き添われて来院した。既往歴にてんかんがあるが、最後のけいれん発作は18歳で以降の服薬歴はない。15歳時、カルバマゼピンを服用してから2週間後に40℃の発熱、体表面の30%以上の紅斑とびらん、及び口腔内全体と陰部にびらんを生じ、服用を中止したことがある。26歳時にうつ状態となり精神科の通院歴がある。大学卒業後に現在の会社に就職し、業績を評価され1か月前に課長に昇進した。その直後から、高級な服を複数新調し、次々と企画を立て、元々は無口であったが陽気に話し続けるようになった。意識は清明。身長172cm、体重54kg(1か月前は57kg)。バイタルサイン、血液検査、生化学検査および甲状腺機能検査に異常を認めない。治療薬はどれか。 ,a. ジアゼパム | b. イミプラミン | c. 炭酸リチウム | d. フェニトイン | e. カルバマゼピン,c,以前カルバマゼピンで重篤な皮疹を起こしており使用できず、他の選択肢は双極性障害の躁状態の第一選択薬にならないため、炭酸リチウムが最適となる。,1.0,c,この症例は、突然の多弁、社交性の増加、買い物の増加といった症状から、躁病エピソードを示唆しています。躁病の治療には気分安定薬が適していますが、カルバマゼピンは過去の重篤な薬疹のエピソードのため避けるべきです。炭酸リチウムは気分安定薬として適切な選択であるため、選択肢cが正しい回答です。,0.9,c,この患者はうつ病既往と今回の多弁で見られる躁状態から、双極性障害の躁エピソードと考えられる。躁病治療の第一選択は炭酸リチウムであり、また過去にカルバマゼピンによる重篤な皮膚反応歴があるため、他の選択肢は不適切です。,1.0,c,多弁、高級な服の購入、次々と企画を立てるなどの症状から躁状態が考えられる。双極性障害の可能性が高く、炭酸リチウムが治療薬として適切である。カルバマゼピンは過去に重篤な皮膚症状を引き起こしているため避けるべき。,0.9,ERROR,Expecting value: line 1 column 1 (char 0),c,この症例は双極性障害の躁病エピソードと考えられます。昇進という環境変化をきっかけに、多弁、浪費、活動性の増加、体重減少などの典型的な躁症状が出現しています。また、過去にうつ病の既往もあります。炭酸リチウムは双極性障害の第一選択薬であり、躁症状の治療と予防に効果的です。カルバマゼピンは薬疹の既往があり禁忌、他の選択肢は躁病の治療には適していません。,0.9,
119A46,48歳の女性。ふらつきと複視を主訴に来院した。10日前に38℃の発熱と咽頭痛が出現したため、自宅近くの診療所で総合感冒薬の処方を受け、7日前に症状が改善した。2日前からテレビの画面が二重に見えることに気付いた。昨日から歩行時にふらついて転びそうになることが増えてきたため受診した。意識は清明。体温36.5℃。脈拍68/分、整。血圧120/68mmHg。心音と呼吸音とに異常を認めない。神経診察では、両眼とも垂直、水平方向の眼球運動制限を認め、正面視以外で複視を自覚する。眼振は認めない。四肢筋力は正常だが、四肢腱反射はすべて消失している。Babinski徴候は陰性。膝踵試験は両側とも拙劣で、歩行は可能だが歩隔は広く不安定である。感覚障害は認めない。尿所見と血液所見に異常を認めないこの患者と同様の発症機序と考えられるのはどれか。 ,a. 重症筋無力症. | b. 多発性硬化症 | c. 進行性核上性麻痺 | d. Guillain-Barré症候群 | e. 筋萎縮性側索硬化症〈ALS〉,d,感染後の自己免疫反応による急性炎症性脱髄性病変という発症機序が共通するため。,1.0,d,患者は急性の眼球運動障害と歩行障害を呈しており、特に両眼の眼球運動制限と四肢腱反射の消失が特徴的です。これらはguillain-barré症候群（gbs）の典型的な症状であり、多くの場合、感染後に発症します。患者は10日前に咽頭痛と発熱があり、その後に神経症状が出現したため、gbsの発症に関連する可能性が高いと考えられます。,0.9,d,この症例は、発熱後の感染に続いて眼筋麻痺、運動失調、腱反射消失が認められるmiller fisher症候群の所見と一致しており、これはguillain-barré症候群の一変異です。,1.0,d,四肢腱反射の消失、運動失調、眼球運動障害からguillain-barré症候群の亜型であるfisher症候群が考えられる。先行感染から発症することも矛盾しない。,0.95,ERROR,Expecting value: line 1 column 1 (char 0),d,この症例はguillain-barré症候群の典型的な経過を示しています。先行する感染症（咽頭炎）の後、約1-2週間で神経症状（複視、運動失調、腱反射消失）が出現しており、特に四肢腱反射の消失は特徴的です。他の選択肢の疾患では、このような急性の経過と先行感染後の発症パターンは一般的ではありません。,0.9,
119A47,"70歳の男性。全身倦怠感を主訴に来院した。2週間前から全身倦怠感が持続し、2日前に家族から顔色不良を指摘されたため受診した。眼瞼結膜は貧血様で、眼球結膜に黄染を認めない。腹部は平坦、軟で、肝·脾を触知しない。皮膚に点状出血や皮疹を認めない。血液所見:赤血球170万、Hb5-2g/dL、Ht15%、網赤血球5%、白血球2,800(芽球0%、分葉核好中球30%、好酸球1%、単球2%、リンパ球67%)、血小板8.8万。血液生化学所見:総蛋白6.7g/dL、アルブミン3.6g/dL、総ビリルビン0.7mg/dL、AST26U/L、ALT22U/L、LD140U/L(基準124~222)、尿素窒素14mg/dL、クレアチニン0.6mg/dL、Fe80μg/dL、総鉄結合能〈TIBC〉300μg/dL(基準290~390)、フェリチン110ng/mL(基準20~120)、エリスロポエチン10mIU/mL(基準4.2~23.7)』骨髄は過形成で、骨髄塗抹標本での芽球割合は0.3%で3系統の造血細胞に異形成を高頻度に認めた。骨髄細胞の染色体は正常核型であった。適切な治療はどれか。 ",a. 血漿交換 | b. 赤血球輸血 | c. グルココルチコイド投与 | d. トロンボポエチン受容体作動薬投与 | e. 顆粒球コロニー刺激因子〈G-CSF〉投与,b,骨髄異形成症候群（mds）による重度の貧血が主症状であり、まず対症的に赤血球輸血が適切と考えられるため。,1.0,b,患者は全身倦怠感と貧血を主訴にしており、血液所見から重度の貧血が確認されます。骨髄検査では過形成が見られ、3系統の異形成が高頻度にあるとのことから、骨髄異形成症候群（mds）が疑われます。この状況では、最も効果的かつ適切な治療は赤血球輸血です。選択肢の中で貧血を直接的に改善する手段は赤血球輸血であり、それによって患者の症状が改善されると考えられます。他の選択肢はこの症状に対して適切ではありません。,0.9,b,この患者は高齢で骨髄過形成、3系統にわたる造血細胞の異形成、低芽球割合から、低リスク型の骨髄異形成症候群（mds）と考えられます。全身倦怠感と著しい貧血（hb 5.2g/dl）を呈しており、症状の改善のためには支持療法としての赤血球輸血が適切です。その他の選択肢はmdsの治療に適合しません。,1.0,b,,0.9,ERROR,Expecting value: line 1 column 1 (char 0),b,この症例は、3系統の血球減少と骨髄異形成を伴う骨髄異形成症候群(mds)と考えられます。hbが5.2g/dlと重度の貧血を呈しており、全身倦怠感の原因となっています。急性期の症状改善には赤血球輸血が最も適切な治療選択となります。他の選択肢（血漿交換、ステロイド、tpo受容体作動薬、g-csf）はmdsの標準的な初期治療としては適切ではありません。,0.9,
119A48,53歳の男性。肺癌の手術のため入院中である。3日前に右上葉肺癌に対して右肺上葉切除術を行った。術後、胸腔ドレーンからの空気漏れは認めず、昨日、胸腔ドレーンを抜去した。本日、排便時にいきんだところ、呼吸困難が出現した。体温36.6℃。脈拍80/分、整。血圧128/76mmHg。呼吸数16/分。SpO294%(roomair)。胸部エックス線写真(別冊No.17)を別に示す。この患者でみられる身体所見はどれか。 ,a. 動揺胸郭 | b. 頸部の発赤 | c. 腹部の圧痛 | d. 右側胸部の熱感 | e. 右側胸部の握雪感,e,排便時のいきみにより胸腔内圧が上昇し、胸壁や皮下に空気が漏れた結果、右側胸部の皮下気腫（握雪感）が触知されるため。,0.9,e,この患者は右上葉切除術後に呼吸困難を感じており、特に排便時にいきんだときに症状が出現しています。これから考えられるのは、胸腔内の空気もれによる気腫の可能性が高いです。胸部エックス線写真により、皮下気腫が確認されることがあります。皮下気腫は、圧迫時に握雪感を生じるため、「e. 右側胸部の握雪感」が適切な選択です。,0.9,e,術後の胸腔ドレーン除去後、排便時のバルサルバ行為により、残存する肺の微小な空気漏れが亢進し、皮下への空気漏出（気胸も含む可能性がある）につながります。これにより、右側胸部で押すと雪を握るような触感（握雪感＝サブキュタニアス・エンファシー）が認められるため、eが正解です。,1.0,e,胸部x線写真から皮下気腫を疑う所見があり、触診で握雪感がみられる可能性が高い。,0.9,ERROR,Expecting value: line 1 column 1 (char 0),e,この症例は、術後に排便時の努責で生じた気胸が強く疑われます。胸部エックス線写真で右側の気胸が確認でき、気胸の典型的な身体所見として、患側（右側）胸部の握雪感（皮下気腫による捻髪音）が認められます。他の選択肢（動揺胸郭、頸部発赤、腹部圧痛、熱感）は気胸の典型的な所見ではありません。,0.9,
119A49,30歳の経産婦(2妊1産)。妊娠20週、妊婦健康診査のために来院した。妊娠初期の経腟超音波像(別冊No.18)を別に示す。妊娠17週で2児の羊水量に差を認めたため、それ以降週1回の外来通院で経過観察されていた。胎児超音波検査で、第1児に羊水過多と胎児水腫を認め、第2児に羊水過少を認めた。この疾患の原因はどれか。 ,a. 骨髄 | b. 臍帯 | c. 子宮 | d. 胎盤 | e. 羊膜,d,双胎間輸血症候群は単一絨毛膜の胎盤内血管吻合によるため,1.0,d,"このケースは、双胎間輸血症候群（twin-to-twin transfusion syndrome, ttts）の典型的な例です。tttsの主要な原因は、双胎間での胎盤の血流不均衡によるものです。一方の胎児が供血して羊水過小に、もう一方が受血して羊水過多や胎児水腫になる状況がみられるため、この疾患の原因としては「胎盤」が最も適切です。",0.9,d,双胎間輸血症は、単絨毛性双胎における胎盤内の血管奇形による異常血液循環が原因です。胎児間で血液量が不均等に分配され、1胎では水腫や羊水過多、もう1胎では羊水過少となるため、原因は胎盤にあります。,1.0,d,提示された臨床像（妊娠20週、双胎妊娠、羊水量に差、第1児に羊水過多と胎児水腫、第2児に羊水過少）は、双胎間輸血症候群(twin-twin transfusion syndrome: ttts)を示唆する。tttsは、胎盤内の血管吻合を介して、一児から他児へ血液が一方的に移動することで起こる。そのため、原因として最も可能性が高いのは胎盤である。,0.9,ERROR,Expecting value: line 1 column 1 (char 0),b,これは双胎間輸血症候群(ttts)の典型的な症例です。第1児の羊水過多・胎児水腫と第2児の羊水過少という所見は、tttsの特徴的な所見です。tttsは一絨毛膜双胎において、臍帯血管吻合を介して供血児から受血児への一方向性の血流により発生します。したがって、原因は臍帯血管吻合である「臍帯」となります。,0.9,
119A50,63歳の男性。歩行時のふらつきを主訴に来院した。3年前から田んぼのあぜ道を歩くとふらついて転ぶことが多くなった。同時期から便秘と尿失禁がみられるようになった。徐々に歩行時のふらつきが悪化し、歩行器を使うようになった。最近、書字動作がしにくくなり、物が揺れて見えるようになった。既往歴に胃潰瘍がある。家族歴に特記すべきことはない。身長164cm、体重52kg。体温36.3℃。臥位での脈拍64/分、血圧124/62mmHg。立位直後の脈拍68/分、血圧82/50mmHg。胸部と腹部とに異常を認めない。頭部単純MRIのT2強調矢状断像(別冊No.19A)とT2強調水平断像(別冊No.19B)とを別に示す。この患者で認めるのはどれか。 ,a. Romberg徴候 | b. 動眼神経麻痺 | c. 膝踵試験拙劣 | d. 手袋靴下型温痛覚障害 | e. 固定姿勢保持困難〈asterixis>,c,小脳失調の所見として膝踵試験の拙劣がみられるため。,1.0,c,この症例は、歩行時のふらつき、便秘、尿失禁、書字動作の困難、物が揺れて見えるといった症状から、多系統萎縮症（msa）を考えることができる。立位での大幅な血圧低下は、自律神経障害を示唆しており、多系統萎縮症に伴う可能性がある。小脳機能障害の症状として、膝踵試験の拙劣が見られることがあるため、選択肢cが最も適切であると考えられる。他の選択肢はこの症例の特徴には該当しない。,0.8,c,この患者は歩行時のふらつき、書字障害（微小筆字）および自律神経症状（起立性低血圧、便秘、尿失禁）を呈しており、複数の神経系が関与する多系統萎縮症（特にmsa-c型：小脳変性を呈するタイプ）が疑われます。msa-cでは小脳失調がみられ、膝踵試験が拙劣となるため、cが正解です。,1.0,a,mri画像から、脳室拡大（特に側脳室）と高位円蓋部くも膜下腔の拡大が見られる。これらの所見と、歩行障害、尿失禁、認知機能障害（書字困難から示唆）から、正常圧水頭症が疑われる。正常圧水頭症では、romberg徴候が陽性になることが多い。,0.8,ERROR,Expecting value: line 1 column 1 (char 0),c,この症例は多系統萎縮症(msa)が強く疑われます。症状として、起立性低血圧（臥位と立位の血圧差が大きい）、歩行障害、小脳症状（ふらつき、物が揺れて見える）、自律神経症状（便秘、尿失禁）が認められます。小脳症状の一つとして、膝踵試験拙劣が特徴的な所見となります。mri所見でも小脳萎縮を示唆する所見が認められると推測されます。,0.9,
119A51,"10歳の女児。腹痛を主訴に両親に連れられて来院した。今朝から腹痛が出現し、次第に増強してきたため受診した。3歳時に遺伝性球状赤血球症と診断され、小児科で定期的な診察を受けていた。体温37.2℃。脈拍100/分、整。血圧110/58mmHg、呼吸数16/分。皮膚は黄染を認める。腹部は右季肋部に圧痛を認め、左肋骨弓下に脾を4cm触知する。血液所見:赤血球320万、Hb9.2g/dL、Ht33%、白血球9,500、血小板20万。血液生化学所見:総ビリルビン22.3mg/dL、直接ビリルビン15.8mg/dL、AST125U/L、ALT647U/L、Y-GT313U/L(基準9~32)。CRP0.9mg/dL。腹部単純CT水平断像(別冊No.20A)と腹部造影CT冠状断像(別冊No.20B)を別に示す。適切な処置はどれか。 ",a. 血漿交換 | b. 光線療法 | c. 脾臓摘出術 | d. 腹腔鏡下胆囊摘出術 | e. 内視鏡的胆管ドレナージ,e,遺伝性球状赤血球症による胆石症で総胆管結石が疑われ、直接ビリルビン優位の高度黄疸と肝酵素上昇をきたしているため、まずは内視鏡的胆管ドレナージによる胆道の減圧・結石除去が適切となる。,0.9,d,この10歳の女児は遺伝性球状赤血球症を有し、右季肋部の圧痛と高い直接ビリルビン値から、胆石による胆囊炎や胆管炎の可能性が高いです。遺伝性球状赤血球症ではビリルビン胆石ができやすく、胆道系の問題を起こすことが多いです。このような場合は、胆嚢摘出術が適切な処置となります。他の選択肢はこの疾患と症状の組み合わせに対応していません。脾臓摘出術は遺伝性球状赤血球症の治療法として知られていますが、この急性の腹痛に対する処置としては不適です。,0.9,e,この女児は遺伝性球状赤血球症の既往があり、慢性の溶血によりピグメント（胆汁色素）性胆石の形成リスクが高いです。今回、右季肋部痛と黄疸、さらに血液検査で総ビリルビン・直接ビリルビン、alt、y-gtの著明な上昇が認められ、これは胆管内に胆石が移動して胆管閉塞を引き起こしていることを示唆します。腹部ct所見も胆管閉塞を支持していると考えられるため、即時の胆道ドレナージ（内視鏡的胆管ドレナージ：ercp）が適切な処置となります。,1.0,d,"画像所見と臨床所見から、胆石による胆管閉塞が疑われる。遺伝性球状赤血球症による溶血性貧血のため胆石ができやすい。総ビリルビン、直接ビリルビン高値、ast, alt, γ-gtの上昇も胆管閉塞を示唆する。腹腔鏡下胆嚢摘出術が適切である。",0.9,ERROR,Expecting value: line 1 column 1 (char 0),d,この症例は遺伝性球状赤血球症の患者で、胆石症による急性胆囊炎を発症していると考えられます。遺伝性球状赤血球症では溶血により胆石が形成されやすく、ctで胆囊の腫大と胆石が確認できます。症状と検査所見（右季肋部痛、黄疸、肝胆道系酵素の上昇）も急性胆囊炎に合致します。このような場合、腹腔鏡下胆囊摘出術が標準的な治療となります。,0.9,
119A52,"63歳の男性。左腰背部痛を主訴に来院した。昨日、突然、左腰背部に痛みが出現した。痛みが改善しないため受診した。体温36.8℃。脈拍112/分、不整。血圧156/102mmHg。呼吸数16/分。心音と呼吸音とに異常を認めない。左肋骨脊柱角に叩打痛を認める。尿所見:蛋白2+、糖1+、潜血1+、沈渣に赤血球10~20/HPF、白血球1~4/HPF、細菌(一)。血液所見:赤血球522万、Hb17.0g/dL、Ht49%、白血球12,200、血小板15万、Dダイマー10μg/mL(基準1.0以下)。血液生化学所見:総蛋白7.3g/dL、アルブミン4.2g/dL、AST76U/L、ALT113U/L、LD750U/L(基準124~222)、ALP132U/L(基準38~113)、y-GT84U/L(基準13~64)、尿素窒素13mg/dL、クレアチニン1.3mg/dL、尿酸7.2mg/dL、血糖139mg/dL、HbAlc7.3%(基準4.9~6.0)、総コレステロール238mg/dL、トリグリセリド183mg/dL、Na135mEq/L、K3.8mEq/L、C199mEq/L。CRP2.0mg/dL。12誘導心電図で心房細動を認める。胸腹部造影CTの水平断像(別冊No.21A)と冠状断像(別冊No.21B)とを別に示す。この患者の病態の原因で考えられるのはどれか。 ",a. 高血圧 | b. 糖尿病 | c. 腎盂腎炎 | d. 心房細動 | e. 脂質異常症,d,心房細動からの塞栓による左腎梗塞が原因と考えられるため。,0.9,c,この患者は左腰背部痛と、尿所見で潜血や白血球が認められること、さらに左肋骨脊柱角に叩打痛があることから、腎盂腎炎が最も疑われます。心房細動は関係があるかもしれませんが、主要な原因とは考えにくいです。他の選択肢は病態の直接的な原因とはなりにくいことから、腎盂腎炎が妥当と考えました。,0.9,d,この患者は突然の左腰背部痛、左肋骨脊柱角の叩打痛、尿中の血液・蛋白、そして血液検査でのdダイマー上昇が認められ、胸腹部造影ctでも腎実質の虚血性変化が示唆されます。さらに、心電図で心房細動が認められることから、心房内で形成された血栓が腎動脈へ塞栓し、腎梗塞を引き起こしたと考えられるため、最も適する原因は心房細動です。,1.0,d,ct画像で腎梗塞が疑われ、心房細動による血栓が原因として考えられる。,0.9,ERROR,Expecting value: line 1 column 1 (char 0),d,この症例は腎梗塞の典型的な所見を示しています。その原因として最も可能性が高いのは心房細動です。根拠として：,0.9,
119A53,"65歳の男性。全身倦怠感を主訴に来院した。2か月前の健康診断では腎機能障害の指摘はなかった。2週間前に細菌性肺炎のため、自宅近くの診療所で1週間の抗菌薬治療を受けた。肺炎は改善したが、3日前から全身倦怠感と尿量の減少を自覚している。身長170cm、体重62kg。体温36.5℃。脈拍72/分、整。血圧136/82mmHg。尿所見:蛋白(土)、糖1+、潜血(一)、沈渣に白血球10~19/HPF。β2-マイクログロブリン35,200μg/L(基準200以下)。血液所見:赤血球410万、Hb13.2g/dL、Ht38%、白血球9,200。血液生化学所見:総蛋白8.4g/dL、アルブミン4.2g/dL、尿素窒素36mg/dL、クレアチニン2.4mg/dL、血糖98mg/dL、HbAlc5.2%(基準4.9~6.0)。免疫血清学所見:抗核抗体陰性、C396mg/dL(基準52~112)、C430mg/dL(基準16~51)、ASO200単位(基準250以下)、MPO-ANCA陰性、PR3-ANCA陰性。最も考えられる疾患はどれか。 ",a. 膜性腎症 | b. 糖尿病腎症 | c. 急性間質性腎炎 | d. 急性糸球体腎炎 | e. 急速進行性糸球体腎炎,c,抗菌薬使用後の急性の腎機能障害と尿中β2-マイクログロブリンの著明上昇、尿沈渣での白血球増加から急性間質性腎炎が最も疑われるため。,0.9,c,患者は急性の腎機能障害と尿量の減少を呈しており、尿沈渣に白血球が多数認められます。これは急性間質性腎炎の特徴と一致します。抗菌薬の使用歴があり、これは急性間質性腎炎の原因となることがあります。他の選択肢では、この病歴や尿所見に合わないため最も可能性が高いのは急性間質性腎炎です。,0.9,c,最近の抗菌薬治療に起因する薬剤性急性間質性腎炎と考えられる。尿中β2‐マイクログロブリンの大幅な上昇や尿沈渣の白血球増加が、近位尿細管障害・間質炎症の所見であり、他の選択肢（膜性腎症、糖尿病腎症、急性・急速進行性糸球体腎炎）とは臨床像が一致しないため。,0.95,c,抗菌薬使用後の腎機能障害、尿所見（蛋白尿、白血球尿）、高値のβ2-マイクログロブリン血症から、薬剤性急性間質性腎炎が最も疑わしい。,0.9,ERROR,Expecting value: line 1 column 1 (char 0),c,以下の理由から急性間質性腎炎が最も考えられます：,0.9,
119A54,46歳の女性。人間ドックで血液検査の異常を指摘され、精査のため来院した。自覚症状はない。身長166cm、体重59kg。脈拍72/分、整。血圧126/82mmHg。血液生化学所見:アルブミン4.4g/dL、尿素窒素11mg/dL、クレアチニン0.5mg/dL、Na142mEq/L、K4.2mEq/L、C1104mEq/L、Ca11.2mg/dL、P3.4mg/dL、副甲状腺ホルモン102pg/mL(基準10~60)。頸部超音波像(別冊No.22)を別に示す。この疾患で正しいのはどれか。 ,a. 白内障を合併しやすい。 | b. 全身性の骨軟化症がみられる。 | c. 異所性ホルモン産生腫瘍である。 | d. 尿中カルシウム排泄率は増加する。 | e. 甲状腺癌に関連するカルシウム異常である。,d,原発性副甲状腺機能亢進症では高カルシウム血症により尿中への排泄が増加するため。,0.9,d,この患者は高カルシウム血症と副甲状腺ホルモン（pth）の上昇が見られ、副甲状腺機能亢進症が疑われます。この状態では、腎臓からのカルシウムの再吸収が増加し、尿中カルシウム排泄率が増加することがあります。他の選択肢は副甲状腺機能亢進症の典型的な特徴ではありません。,0.9,d,この症例は原発性副甲状腺機能亢進症であり、高カルシウム血症により尿中へのカルシウム排泄が増加するため。その他の選択肢は該当疾患の特徴とは異なる。,1.0,a,副甲状腺ホルモン(pth)高値と高カルシウム血症から原発性副甲状腺機能亢進症が考えられる。頸部超音波像で腫瘍が認められることから、腺腫による可能性が高い。原発性副甲状腺機能亢進症では、高カルシウム血症により白内障を合併しやすい。,0.9,ERROR,Expecting value: line 1 column 1 (char 0),d,この症例は原発性副甲状腺機能亢進症の典型的な所見を示しています。血清カルシウム高値（11.2mg/dl）、副甲状腺ホルモン高値（102pg/ml）が特徴的です。原発性副甲状腺機能亢進症では、副甲状腺ホルモンの過剰分泌により、腎臓でのカルシウム再吸収が抑制され、尿中カルシウム排泄が増加します。他の選択肢は誤りで、特にこの疾患では骨軟化症ではなく骨粗鬆症を引き起こし、異所性腫瘍でもなく、通常は副甲状腺腺腫が原因です。,0.9,
119A55,"72歳の女性(4妊2産)。多量の性器出血を主訴に救急車で搬入された。2年前から帯下の増量と不正性器出血を自覚していたが、家族には相談していなかった。3か月前から、出血量が増え、めまいも出現した。今朝トイレで多量の性器出血があり、家族が救急車を要請した。意識は清明。身長152cm、体重48kg。体温37.8℃。心拍数100/分、整。血圧110/74mmHg。腟鏡診で子宮頸部に易出血性の腫瘤を認めた。内診では腫瘤の可動性は不良で、両側で骨盤壁に及ぶ子宮傍結合組織浸潤を認めた。血液所見:赤血球238万、Hb6.9g/dL、Ht28%、白血球10,300、血小板21万。血液生化学所見:総蛋白5.9g/dL、アルブミン2.4g/dL、総ビリルビン0.9mg/dL、AST30U/L、ALT26U/L、LD250U/L(基準124222)、尿素窒素60mg/dL、クレアチニン2.8mg/dL、Na138mEq/L、K5.4mEq/L、C1105mEq/L、CEA3.8ng/mL(基準5以下)、CA12528U/mL(基準35以下)、SCC9.8ng/mL(基準1.5以下)。CRP5.7mg/dL。子宮頸部組織診で扁平上皮癌と診断された。胸腹部単純CTで子宮頸部に径5cmの腫瘍を認め、遠隔転移を認めない。この患者にまず行うべき治療はどれか。 ",a. 放射線治療 | b. 血管新生阻害薬 | c. 広汎子宮全摘出術 | d. シスプラチン動注 | e. 免疫チェックポイント阻害薬,a,骨盤壁への浸潤がある子宮頸がんiiib期相当であり，手術適応ではなく放射線（化学放射線）療法が第一選択となるため。,1.0,a,患者の症例は、子宮頸癌でかなり進行しており（骨盤壁への浸潤を認めている）、遠隔転移がないことから、広汎子宮全摘出術は難しいです。骨盤への浸潤があるため、手術よりもまずは放射線治療が適応されるケースが多いです。放射線治療は局所進行した子宮頸癌に対して標準的な治療法です。,0.9,a,この患者は子宮頸部扁平上皮癌であり、内診所見から骨盤壁まで及ぶ子宮傍結合組織浸潤が認められるため、figo分類で進行例（iiib相当）と考えられる。進行子宮頸がんでは、標準治療は放射線治療を基本とした併用化学放射線療法であるが、本例は腎機能障害（クレアチニン2.8mg/dl）のため、腎毒性のあるシスプラチンの併用は困難である。従って、まずは放射線治療を行うのが適切である。,1.0,a,子宮頸癌の進行期であり、手術適応からは外れる。遠隔転移がないため、放射線治療が適切な初期治療となる。sccが高値であることも扁平上皮癌を示唆する。,0.9,ERROR,Expecting value: line 1 column 1 (char 0),a,この症例は以下の理由から放射線治療が最適です：,0.9,
119A56,"56歳の女性。見当識障害を主訴に家族に付き添われて来院した。1週間前から37℃台の発熱が続き、昨日から自宅のトイレの場所が分からなくなった。下痢と血便はない。意識レベルはJCSI-2。体温37.8℃。脈拍88/分、整。血圧144/88mmHg。両下肢に点状出血を認める。眼瞼結膜は貧血様で、眼球結膜に軽度黄染を認める。胸骨左縁第3肋間を最強点とするLevine-2/6の収縮期雑音を聴取する。呼吸音に異常を認めない。尿所見:蛋白2+、潜血2+。血液所見:赤血球230万、Hb7.1g/dL、Ht20%、網赤血球5%、白血球8,890、血小板2.1万。末梢血塗抹標本で破砕赤血球を認める。PT-INR1.0(基準0.9~1.1)、APTT27.6秒(基準対照32.2)、FDP9μg/mL(基準10以下)。血液生化学所見:総ビリルビン2.9mg/dL、直接ビリルビン0.7mg/dL、AST48U/L、ALT42U/L、LD1,025U/L(基準124~222)、尿素窒素50mg/dL、クレアチニン1.9mg/dL。CRP0.8mg/dL。直ちに行うべき治療はどれか。 ",a. 血漿交換 | b. 血小板輸血 | c. 抗菌薬投与 | d. ヘパリン投与 | e. トロンボポエチン受容体作動薬投与,a,破砕赤血球を伴う貧血と血小板減少、神経症状を示す典型的なttpの所見であり，直ちに血漿交換を行う必要があるため。,1.0,a,この患者は、血管内での破砕赤血球の存在、貧血、血小板減少、腎機能障害、および神経症状があるため、血栓性血小板減少性紫斑病（ttp）が疑われます。ttpの治療としては、血漿交換が第一選択となります。,0.9,a,この症例は、微小血管性溶血性貧血（破砕赤血球、上昇ldh、低hb）、著明な血小板減少、神経症状、腎障害、そして微熱というttpの五徴候（完全な五徴候は必ずしも認められないが特徴的）を示しており、直ちに生命救助措置として血漿交換が必要となる。,1.0,a,見当識障害、発熱、下痢・血便なし、意識レベル低下、両下肢の点状出血、貧血、軽度黄染、収縮期雑音、蛋白尿、血尿、著明な貧血(hb 7.1 g/dl)、血小板減少(2.1万)、破砕赤血球の存在、ldh上昇、腎機能障害(bun/cr上昇)から、溶血性尿毒症症候群(hus)または血栓性血小板減少性紫斑病(ttp)が疑われる。pt-inrとapttが正常範囲内であることから、播種性血管内凝固症候群(dic)の可能性は低い。hus/ttpに対しては、直ちに血漿交換療法を行うことが推奨される。血小板輸血は禁忌である。抗菌薬投与は、腸管出血性大腸菌感染によるhusが疑われる場合に行われることがあるが、本症例では下痢・血便がないため、優先度は低い。ヘパリン投与は、dicや血栓症に対して行われることがあるが、本症例では適応とならない。トロンボポエチン受容体作動薬は、特発性血小板減少性紫斑病(itp)などに用いられるが、本症例では適応とならない。,0.95,ERROR,Expecting value: line 1 column 1 (char 0),a,この症例は血栓性血小板減少性紫斑病（ttp）の典型的な症状を示しています。,0.9,
119A57,65歳の女性。胸痛を主訴に来院した。高血圧症、脂質異常症、糖尿病および骨粗鬆症に対してそれぞれ内服治療中である。2か月前から明け方に冷汗を伴う5~10分程度の胸部絞扼感を自覚している。日中の労作時には同様の症状はない。冠動脈CTでは器質的冠動脈狭窄を認めなかった。午前4時にいつもと同様の胸部絞扼感を認め、ニトログリセリンを舌下したところ数十秒後に症状は消失したが心配になり受診した。身長158cm、体重56kg。体温36.1℃、脈拍72/分、整。血圧138/80mmHg。呼吸数14/分。SpO298%(roomair)。心音と呼吸音とに異常を認めない。四肢に異常を認めない。血液生化学所見:AST28U/L、LD177U/L(基準124~222)、CK42U/L(基準41~153)、尿素窒素12mg/dL、クレアチニン0.6mg/dL、血糖118mg/dL、HbAlc6.7%(基準4.9~6.0)、トリグリセリド160mg/dL、HDLコレステロール31mg/dL、LDLコレステロール138mg/dL。心筋トロポニンT迅速検査陰性。この患者にアセチルコリン負荷冠動脈造影検査を実施するにあたり、検査結果に影響を与える薬剤はどれか。 ,a. スタチン | b. DPP-4阻害薬 | c. カルシウム拮抗薬 | d. ビスホスホネート製剤 | e. アンジオテンシン受容体拮抗薬〈ARB〉,c,カルシウム拮抗薬は冠動脈の攣縮を抑制する作用があるため、アセチルコリン負荷検査の結果に影響を与える。,1.0,c,アセチルコリン負荷冠動脈造影検査は、異型狭心症の診断のために使用されることがあります。この検査では冠動脈の反応を観察しますが、カルシウム拮抗薬は冠動脈を拡張させる作用があるため、検査の結果に影響を与える可能性があります。他の選択肢の薬剤は直接的にこの種の検査結果には影響を与えないと考えられます。,0.9,c,カルシウム拮抗薬は冠動脈の平滑筋を弛緩させ、冠血管スパズムの発現を抑制するため、アセチルコリン負荷検査の結果に大きな影響を与えます。その他の薬剤は直接的に冠血管反応性に影響を及ぼさないため、選択肢としてはcが正解です。,1.0,c,アセチルコリン負荷試験は、冠攣縮を誘発して診断する検査である。カルシウム拮抗薬は冠動脈を拡張させる作用があり、アセチルコリンによる冠攣縮を抑制する可能性があるため、検査結果に影響を与える。,0.9,ERROR,Expecting value: line 1 column 1 (char 0),c,アセチルコリン負荷冠動脈造影検査は冠攣縮性狭心症の診断に用いられます。カルシウム拮抗薬は冠攣縮を抑制する作用があるため、検査結果に影響を与える（偽陰性となる可能性がある）ため、検査前に中止する必要があります。他の薬剤（スタチン、dpp-4阻害薬、ビスホスホネート製剤、arb）は検査結果に直接的な影響を与えません。,0.9,
119A58,54歳の男性。下痢を主訴に来院した。2か月前から下痢が出現し軽快しないため受診した。便回数は1日に6~7回、便性状は泥状から水様であり、揚げ物を食べると脂肪便を認める。便に血液の付着はない。飲酒は日本酒6合/日を34年間。身長174cm、体重58kg。血圧132/70mmHg。腹部は平坦、軟で圧痛を認めない。腸雑音はやや亢進している。血液生化学所見:アミラーゼ28U/L(基準44~132)、空腹時血糖140mg/dL、CEA3.0ng/mL(基準5以下)、CA19-937U/mL(基準37以下)。腹部単純CT(別冊No.23)を別に示す。禁酒の指導に加え、この患者に対して行う対応はどれか。 ,a. 低脂肪食 | b. 利胆薬の投与 | c. 消化酵素薬の投与 | d. 酸分泌抑制薬の投与 | e. 体外衝撃波結石破砕術〈ESWL〉,c,長期大量飲酒による慢性膵炎によって外分泌不全が生じ、脂肪便をきたしているため、消化酵素薬の投与が適切と判断した。,1.0,c,この患者の症状は慢性膵炎と一致しており、脂肪便や消化不良があることから、膵酵素の不足が示唆されます。したがって、消化酵素薬の投与が適切です。,0.9,c,この患者は長期間の大量飲酒歴とct所見（慢性膵炎を示唆する所見）に加え、脂肪摂取後に脂肪便が出現していることから、膵外分泌不全による消化不良が考えられる。膵酵素の補充療法が適切な対応となる。,1.0,c,ct画像から膵臓に異常（膵石灰化や膵管拡張など）が疑われ、アルコール多飲歴もあることから慢性膵炎が考えられる。慢性膵炎による膵外分泌不全のため脂肪便を認めていると考えられるため、消化酵素薬の投与が適切。,0.9,ERROR,Expecting value: line 1 column 1 (char 0),c,この症例は慢性アルコール性膵炎が強く疑われます。長期大量飲酒歴、脂肪便、ctでの膵臓の石灰化所見、低アミラーゼ値が特徴的です。膵外分泌機能が低下しているため、消化酵素薬の投与が適切な治療となります。これにより、消化吸収障害の改善が期待できます。,0.9,
119A59,"69歳の女性。2週間前に受けた人間ドックの腹部超音波検査で胆囊の異常を指摘され精査目的で来院した。自覚症状はない。喫煙歴はない。飲酒は機会飲酒。家族歴に特記すべきことはない。身長164cm、体重57kg。心音と呼吸音とに異常を認めない。腹部に異常所見を認めない。血液所見:赤血球507万、Hb14.7g/dL、Ht45%、白血球6,180。血液生化学所見:総蛋白6.8g/dL、アルブミン3.9g/dL、総ビリルビン0.6mg/dL、AST16U/L、ALT14U/L、LD160U/L(基準124~222)、ALP61U/L(基準38~113)、Y-GT17U/L(基準9~32)、アミラーゼ51U/L(基準44~132)、尿素窒素12mg/dL、クレアチニン0.8mg/dL、CEA2.5ng/mL(基準5以下)、CA19-928U/mL(基準37以下)。CRP1.0mg/dL。腹部造影CTで胆囊内に腫瘤があり、精査のために行った超音波内視鏡検査の胆囊像(別冊No.24)を別に示す。この患者に行う治療はどれか。 ",a. 胆囊摘出術 | b. 放射線治療 | c. 利胆薬投与 | d. 薬物による抗癌治療 | e. 超音波検査による経過観察,a,画像所見や腫瘍の存在から胆囊病変が疑われ、悪性の可能性を否定できないため胆囊摘出術が適切と判断される。,0.9,a,患者は無症状ですが、腹部造影ctで胆囊内に腫瘤が認められているため、悪性の可能性が考えられます。無症候性でも胆囊に腫瘍が認められた場合は、胆嚢癌のリスクを考慮して、一般的には胆囊摘出術が推奨されます。他の治療法は、腫瘍の性質がさらに明確になった場合に検討されますが、診断目的および潜在的に治療目的での外科的介入がこの状況では適切です。,0.9,a,この患者は偶発的に発見された胆嚢内腫瘤があり、eusで詳細な評価を行った結果、悪性腫瘍の可能性が高いと考えられるため、最も適切な治療は胆嚢摘出術となる。,1.0,a,胆嚢に腫瘤があり、悪性腫瘍の可能性が高いため、胆嚢摘出術が推奨される。自覚症状がないことや、腫瘍の大きさ、進展度合いによって手術適応を判断する。画像所見から、他の選択肢よりも外科的切除が最も適切な治療法と考えられる。,0.9,ERROR,Expecting value: line 1 column 1 (char 0),a,この症例では、以下の理由から胆囊摘出術が最適な治療法です：,0.9,
119A60,"13歳の女子。右膝周囲の痛みを主訴に来院した。3か月前から右膝周囲の痛みが出現し、痛みが増強したため受診した。外傷の既往はない。身長152cm、体重42kg。BMI18.1。体温36.5℃。右大腿遠位に軽度の腫脹と圧痛を認める。赤沈12mm/1時間。血液所見:Hb12.8g/dL、白血球8,200、血小板26万。CRP0.3mg/dL。右大腿遠位のエックス線写真(別冊No.25)を別に示す。適切な対応はどれか。 ",a. 生検 | b. 切開排膿術 | c. アスピリン投与 | d. 観血的整復固定術 | e. ギプスシーネ固定,a,3か月にわたる疼痛とx線上の腫瘍性病変の疑いがあり、感染所見も乏しいため、確定診断のために生検が適切と考えられる。,0.9,a,患者は13歳の少女で、右大腿遠位に腫脹と圧痛があり、外傷の既往がないことから、骨や軟部組織の腫瘍を疑う必要があります。赤沈やcrpの上昇が軽度で、感染症の可能性が低いため、腫瘍性病変の鑑別のために生検が適切な対応です。,0.9,a,この症例は13歳の女児で、外傷歴なく3か月続く右大腿遠位部の痛みと局所腫脹が認められており、エックス線所見も異常を示しているため、骨腫瘍（例：骨肉腫）の可能性が高いです。血液検査に感染性を示す所見がないことから、切開排膿術やその他の外傷・感染に対する処置は適応外となり、最終診断を確定するために生検による組織診断が適切と考えられます。,0.95,a,エックス線写真から骨腫瘍が疑われるため、確定診断のために生検を行うのが適切。,0.9,ERROR,Expecting value: line 1 column 1 (char 0),a,エックス線写真と臨床所見から骨肉腫が疑われます。思春期の大腿遠位部の痛み、腫脹、エックス線での骨破壊像が特徴的です。確定診断のために生検が必要です。炎症所見が軽度であることから感染症は否定的で、外傷歴もないため、整復固定やギプス固定は不適切です。,0.9,
119A61,16歳の男子。発熱と皮疹を主訴に来院した。幼少期からアトピー性皮膚炎で治療を受けていたが、3か月前から治療を中断していた。2日前から39.9℃の発熱があり、顔面に皮疹が出現し体幹にも拡大したため受診した。疼痛はない。顔面と体幹に小水疱、びらん及び紅斑を両側性に認めた。顔面の写真(別冊No.26)を別に示す。原因で最も考えられるのはどれか。 ,a. サイトメガロウイルス | b. 単純ヘルペスウイルス | c. 水痘·帯状疱疹ウイルス | d. ヒトヘルペスウイルス6 | e. Epstein-Barr〈EB〉ウイルス,b,アトピー性皮膚炎患者に全身性の小水疱・びらんを伴う発疹が発熱とともに出現する場合、単純ヘルペスウイルスによるカポジ水痘様発疹症が最も考えられるため。,1.0,b,アトピー性皮膚炎の患者が治療を中断した場合、免疫抑制が弱まり、単純ヘルペスウイルスによる全身性の皮疹が起こる可能性があります。特に発熱と全身の水疱のパターンは、カポジ水痘様発疹症（kaposi's varicelliform eruption）と呼ばれる、単純ヘルペスウイルスの感染症の典型的な症状に一致します。,0.9,b,この患者は、治療中断により悪化しやすいアトピー性皮膚炎の既往があり、急性発熱と顔面から体幹にかけて広がる小水疱、びらん、紅斑が認められることから、湿疹上に起こるヘルペスウイルス感染（カポジ風疹様発疹＝eczema herpeticum）が疑われ、最も考えられる原因は単純ヘルペスウイルスである。,1.0,b,アトピー性皮膚炎の既往があり、発熱と小水疱、びらん、紅斑が顔面や体幹に広がることから、カポジ水痘様発疹症（単純ヘルペスウイルス感染症）が最も考えられる。,0.9,ERROR,Expecting value: line 1 column 1 (char 0),b,アトピー性皮膚炎患者で治療中断後に発症した発熱と水疱性皮疹は、カポジ水痘様発疹症を強く示唆します。これは単純ヘルペスウイルスによる重症感染症で、アトピー性皮膚炎患者で特に発症リスクが高くなります。両側性の小水疱、びらんの分布と臨床経過が典型的です。,0.9,
119A62,"65歳の女性。健康診断の胸部エックス線写真で異常を指摘され来院した。自覚症状はない。喫煙は20本/日を45年間、1か月前から禁煙している。身長160cm、体重48kg。体温36.8℃。脈拍60/分、整。血圧118/64mmHg。呼吸数16/分。SpO299%(roomair)。心音と呼吸音とに異常を認めない。血液所見:赤血球430万、Hb14.6g/dL、Ht45%、白血球4,600、血小板21万。血液生化学所見:総蛋白6.5g/dL、アルブミン4.2g/dL、総ビリルビン0.6mg/dL、AST20U/L、ALT17U/L、LD180U/L(基準124~222)、尿素窒素14mg/dL、クレアチニン0.5mg/dL、CEA8.3ng/mL(基準5以下)。免疫血清学所見:CRP0.1mg/dL。呼吸機能検査:%VC100%、FEV1%87%。心電図に異常を認めない。胸部造影CTで左上葉に径2.5cmの充実性腫瘍を認め、気管支鏡検査で左B1+2から肺生検を行い腺癌と診断された。全身検索の結果、所属リンパ節転移と遠隔転移とを認めなかった。胸部エックス線写真(別冊No.27A)、胸部単純CT(別冊No.27B)及びFDG-PET/CT像(別冊No.27C)を別に示す。第一選択になる治療はどれか。 ",a. 抗癌化学療法 | b. 左肺上葉腫瘍核出術 | c. 縦隔リンパ節郭清を伴う左肺全摘術 | d. 放射線治療と抗癌化学療法との併用 | e. 縦隔リンパ節郭清を伴う左肺上葉切除術,e,病期ia（t1n0m0）で呼吸機能にも問題がないため，標準治療として縦隔リンパ節郭清を伴う葉切除術が第一選択となる。,1.0,e,患者は左上葉の腺癌で、リンパ節転移や遠隔転移が認められていないため、早期の非小細胞肺癌と考えられます。この場合、治療の第一選択は通常、縦隔リンパ節郭清を伴う患部の外科的切除です。左肺上葉の切除術が適しています。,0.95,e,患者は早期（t1n0m0）肺腺癌であり、肺機能も良好なため、標準治療である縦隔リンパ節郭清を伴う左肺上葉切除術（肺葉切除＋リンパ節郭清）が第一選択となる。,1.0,e,問題文より、病変は2.5cmの充実性腫瘍で、所属リンパ節転移と遠隔転移を認めない腺癌である。呼吸機能も保たれており、手術適応がある。よって、縦隔リンパ節郭清を伴う左肺上葉切除術が第一選択となる。,1.0,ERROR,Expecting value: line 1 column 1 (char 0),e,この症例は、左上葉の2.5cm大の腺癌で、所属リンパ節転移や遠隔転移を認めない臨床病期i期の非小細胞肺癌です。呼吸機能も保たれており（%vc100%、fev1%87%）、手術可能な状態です。このような早期肺癌の標準治療は、縦隔リンパ節郭清を伴う肺葉切除術です。全摘は過大侵襲であり、核出術では根治性が不十分です。化学療法や放射線療法は、手術不能例や進行例の治療選択となります。,0.9,
119A63,"40歳の男性。関節痛と皮疹を主訴に来院した。以前から皮疹を繰り返し認めていたが、約3か月前から背部の皮疹が拡大してきた。同時期から、手指の関節痛、腰痛および臀部痛を自覚するようになった。貼付剤で様子をみていたが、改善しないため受診した。意識は清明。体温36.5℃。上腕部と背部とに皮疹を認める。心音と呼吸音とに異常を認めない。両手の爪に点状陥凹を認める。両手の示指、中指、環指の遠位指節間関節および近位指節間関節に腫脹と圧痛を認める。アキレス腱付着部に軽度の圧痛を認める。血液所見:赤血球452万、Hb14.1g/dL、Ht45%、白血球5,600、血小板16万。免疫血清学所見:CRP0.3mg/dL、リウマトイド因子〈RF〉陰性、抗核抗体陰性。背部の写真(別冊No.28)を別に示す。この患者でみられる可能性が高いのはどれか。 ",a. 白内障 | b. 外陰部潰瘍 | c. 心囊液貯留 | d. 仙腸関節炎 | e. 多発単神経炎,d,dip関節炎や爪の点状陥凹、付着部炎など乾癬性関節炎を示唆する所見があり、脊椎症状として仙腸関節炎が合併しやすいため。,1.0,d,患者の症状、特に皮疹、関節痛、爪の点状陥凹、およびアキレス腱の圧痛から、乾癬性関節炎が疑われます。乾癬性関節炎ではしばしば仙腸関節炎がみられるため、可能性が高いのは仙腸関節炎（d）です。他の選択肢に関連する症状や所見は示されていません。,0.9,d,この患者は、皮疹（乾癬）と、指節間関節の腫脹・圧痛、爪の点状陥凹など、乾癬性関節炎を示唆する所見があり、加えて腰痛・臀部痛があることから仙腸関節炎が合併している可能性が高い。,1.0,d,関節痛、皮疹、爪の点状陥凹から乾癬性関節炎が疑われる。乾癬性関節炎では仙腸関節炎を合併することがあるため。,0.9,ERROR,Expecting value: line 1 column 1 (char 0),d,この症例は乾癬性関節炎を強く示唆します。主な根拠は：,0.9,
119A64,73歳の女性。左足趾の痛みを主訴に来院した。6か月前から約500mの歩行で左ふくらはぎの痛みが出現し、数分の安静で症状は消失していた。かかりつけ医から抗血小板薬が処方されていたが、2か月前の靴ずれを契機に左第五足趾に潰瘍ができ、安静時も痛みが出現したため受診した。高血圧、糖尿病および脂質異常症で55歳から内服治療中である。体温37.0℃。脈拍96/分、整。血圧140/90mmHg(左右差なし)。呼吸数22/分。SpO295%(roomair)。心音と呼吸音とに異常を認めない。両側大腿動脈の触知は良好だが左膝窩動脈、後脛骨および足背動脈の触知は減弱している。下腿に触れると、右より左が冷たい。左第五足趾に潰瘍を認め、周囲は発赤を伴い、圧痛を認める。左第一足趾に壊死を認める。血液生化学所見:血糖123mg/dL、HbAlc6.6%(基準4.9~6.0)、HDLコレステロール30mg/dL、LDLコレステロール141mg/dL。CRP2.5mg/dL。下肢の動脈造影検査で、左浅大腿動脈の閉塞を認める。この患者に考慮すべき治療で誤っているのはどれか。 ,a. 下肢切断術 | b. β遮断薬の投与 | c. 外科的バイパス術 | d. 経皮的血管形成術 | e. プロスタグランジン製剤の投与,b,β遮断薬は末梢血管収縮を助長し、虚血を悪化させる可能性があるため不適切と考えられる。,1.0,b,この患者は閉塞性動脈硬化症（pad）の症例であり、左浅大腿動脈の閉塞が見られます。β遮断薬は一般的には冠動脈疾患のリスク層で予防として用いることがありますが、末梢動脈の閉塞病変では禁忌とされています。他の選択肢は、症状改善または阻血部位の血流改善のために考慮される標準的な治療法です。,0.9,b,この患者は末梢動脈閉塞症による虚血性症状が認められるため、再血行再開（外科的バイパス術、経皮的血管形成術）やプロスタグランジン製剤の投与、場合により下肢切断術も検討される。一方、β遮断薬は末梢血管の収縮を促す可能性があり、痛みや虚血症状を悪化させるため、誤った治療選択となる。,1.0,b,閉塞性動脈硬化症（aso）による重症下肢虚血（cli）が疑われる症例。cliに対する治療は、血行再建（外科的バイパス術、経皮的血管形成術）や薬物療法（プロスタグランジン製剤など）、重症例では下肢切断術も考慮される。β遮断薬は血管収縮作用があるため、asoの症状を悪化させる可能性があり、禁忌である。,1.0,ERROR,Expecting value: line 1 column 1 (char 0),b,この患者は重症下肢虚血（cli）の状態で、末梢動脈疾患（pad）が進行しています。β遮断薬は末梢血管を収縮させる作用があり、虚血症状を悪化させる可能性があるため、一般的に重症下肢虚血の患者には禁忌とされています。他の選択肢（血行再建術としての外科的バイパス術や経皮的血管形成術、プロスタグランジン製剤による薬物療法、重症例での下肢切断術）は、症例に応じて適切な治療選択肢となります。,0.9,
119A65,救急外来で小児を診察した研修医から指導医への報告を以下に示す。研修医:「1歳の男児です。3日前から37℃台の発熱、咳嗽、鼻汁が出現し、夜中に咳嗽が増強したため来院しました。身長80.0cm、体重11kg。体温37.8℃。脈拍124/分、整。血圧88/56mmHg。呼吸数28/分。SpO2がroom airで95%です」指導医:「どんな感じの咳ですか」研修医:「オットセイが鳴くような咳です」指導医:「呼吸状態はどうですか」研修医:「胸骨上窩、鎖骨上窩に陥没呼吸がみられます」指導医:「胸部の聴診所見はどうですか」研修医:「吸気時に喘鳴を聴取します」指導医:「治療はどうしますか」これに続く研修医の返答で適切なのはどれか。 ,a. 「人工呼吸管理を行います」 | b. 「β2刺激薬吸入を行います」 | c. 「アドレナリン吸入を行います」 | d. 「抗ヒスタミン薬静注を行います」 | e. 「副腎皮質ステロイド吸入を行います」,c,オットセイ様咳嗽と吸気性喘鳴が特徴的なクループ(急性喉頭蓋下炎)が疑われ、吸気性喘鳴や陥没呼吸を伴う中等度以上の場合はアドレナリン吸入を行うのが適切です。,1.0,c,患者の症状はクループ症候群を示唆しており、「オットセイが鳴くような咳」や「陥没呼吸」「吸気時に喘鳴」が典型的な症状です。クループの治療にはアドレナリン吸入が効果的です。,1.0,c,この所見はクループ（急性喉頭炎）を示唆しており、seal‐bark cough（オットセイが鳴くような咳）や陥没呼吸、吸気性喘鳴が典型的です。中等症以上のクループでは、気道浮腫の改善を速やかに図るためにアドレナリン吸入が有効な治療法となります。,1.0,c,オットセイ様の咳と吸気性喘鳴、陥没呼吸からクループ症候群（急性喉頭気管気管支炎）が考えられる。クループ症候群の治療としてアドレナリン吸入が適切である。,1.0,ERROR,Expecting value: line 1 column 1 (char 0),c,この症例は典型的なクループ症候群の特徴を示しています：,0.9,
119A66,"38歳の初産婦(1妊0産)。妊娠35週5日、2時間前から痛みを伴う持続的な子宮収縮を自覚し、来院した。意識は清明。体温36.8℃。脈拍92/分、整。血圧148/92mmHg。呼吸数20/分。来院時の内診で子宮口は4cm開大、児頭下降度はSP-2cm、腟鏡診で少量の出血を認めた。腹部超音波検査では胎児は頭位、推定体重2,100gで胎盤の肥厚像を認めた。胎児心拍数陣痛図(別冊No.29)を別に示す。適切な対応はどれか。 ",a. 吸引分娩 | b. 経過観察 | c. 子宮収縮薬投与 | d. 帝王切開 | e. ベタメタゾン投与,d,痛みを伴う持続的な子宮収縮や少量の出血、胎盤の肥厚像、血圧上昇などから常位胎盤早期剝離を疑い、陣痛発来後も子宮口開大が十分でないため緊急帝王切開が適切と判断されるため。,0.9,d,この患者は妊娠35週5日で、急激な子宮収縮、少量の出血、胎盤肥厚を伴う特徴が見られます。これは胎盤早期剥離の疑いがあります。また、胎児のリスクを最小限にするためには迅速な分娩が求められるため、帝王切開が適切です。吸引分娩は進行した経膣分娩の際に考えられる手段であり、経過観察や子宮収縮薬投与は胎児および母体の状態を悪化させる可能性があります。ベタメタゾン投与は肺の成熟を促進しますが、緊急の分娩が必要なこの状況では第一選択にはなりません。,0.9,d,この症例は、持続的な痛みを伴う子宮収縮に少量の出血、超音波での胎盤肥厚像（血腫を示唆する可能性）などが認められ、胎児心拍数陣痛図にも異常（恐らく陣痛時の遅発性または反復性の減速）が認められるため、胎盤早期剥離（胎盤剥離）が疑われます。さらに、子宮口は4cmと十分に進行しておらず、急速な経膣分娩は困難な状況です。よって、迅速な分娩を行うために帝王切開が適切な対応となります。,1.0,d,胎児心拍数陣痛図でlate decelerationを認める。妊娠35週であり、胎盤の肥厚像も認めることから、胎盤機能不全による胎児機能不全の可能性が高い。緊急帝王切開が適切である。,0.9,ERROR,Expecting value: line 1 column 1 (char 0),d,この症例では以下の危険な所見があり、緊急帝王切開が必要です：,0.9,
119A67,"10か月の男児。嘔吐と血便を主訴に救急車で搬入された。昨日の正午から嘔吐を認め、本日の午後4時から胆汁性嘔吐になった。次第に元気がなくなり、血便も出現したため午後6時に母親が救急車を要請した。意識は混濁し、痛み刺激で開眼する。体温38.7℃。心拍数192/分、整。血圧60/40mmHg。呼吸数44/分。SpO296%(roomair)。皮膚ツルゴールの低下と口唇の乾燥を認める。心音と呼吸音とに異常を認めない。腹部は軽度膨隆し、全体に硬く、打診で鼓音を認める。血液所見:赤血球468万、Hb12.9g/dL、Ht40%、白血球20,300、血小板15万。CRP8.3mg/dL。腹部エックス線写真(別冊No.30A)と腹部超音波像(別冊No.30B)とを別に示す。適切な治療はどれか。 ",a. 経過観察 | b. 抗菌薬投与 | c. 高圧浣腸 | d. イレウス管留置 | e. 緊急手術,e,腹部の硬さや血行動態の破綻から腸管壊死・穿孔が疑われ、非観血的整復ではなく緊急開腹手術が必要と考えられるため。,0.9,e,症状の急激な進行と所見から腸重積症が疑われ、緊急手術が必要と思われる。血便、嘔吐、腹部膨隆、crpの上昇、バイタルサインの異常などが重篤な状態を示唆している。,0.9,e,症例は10か月の男児で、発症から進行し全身状態の悪化（ショック、脱水、意識障害）および腹部の全体的な硬直（腹膜刺激症状）が認められるため、通常の高圧浣腸による非手術的治療は禁忌となり、腸管の壊死や穿孔を疑い緊急手術が必要である。,1.0,e,腹部エックス線写真と超音波像から腸重積が疑われ、緊急手術が適切である。胆汁性嘔吐、血便、意識混濁、バイタルサインの異常も手術適応の根拠となる。,1.0,ERROR,Expecting value: line 1 column 1 (char 0),e,この症例は腸重積症の典型的な症状と所見を示しています。胆汁性嘔吐、血便、意識混濁、ショック状態（頻脈、低血圧）、腹部膨満などの症状から緊急性が高いと判断されます。また、発症から24時間近く経過しており、重症化していることから、高圧浣腸による整復は危険であり、緊急手術が必要です。腸管壊死の可能性も考慮する必要があります。,0.9,
119A68,3歳の男児。言葉の遅れを心配した両親に連れられて来院した。有意語は2歳6か月に出現したが、2語文はなく、独特の抑揚のある発語やオウム返しがみられるという。保育園では集団行動が苦手で、友達と一緒に遊ばない。いつもと異なる道で登園しようとするとかんしゃくを起こす。診察室では、視線が合いにくく、落ち着きなく歩き回り、診察に応じようとしない。診察時の適切な対応はどれか。 ,a. 押さえつけて診察する。 | b. 自由に行動させて観察する。 | c. 着席するよう厳しく指示する。 | d. しつけが悪いと両親を注意する。 | e. 行動が落ち着いた時期の再受診を両親に指示する。,b,自由に行動させて観察することが、自閉スペクトラム症などが疑われる児への対応として適切だから。,0.9,b,問題の男児は、発達障害、特に自閉スペクトラム症の特徴である可能性があります。自由に行動させて観察することで、彼の自然な行動や特性を把握する有用な情報が得られる可能性があります。他の選択肢は、彼の不安やストレスを強める可能性があるため適切ではありません。,0.9,b,この男児は自閉症スペクトラム障害の疑いがあり、診察時の環境が子供にとってストレスにならないよう、自然な行動を観察することが重要です。無理に制御しようとすると、さらに不安定になってしまうため、自由に行動させて観察するのが適切です。,0.95,b,3歳男児の症状（言葉の遅れ、2語文の欠如、独特の抑揚、オウム返し、集団行動の苦手さ、道順へのこだわり、視線が合いにくい、落ち着きのなさ）から、自閉スペクトラム症（asd）の可能性が考えられる。asdの患児に対して、無理に押さえつけたり、厳しく指示したり、しつけを注意したりすることは、不安を増大させ、診察を困難にする可能性がある。自由に行動させて観察することで、常同行動や興味の対象などを把握し、その後の診察や療育に繋げることができる。行動が落ち着いた時期の再受診を指示するだけでは、適切な評価や支援が遅れる可能性がある。,0.9,ERROR,Expecting value: line 1 column 1 (char 0),b,この症例は自閉スペクトラム症(asd)が強く疑われる児童です。asdの子どもに対しては、強制的な対応や厳しい指示は逆効果で、パニックを引き起こす可能性があります。自由に行動させながら観察することで、より正確な行動評価が可能となり、また子どもにとってもストレスの少ない診察環境を提供できます。,0.9,
119A69,63歳の男性。眼瞼下垂を主訴に来院した。1か月前から物が二重に見えることを自覚していた。夕方になると眼瞼下垂がみられる。その他に自覚症状はない。血中抗アセチルコリン受容体抗体が陽性であった。胸部単純CT(別冊No.31)を別に示す。適切な対応はどれか。 ,a. 抗癌化学療法 | b. 定位放射線治療 | c. 縦隔リンパ節生検 | d. シクロスポリン投与 | e. 胸腺腫を含む拡大胸腺摘出術,e,画像所見や臨床所見から胸腺腫に合併した重症筋無力症が疑われるため、胸腺腫を含む拡大胸腺摘出術が適切である。,1.0,e,この症例は、眼瞼下垂や夕方の症状の悪化、血中抗アセチルコリン受容体抗体陽性の結果から、重症筋無力症(mg)が示唆されます。mgの患者では、特に関連する胸腺腫が見つかった場合、胸腺摘出術が適切な治療法となります。胸部ctで胸腺腫が確認できれば、その摘出が必要です。よって、選択肢の中で最も適切な対応は胸腺腫を含む拡大胸腺摘出術です。,0.9,e,抗アセチルコリン受容体抗体陽性かつ眼瞼下垂や二重視の所見は重症型筋無力症（mg）の所見であり、胸部ctで示された病変は胸腺腫を示唆します。mgに胸腺腫が存在する場合、適切な治療は胸腺腫を含む拡大胸腺摘出術となるため、eが正解です。,1.0,e,血中抗アセチルコリン受容体抗体陽性で重症筋無力症が疑われ、胸部ctで胸腺腫が認められるため、胸腺腫を含む拡大胸腺摘出術が適切である。,1.0,ERROR,Expecting value: line 1 column 1 (char 0),e,この症例は、眼瞼下垂、複視、夕方の症状増悪という重症筋無力症の典型的な症状があり、抗アセチルコリン受容体抗体陽性で確定診断がついています。また、胸部ctで胸腺腫の存在が示唆されています。重症筋無力症に胸腺腫を合併している場合、標準治療は胸腺腫を含む拡大胸腺摘出術です。これにより症状の改善と腫瘍の根治が期待できます。,0.9,
119A70,56歳の女性。労作時の息切れを主訴に来院した。6か月前に右下肢に浮腫を自覚したがそのままにしていた。2か月前から両下肢に浮腫が出現し、1週間前から、労作時の息切れが増強したため受診した。意識は清明。体温36.7℃。脈拍80/分、整。血圧146/92mmHg。呼吸数30/分。SpO295%(roomair)。座位で頭静脈の怒張を下顎付近まで認める。心音はⅠ音は正常、Ⅱ音肺動脈成分の亢進、胸骨左縁第3肋間にLevine2/6の収縮期雑音を聴取する。呼吸音に異常を認めない。腹部は平坦、軟で、肋骨弓下に肝を2cm触知する。脾は触知しない。両下肢に圧痕性浮腫を認める。血液所見:赤血球504万、Hb15.1g/dL、Ht46%、血小板13万、PT-INR1.2(基準0.9~1.1)、Dダイマー10.3μg/mL(基準1.0以下)。血液生化学所見:アルブミン4.1g/dL、総ビリルビン1.9mg/dL、AST31U/L、ALT11U/L、尿素窒素10mg/dL、クレアチニン0.6mg/dL、BNP98pg/mL(基準18.4以下)。CRP1.0mg/dL。心電図(別冊No.32A)と胸部エックス線写真(別冊No.32B)とを別に示す。心エコー検査で、左室駆出率は68%、三尖弁閉鎖不全を認め、推定肺動脈収縮期圧は60mmHgであった。診断のために行う検査はどれか。2つ選べ。 ,a. 胸部造影CT | b. 気管支鏡検査 | c. 冠動脈造影検査 | d. 経食道心エコー検査 | e. 肺血流シンチグラフィ,ae,臨床経過や所見から慢性肺血栓塞栓症による肺高血圧症が疑われ、胸部造影ctおよび肺血流シンチグラフィが診断に有用であるため。,1.0,ae,患者は右心不全の症状を呈しており、肺高血圧が示唆されています。肺血栓塞栓症の可能性が高く、胸部造影ctや肺血流シンチグラフィが該当する診断検査です。胸部造影ctは肺動脈の血栓検出に有用であり、肺血流シンチグラフィは血流の評価に役立ちます。,0.9,ae,本例は、右心不全と肺高血圧（推定肺動脈収縮期圧60mmhg、三尖弁閉鎖不全）の所見と、著高のdダイマーから、慢性血栓塞栓性肺高血圧症（cteph）の可能性が疑われます。診断確定には、肺動脈系の評価が必要であり、胸部造影ct（a）および肺血流シンチグラフィ（e）が適切な検査となります。,1.0,ae,労作時の息切れ、下肢浮腫、頭静脈怒張、肺動脈成分の亢進、肝腫大、三尖弁閉鎖不全、推定肺動脈収縮期圧の上昇(60mmhg)から肺高血圧症が疑われる。dダイマー高値であり、肺血栓塞栓症の可能性を考慮し、肺血流シンチグラフィは有用。また、胸部x線写真で肺動脈の拡大や末梢血管の絞扼像が疑われる場合、肺高血圧症の原因精査のために胸部造影ctも有用。,0.9,ERROR,Expecting value: line 1 column 1 (char 0),ae,この症例は、以下の所見から肺塞栓症が強く疑われます：,0.9,
119A71,54歳の女性。右前額部から鼻背にかけての疼痛を伴う皮疹を主訴に来院した。2日前から右前額部のピリピリする疼痛を自覚していた。昨夜から、前額部から右上眼瞼および鼻背に水疱を伴う集簇した皮疹が出現した。患者への説明で正しいのはどれか。2つ選べ。 ,a. 「眼科の受診が必要です」 | b. 「水疱を破る必要があります」 | c. 「昔かかった麻疹によるものです」 | d. 「シャワーを浴びるのは控えましょう」 | e. 「皮疹から他人に感染する可能性があります」,ae,角膜障害のリスクがあるため眼科受診が必要であり、水疱内容液から他人に水痘帯状疱疹ウイルスが伝播する可能性があります。,1.0,ae,これは典型的な帯状疱疹の症状であり、三叉神経の第一枝に沿った皮疹や疼痛が見られます。帯状疱疹が眼に波及する可能性があるため、aの「眼科の受診が必要です」は正しい説明です。また、水疱から帯状疱疹ウイルスが排出されるため、免疫がない人に感染する可能性があり、eの「皮疹から他人に感染する可能性があります」も正しいです。他の選択肢は正しくありません。例えば、bの「水疱を破る必要がある」は感染リスクが高まるため誤っていますし、dの「シャワーを浴びるのは控えましょう」も誤りです。,0.9,ae,右眼領域を含む前頭部～鼻背の水疱性皮疹は眼帯状帯状疱疹（ヘルペス・ゾスター眼症）の所見です。眼科受診は眼内合併症を防ぐために必要であり（水疱液からは水痘‐帯状疱疹ウイルスが感染するため、他者に感染する可能性があります）、したがってaとeが正しい説明となります.,1.0,ae,,1.0,ERROR,Expecting value: line 1 column 1 (char 0),ae,この症例は帯状疱疹（特に三叉神経第1枝領域）の典型的な症状を示しています。眼科受診が必要なのは眼部帯状疱疹の可能性があるためです。また、水疱内にはウイルスが存在するため、感受性のある人（特に水痘未罹患者）への感染リスクがあります。水疱を破ることは二次感染のリスクがあり、シャワーは問題ありません。また、これは水痘・帯状疱疹ウイルスの再活性化によるもので、麻疹とは無関係です。,0.9,
119A72,"64歳の男性。呼吸困難を主訴に来院した。3年前から労作時の呼吸困難が出現し自宅近くの診療所から吸入抗コリン薬を処方されている。1か月前から呼吸困難が増強したため紹介受診した。吸入薬は医師の指示どおり吸入できている。職業は60歳まで公務員で以後は無職。喫煙は20歳から61歳まで20本/日。身長168cm、体重41kg。体温36.2℃。脈拍68/分、整。血圧146/78mmHg。呼吸数20/分。SpO294%(roomair)。6分間歩行試験でSpO2の最低値は92%(roomair)であった。眼瞼結膜と眼球結膜とに異常を認めない。甲状腺腫大を認めない。気管の短縮を認める。心音に異常を認めない。両側胸部で呼吸音の減弱を認める。下腿に浮腫を認めない。血液所見:赤血球524万、Hb15.6g/dL、白血球7,800(桿状核好中球10%、分葉核好中球50%、好酸球1%、単球9%、リンパ球30%)、血小板21万。血液生化学所見に異常を認めない。CRP0.1mg/dL。動脈血ガス分析(roomair):pH7.41、PaCO242Torr、PaO288Torr、HCO3-24mEq/L。呼吸機能検査:%VC85%、FEV1%50%。胸部エックス線写真で両側横隔膜の平底化および両肺の過膨張を認める。適切な対応はどれか。2つ選べ。 ",a. 抗菌薬の投与 | b. 免疫抑制薬の投与 | c. 呼吸リハビリテーション | d. ネーザルハイフロー療法 | e. 長時間作用性β2刺激薬吸入の追加,ce,感染や炎症を示唆する所見がなくcrpも正常のため抗菌薬・免疫抑制薬は不要である。fev1%が50%と中等度以上のcopdが疑われ、既に長時間作用性抗コリン薬のみでは十分なコントロールが得られていない状況であるため、呼吸リハビリテーションと長時間作用性β2刺激薬の追加が適切となる。,0.9,ce,この患者は慢性閉塞性肺疾患（copd）と考えられ、特に吸入抗コリン薬で部分的な治療を受けています。呼吸困難が増強し、呼吸機能検査ではfev1%が50%と低下しています。適切な対応として、呼吸リハビリテーション(c)はcopd管理における重要な要素であり、有効とされています。また、長時間作用性β2刺激薬吸入の追加(e)は、症状の改善を図るために一般的に行われる治療法です。抗菌薬や免疫抑制薬の投与は、この症状や検査結果からは指示されません。ネーザルハイフロー療法は急性増悪時に考慮されますが、病歴および症状からは緊急の酸素治療はまだ必要ないと考えられます。,0.9,ce,この患者は慢性閉塞性肺疾患（copd）と考えられ、抗コリン薬治療中にもかかわらず症状が十分にコントロールされていないため、治療の強化が必要です。ガイドラインでは、lama単独で症状が不十分な場合、長時間作用性β2刺激薬（laba）の追加や呼吸リハビリテーションが推奨されます。他の選択肢は感染症や急性増悪の疑いがなく、現段階では適応外です。,1.0,ce,,0.9,ERROR,Expecting value: line 1 column 1 (char 0),ce,この患者は慢性閉塞性肺疾患(copd)の症例です。以下の理由から選択肢cとeが適切です：,0.9,
119A73,52歳の女性。暗いところで見えにくいことを主訴に来院した。既往歴に特記すべきことはない。姉も同様の症状がある。視力は右0.3(1.0×-1.5D)、左0.2(0.9×-2.0D)。両眼の眼底写真(別冊No.33)を別に示す。診断に有用なのはどれか。2つ選べ。 ,a. 色覚検査 | b. 視野検査 | c. 調節検査 | d. 両眼視機能検査 | e. 網膜電図検査〈ERG〉,be,夜盲を伴う網膜色素変性症が疑われ、視野検査と網膜電図検査（erg）が診断に有用である。,1.0,be,暗いところで見えにくいという症状は夜盲症を示唆し、遺伝的な要因が考えられるため、網膜の異常を疑う。したがって、網膜の機能を直接評価できる網膜電図検査（erg）と、視野の異常を確認できる視野検査が診断に有用であると考えられる。,0.9,be,この症例は網膜色素変性症が疑われ、特徴的な夜盲症や家族性傾向、眼底所見が見られるため、視野検査で末端視野の収縮を評価し、網膜電図検査〈erg〉で光受容体の機能低下を確認することが診断に有用である。,1.0,ae,暗所視力低下と姉妹に同様の症状があることから、遺伝性の網膜色素変性症が疑われる。網膜色素変性症の診断には、網膜機能の低下を評価する網膜電図検査が有用である。また、初期には色覚異常を伴うことがあるため、色覚検査も有用である。視野検査も進行度合いを評価する上で重要だが、診断の確定にはergがより重要である。,0.9,ERROR,Expecting value: line 1 column 1 (char 0),be,この症状は網膜色素変性症を強く示唆します。主な特徴は：,0.9,
119A74,"40歳の女性。強い呼吸困難を主訴に救急車で搬入された。2か月前から浮腫、2週間前から労作時の息切れを自覚し、2日前から夜間の起座呼吸を認めるようになったため家族が救急車を要請した。既往歴や家族歴に特記すべきことはない。数年前から健康診断を受診していない。心拍数92/分、整。血圧100/68mmHg。頸静脈の怒張を認める。心尖拍動が左方に偏位し、その部位にⅢ音と汎収縮期雑音とを聴取する。胸部にcoarse cracklesを聴取する。右肋骨弓下に肝を2cm触知し、両側下腿前面に浮腫を認める。血液所見:赤血球385万、Hb12.1g/dL、白血球4,600。血液生化学所見:総蛋白6.8g/dL、総ビリルビン1.4mg/dL、AST48U/L、ALT56U/L、CK28U/L(基準41~153)、クレアチニン0.8mg/dL、BNP880pg/mL(基準18.4以下)。胸部エックス線写真(別冊No.34)を別に示す。心エコー検査では左室拡張末期径68mm、左室駆出率28%、心内短絡は認めない。この患者でみられる血行動態の所見はどれか。2つ選べ。 ",a. 肺動脈楔入圧上昇 | b. 平均肺動脈圧上昇 | c. 左室-大動脈圧較差 | d. dip and plateau心内圧曲線 | e. 肺体血流量比(Qp/Qs)の増加,ab,左室収縮能低下による左房圧・肺うっ血の上昇で肺動脈楔入圧が上昇し、それに伴い平均肺動脈圧も上昇するため。,1.0,ab,"この患者は心不全の症候を呈しており、特に左心不全が疑われます。起座呼吸や肺うっ血（coarse crackles）、bnpの上昇、左室の拡張と駆出率の低下が認められます。これにより、肺動脈楔入圧（a）や平均肺動脈圧（b）の上昇が予想されます。左室拡張末期圧の上昇は肺動脈楔入圧の上昇として反映されます。選択肢c, d, eについては、提示された情報からは確認されません。",0.9,ab,この患者は拡張型心筋症による収縮不全を呈しており、左室機能低下に伴い左室内圧が上昇します。その結果、肺毛細血管楔入圧(pcwp)が上昇し、さらに肺循環へのうっ血により平均肺動脈圧も上昇します。他の選択肢は、大動脈弁狭窄（左室‐大動脈圧較差）、拘束性心膜炎（dip and plateau）、心内シャント（qp/qs増加）に関連する所見であり、該当しません。,1.0,ae,問題文より、呼吸困難、浮腫、起座呼吸、頸静脈怒張、心尖拍動の左方偏位、ⅲ音、汎収縮期雑音、coarse crackles、肝腫大、下腿浮腫、bnp高値、胸部x線写真から心不全の可能性が高い。心エコー検査で左室駆出率が低下していることから、収縮性心不全と考えられる。,0.9,ERROR,Expecting value: line 1 column 1 (char 0),ab,この症例は拡張型心筋症による左心不全の典型例です。以下の理由で肺動脈楔入圧と平均肺動脈圧の上昇が認められます：,0.9,
119A75,"体重50kg、飲水量1,200mL/日、食事からの水分摂取量1,000mL/日、尿量1,000mL/日、不感蒸泄15mL/kg/日、代謝水5mL/kg/日、便中水分量100mL/日、輸液なし、として水分出納〈イン·アウト〉バランスを求めよ。 ",,a,"飲水(1,200ml)＋食事由来(1,000ml)＋代謝水(5×50=250ml)で合計2,450ml、尿量(1,000ml)＋不感蒸泄(15×50=750ml)＋便(100ml)で合計1,850mlとなり、差引きで＋600mlとなる。",1.0,b,"水分出納は、摂取量から排出量を引いて計算します。摂取量は飲水量1,200ml ＋ 食事からの水分摂取量1,000ml ＋ 代謝水250ml（50kg × 5ml/kg）であり、合計2,450mlです。排出量は尿量1,000ml ＋ 不感蒸泄750ml（50kg × 15ml/kg） ＋ 便中水分量100mlで、合計1,850mlです。差し引き2,450ml - 1,850ml = 600ml の水分が過剰となります。選択肢は与えられていないため、選択肢がbであると仮定して回答しました。",0.8,a,"飲水（1,200 ml）＋食事水分（1,000 ml）＋代謝水（5 ml/kg × 50kg＝250 ml）で総摂取水分は2,450 mlとなる。一方、尿（1,000 ml）＋不感蒸泄（15 ml/kg × 50kg＝750 ml）＋便中水分（100 ml）で総排出水分は1,850 mlとなる。2,450 ml－1,850 ml＝+600 mlの正の水分収支となる。",1.0,positive balance 600ml,水分出納バランスは、イン（摂取量）からアウト（排泄量）を引いて計算します。計算の結果、プラスバランス600mlとなりました。,1.0,ERROR,Expecting value: line 1 column 1 (char 0),,,,
