question_number,model,model_answer,correct_answer,is_correct,confidence,has_image
119A1,huggingface.co/mmnga/cyberagent-DeepSeek-R1-Distill-Qwen-32B-Japanese-gguf:Q4_K_M,a,a,True,0.9,False
119A2,huggingface.co/mmnga/cyberagent-DeepSeek-R1-Distill-Qwen-32B-Japanese-gguf:Q4_K_M,a,a,True,0.85,False
119A3,huggingface.co/mmnga/cyberagent-DeepSeek-R1-Distill-Qwen-32B-Japanese-gguf:Q4_K_M,d,d,True,0.95,False
119A4,huggingface.co/mmnga/cyberagent-DeepSeek-R1-Distill-Qwen-32B-Japanese-gguf:Q4_K_M,e,e,True,0.95,False
119A5,huggingface.co/mmnga/cyberagent-DeepSeek-R1-Distill-Qwen-32B-Japanese-gguf:Q4_K_M,b,b,True,0.95,False
119A6,huggingface.co/mmnga/cyberagent-DeepSeek-R1-Distill-Qwen-32B-Japanese-gguf:Q4_K_M,d,a,False,0.95,False
119A7,huggingface.co/mmnga/cyberagent-DeepSeek-R1-Distill-Qwen-32B-Japanese-gguf:Q4_K_M,e,e,True,0.95,False
119A8,huggingface.co/mmnga/cyberagent-DeepSeek-R1-Distill-Qwen-32B-Japanese-gguf:Q4_K_M,e,e,True,1.0,False
119A9,huggingface.co/mmnga/cyberagent-DeepSeek-R1-Distill-Qwen-32B-Japanese-gguf:Q4_K_M,d,d,True,0.95,False
119A10,huggingface.co/mmnga/cyberagent-DeepSeek-R1-Distill-Qwen-32B-Japanese-gguf:Q4_K_M,a,a,True,0.8,False
119A11,huggingface.co/mmnga/cyberagent-DeepSeek-R1-Distill-Qwen-32B-Japanese-gguf:Q4_K_M,b,b,True,0.85,True
119A12,huggingface.co/mmnga/cyberagent-DeepSeek-R1-Distill-Qwen-32B-Japanese-gguf:Q4_K_M,ce,ce,True,0.95,False
119A13,huggingface.co/mmnga/cyberagent-DeepSeek-R1-Distill-Qwen-32B-Japanese-gguf:Q4_K_M,cd,cd,True,0.9,False
119A14,huggingface.co/mmnga/cyberagent-DeepSeek-R1-Distill-Qwen-32B-Japanese-gguf:Q4_K_M,d,de,False,1.0,False
119A15,huggingface.co/mmnga/cyberagent-DeepSeek-R1-Distill-Qwen-32B-Japanese-gguf:Q4_K_M,b,a,False,0.95,True
119A16,huggingface.co/mmnga/cyberagent-DeepSeek-R1-Distill-Qwen-32B-Japanese-gguf:Q4_K_M,d,d,True,0.95,False
119A17,huggingface.co/mmnga/cyberagent-DeepSeek-R1-Distill-Qwen-32B-Japanese-gguf:Q4_K_M,c,c,True,0.95,False
119A18,huggingface.co/mmnga/cyberagent-DeepSeek-R1-Distill-Qwen-32B-Japanese-gguf:Q4_K_M,c,b,False,0.85,True
119A19,huggingface.co/mmnga/cyberagent-DeepSeek-R1-Distill-Qwen-32B-Japanese-gguf:Q4_K_M,b,d,False,0.95,False
119A20,huggingface.co/mmnga/cyberagent-DeepSeek-R1-Distill-Qwen-32B-Japanese-gguf:Q4_K_M,a,a,True,0.95,True
119A21,huggingface.co/mmnga/cyberagent-DeepSeek-R1-Distill-Qwen-32B-Japanese-gguf:Q4_K_M,a,a,True,0.95,True
119A22,huggingface.co/mmnga/cyberagent-DeepSeek-R1-Distill-Qwen-32B-Japanese-gguf:Q4_K_M,d,c,False,0.85,True
119A23,huggingface.co/mmnga/cyberagent-DeepSeek-R1-Distill-Qwen-32B-Japanese-gguf:Q4_K_M,b,b,True,0.95,True
119A24,huggingface.co/mmnga/cyberagent-DeepSeek-R1-Distill-Qwen-32B-Japanese-gguf:Q4_K_M,"e, d",e,False,0.85,True
119A25,huggingface.co/mmnga/cyberagent-DeepSeek-R1-Distill-Qwen-32B-Japanese-gguf:Q4_K_M,e,e,True,0.95,False
119A26,huggingface.co/mmnga/cyberagent-DeepSeek-R1-Distill-Qwen-32B-Japanese-gguf:Q4_K_M,a,a,True,0.9,False
119A27,huggingface.co/mmnga/cyberagent-DeepSeek-R1-Distill-Qwen-32B-Japanese-gguf:Q4_K_M,e,e,True,0.93,False
119A28,huggingface.co/mmnga/cyberagent-DeepSeek-R1-Distill-Qwen-32B-Japanese-gguf:Q4_K_M,d,e,False,0.95,True
119A29,huggingface.co/mmnga/cyberagent-DeepSeek-R1-Distill-Qwen-32B-Japanese-gguf:Q4_K_M,b,d,False,0.75,True
119A30,huggingface.co/mmnga/cyberagent-DeepSeek-R1-Distill-Qwen-32B-Japanese-gguf:Q4_K_M,c,c,True,0.92,False
119A31,huggingface.co/mmnga/cyberagent-DeepSeek-R1-Distill-Qwen-32B-Japanese-gguf:Q4_K_M,d,d,True,0.9,False
119A32,huggingface.co/mmnga/cyberagent-DeepSeek-R1-Distill-Qwen-32B-Japanese-gguf:Q4_K_M,d,d,True,0.95,False
119A33,huggingface.co/mmnga/cyberagent-DeepSeek-R1-Distill-Qwen-32B-Japanese-gguf:Q4_K_M,c,c,True,0.95,True
119A34,huggingface.co/mmnga/cyberagent-DeepSeek-R1-Distill-Qwen-32B-Japanese-gguf:Q4_K_M,e,b,False,0.98,True
119A35,huggingface.co/mmnga/cyberagent-DeepSeek-R1-Distill-Qwen-32B-Japanese-gguf:Q4_K_M,a,a,True,0.95,True
119A36,huggingface.co/mmnga/cyberagent-DeepSeek-R1-Distill-Qwen-32B-Japanese-gguf:Q4_K_M,a,e,False,0.95,False
119A37,huggingface.co/mmnga/cyberagent-DeepSeek-R1-Distill-Qwen-32B-Japanese-gguf:Q4_K_M,b,b,True,0.95,True
119A38,huggingface.co/mmnga/cyberagent-DeepSeek-R1-Distill-Qwen-32B-Japanese-gguf:Q4_K_M,d,d,True,0.99,True
119A39,huggingface.co/mmnga/cyberagent-DeepSeek-R1-Distill-Qwen-32B-Japanese-gguf:Q4_K_M,e,e,True,0.98,False
119A40,huggingface.co/mmnga/cyberagent-DeepSeek-R1-Distill-Qwen-32B-Japanese-gguf:Q4_K_M,b,a,False,0.95,False
119A41,huggingface.co/mmnga/cyberagent-DeepSeek-R1-Distill-Qwen-32B-Japanese-gguf:Q4_K_M,b,b,True,0.78,False
119A42,huggingface.co/mmnga/cyberagent-DeepSeek-R1-Distill-Qwen-32B-Japanese-gguf:Q4_K_M,e,e,True,0.97,False
119A43,huggingface.co/mmnga/cyberagent-DeepSeek-R1-Distill-Qwen-32B-Japanese-gguf:Q4_K_M,b,b,True,0.9,True
119A44,huggingface.co/mmnga/cyberagent-DeepSeek-R1-Distill-Qwen-32B-Japanese-gguf:Q4_K_M,d,e,False,0.85,False
119A45,huggingface.co/mmnga/cyberagent-DeepSeek-R1-Distill-Qwen-32B-Japanese-gguf:Q4_K_M,c,c,True,0.9,False
119A46,huggingface.co/mmnga/cyberagent-DeepSeek-R1-Distill-Qwen-32B-Japanese-gguf:Q4_K_M,d,d,True,0.95,False
119A47,huggingface.co/mmnga/cyberagent-DeepSeek-R1-Distill-Qwen-32B-Japanese-gguf:Q4_K_M,c,b,False,0.95,False
119A48,huggingface.co/mmnga/cyberagent-DeepSeek-R1-Distill-Qwen-32B-Japanese-gguf:Q4_K_M,a,e,False,0.85,True
119A49,huggingface.co/mmnga/cyberagent-DeepSeek-R1-Distill-Qwen-32B-Japanese-gguf:Q4_K_M,d,d,True,0.95,True
119A50,huggingface.co/mmnga/cyberagent-DeepSeek-R1-Distill-Qwen-32B-Japanese-gguf:Q4_K_M,a,c,False,0.95,True
119A51,huggingface.co/mmnga/cyberagent-DeepSeek-R1-Distill-Qwen-32B-Japanese-gguf:Q4_K_M,c,e,False,0.9,True
119A52,huggingface.co/mmnga/cyberagent-DeepSeek-R1-Distill-Qwen-32B-Japanese-gguf:Q4_K_M,c,d,False,0.95,True
119A53,huggingface.co/mmnga/cyberagent-DeepSeek-R1-Distill-Qwen-32B-Japanese-gguf:Q4_K_M,c,c,True,0.85,False
119A54,huggingface.co/mmnga/cyberagent-DeepSeek-R1-Distill-Qwen-32B-Japanese-gguf:Q4_K_M,d,d,True,0.85,True
119A55,huggingface.co/mmnga/cyberagent-DeepSeek-R1-Distill-Qwen-32B-Japanese-gguf:Q4_K_M,a,a,True,0.9,False
119A56,huggingface.co/mmnga/cyberagent-DeepSeek-R1-Distill-Qwen-32B-Japanese-gguf:Q4_K_M,a,a,True,0.85,False
119A57,huggingface.co/mmnga/cyberagent-DeepSeek-R1-Distill-Qwen-32B-Japanese-gguf:Q4_K_M,c,c,True,0.95,False
119A58,huggingface.co/mmnga/cyberagent-DeepSeek-R1-Distill-Qwen-32B-Japanese-gguf:Q4_K_M,c,c,True,0.95,True
119A59,huggingface.co/mmnga/cyberagent-DeepSeek-R1-Distill-Qwen-32B-Japanese-gguf:Q4_K_M,a,a,True,0.95,True
119A60,huggingface.co/mmnga/cyberagent-DeepSeek-R1-Distill-Qwen-32B-Japanese-gguf:Q4_K_M,d,a,False,0.9,True
119A61,huggingface.co/mmnga/cyberagent-DeepSeek-R1-Distill-Qwen-32B-Japanese-gguf:Q4_K_M,d,b,False,0.92,True
119A62,huggingface.co/mmnga/cyberagent-DeepSeek-R1-Distill-Qwen-32B-Japanese-gguf:Q4_K_M,e,e,True,0.95,True
119A63,huggingface.co/mmnga/cyberagent-DeepSeek-R1-Distill-Qwen-32B-Japanese-gguf:Q4_K_M,d,d,True,0.95,True
119A64,huggingface.co/mmnga/cyberagent-DeepSeek-R1-Distill-Qwen-32B-Japanese-gguf:Q4_K_M,b,b,True,1.0,False
119A65,huggingface.co/mmnga/cyberagent-DeepSeek-R1-Distill-Qwen-32B-Japanese-gguf:Q4_K_M,b,c,False,0.95,False
119A66,huggingface.co/mmnga/cyberagent-DeepSeek-R1-Distill-Qwen-32B-Japanese-gguf:Q4_K_M,e,d,False,0.85,True
119A67,huggingface.co/mmnga/cyberagent-DeepSeek-R1-Distill-Qwen-32B-Japanese-gguf:Q4_K_M,e,e,True,0.92,True
119A68,huggingface.co/mmnga/cyberagent-DeepSeek-R1-Distill-Qwen-32B-Japanese-gguf:Q4_K_M,be,b,False,0.75,False
119A69,huggingface.co/mmnga/cyberagent-DeepSeek-R1-Distill-Qwen-32B-Japanese-gguf:Q4_K_M,e,e,True,0.95,True
119A70,huggingface.co/mmnga/cyberagent-DeepSeek-R1-Distill-Qwen-32B-Japanese-gguf:Q4_K_M,ac,ae,False,0.95,True
119A71,huggingface.co/mmnga/cyberagent-DeepSeek-R1-Distill-Qwen-32B-Japanese-gguf:Q4_K_M,ae,ae,True,0.95,False
119A72,huggingface.co/mmnga/cyberagent-DeepSeek-R1-Distill-Qwen-32B-Japanese-gguf:Q4_K_M,ec,ce,False,1.0,False
119A73,huggingface.co/mmnga/cyberagent-DeepSeek-R1-Distill-Qwen-32B-Japanese-gguf:Q4_K_M,be,be,True,0.95,True
119A74,huggingface.co/mmnga/cyberagent-DeepSeek-R1-Distill-Qwen-32B-Japanese-gguf:Q4_K_M,ab,ab,True,0.95,True
119A75,huggingface.co/mmnga/cyberagent-DeepSeek-R1-Distill-Qwen-32B-Japanese-gguf:Q4_K_M,a,600,False,0.95,False
