number,has_image,gpt-4o,gpt-4o-explanation
119A1,False,a,
119A2,False,a,
119A3,False,d,
119A4,False,e,
119A5,False,b,
119A6,False,a,
119A7,False,e,
119A8,False,e,
119A9,False,d,
119A10,False,a,
119A11,True,b,
119A12,False,ce,
119A13,False,cd,
119A14,False,de,
119A15,True,a,
119A16,False,d,
119A17,False,c,
119A18,True,b,
119A19,False,b,
119A20,True,a,
119A21,True,a,
119A22,True,d,
119A23,True,b,
119A24,True,e,
119A25,False,e,
119A26,False,a,
119A27,False,e,
119A28,True,e,
119A29,True,d,
119A30,False,c,
119A31,False,d,
119A32,False,d,
119A33,True,c,
119A34,True,b,
119A35,True,a,
119A36,False,c,
119A37,True,b,
119A38,True,d,
119A39,False,e,
119A40,False,a,
119A41,False,b,
119A42,False,e,
119A43,True,b,
119A44,False,c,
119A45,False,c,
119A46,False,d,
119A47,False,b,
119A48,True,e,
119A49,True,d,
119A50,True,c,
119A51,True,d,
119A52,True,c,
119A53,False,c,
119A54,True,d,
119A55,False,a,
119A56,False,a,
119A57,False,c,
119A58,True,c,
119A59,True,a,
119A60,True,a,
119A61,True,b,
119A62,True,e,
119A63,True,d,
119A64,False,b,
119A65,False,c,
119A66,True,d,
119A67,True,e,
119A68,False,b,
119A69,True,e,
119A70,True,ae,
119A71,False,ae,
119A72,False,ce,
119A73,True,be,
119A74,True,ab,
119A75,False,a,
