question_number,question_text,choices,has_image,gpt-4o_answer,gpt-4o_explanation,gpt-4o_confidence,o1_answer,o1_explanation,o1_confidence,o3-mini_answer,o3-mini_explanation,o3-mini_confidence,,,
119C1,119C健康日本21(第3次)で目標とされていないのはどれか。,a. 健康経営の推進 | b. 救命救急センター数の増加 | c. メンタルヘルス対策に取り組む事業場の増加 | d. 利用者に応じた食事提供をしてくれる特定給食施設の増加 | e. 「居心地がよく歩きたくなる」まちなかづくりに取り組む市町村数の増加,FALSE,b,「健康日本21(第3次)」の目標は、国民の健康増進を目指し、予防医療や健康的な生活習慣の促進に重きを置いています。「救命救急センター数の増加」は急性期医療体制の拡充に関連するものであり、健康増進や予防医療とは直接関係がないため目標とはされていない可能性が高いと考えました。,0.9,b,健康日本21(第3次)は生活習慣病予防や健康的な生活環境づくりを重視しており、救命救急センターの数の増加は目標に含まれていないため。,0.9,b,健康日本21(第3次)は、生活習慣病予防やメンタルヘルス、地域における健康づくりなどに焦点を当てており、救命救急センター数の増加はその主要目標に含まれていないため。,0.95,,,
119C2,日本、韓国、イタリア、スウェーデン、ドイツの老年人口の割合の推移(別冊No.1)を別に示す。日本はどれか。,a. 1 | b. 2 | c. 3 | d. 4 | e. 5,FALSE,e,日本は老年人口の割合が特に高いため、グラフの中で一番上昇している線を選びました。,0.9,d,2000年代以降に最も高い老年人口比率を示している折れ線が4であり，これが日本の推移に相当するため。,1.0,d,日本は既に高齢化が進んでおり、他国と比較して老年人口の割合が高いことが知られています。示されたグラフの中で、急激に上昇し高い割合を示しているのがグラフ4であり、これが日本の実態を反映していると判断できるためです。,0.9,,,
119C3,精神保健福祉センターの業務はどれか。 ,a. 要介護認定 | b. 障害年金の認定 | c. 麻薬の取り締まり | d. 心神喪失者の精神鑑定 | e. 精神医療審査会の事務,FALSE,e,精神保健福祉センターの業務は、精神保健に関する事務や支援を行うことであり、精神医療審査会の事務もその一部です。その他の選択肢は精神保健福祉センターの業務に該当しません。,0.8,e,精神保健福祉センターは精神医療審査会の事務を担うため。その他の選択肢は該当しない。,0.9,e,精神保健福祉センターは、地域の精神保健に関する支援体制の一環として、精神医療審査会の事務などの業務を担っているため。,1.0,,,
119C4,地域住民の喫煙者割合を把握するため質問紙調査を行う。偶然誤差と関連するのはどれか。 ,a. 喫煙の定義 | b. 記名の有無 | c. 質問の妥当性 | d. 調査対象者数 | e. 無作為抽出の有無,FALSE,d,偶然誤差は、調査対象者数によって影響を受けることがあります。調査対象者数が少ないほど、結果のばらつきが大きくなり、偶然誤差が大きくなるためです。他の選択肢は調査設計や方法論と関連しますが、偶然誤差に直接関与するものではありません。したがって、「調査対象者数」が偶然誤差と関連します。,0.9,d,偶然誤差はサンプルサイズ（調査対象者数）が増えるほど小さくなるため、調査対象者数が偶然誤差に関連する。,0.9,d,偶然誤差は主に標本のばらつきによる誤差であり、調査対象者数が少ないとそのばらつきが大きくなるため、サンプルサイズが偶然誤差に直接影響します。その他の選択肢は概念の定義やシステマティックなバイアスに関与するため、偶然誤差とは直接関連しません。,1.0,,,
119C5,児童虐待の防止などに関する法律で児童虐待の定義に規定されていないのはどれか。 ,a. 性的虐待 | b. 経済的虐待 | c. 身体的虐待 | d. 心理的虐待ネグレクト,FALSE,b,児童虐待防止法における児童虐待の定義には、身体的虐待、性的虐待、心理的虐待、ネグレクトが含まれますが、経済的虐待は規定されていません。,0.9,b,児童虐待の定義には身体的虐待、性的虐待、心理的虐待およびネグレクトが含まれ、経済的虐待は規定されていないため。,1.0,b,児童虐待の防止等に関する法律では、児童に対する身体的虐待、性的虐待、心理的虐待（ネグレクトを含む）が規定されていますが、経済的虐待はその定義に含まれていません。,0.95,,,
119C6,介護保険による機能訓練で正しいのはどれか。 ,a. 介護福祉士が実施する。 | b. 利用者は減少している。 | c. 医師の指示が必要である。 | d. 家事動作訓練が含まれる。 | e. 特定機能病院で実施される。,FALSE,c,介護保険における機能訓練は、利用者の身体機能の回復や維持を目的としており、専門的なリハビリテーションの観点から医師の指示が必要です。また、機能訓練指導員等の専門職が関与しますが、医療的な指示に基づいて行われるため、cが正解です。他の選択肢は、介護保険の機能訓練の実施主体や内容に関して誤った要素を含む可能性があります。,0.8,c,介護保険のリハビリテーション（機能訓練）は、医師の指示の下で実施される必要があるため。,0.9,d,介護保険の機能訓練は、医師の指示を必要とせず、利用者が増加傾向にある中で実施されるもので、日常生活動作の改善を目的とした家事動作訓練が含まれます。他の選択肢は、実施者（介護福祉士のみではなく、理学療法士や作業療法士などが関与することが一般的）、利用者数の傾向、また実施場所（特定機能病院ではない）と合致しないため、正しくありません。,0.95,,,
119C7,介護保険で正しいのはどれか。 ,a. 保険料は79歳まで支払う。 | b. 保険料は全市町村で同じである。 | c. 保険料は65歳から納付義務がある。 | d. サービス利用で自己負担は生じない。 | e. 所得によって支払う保険料が異なる。,FALSE,c,介護保険制度では、原則として65歳から第一号被保険者として保険料の納付義務が発生します。所得に応じて保険料が異なることから、選択肢eも正しいが、最も代表的な特徴を述べている点で選択肢cを選びました。,0.8,e,介護保険料は所得に応じて異なるため。,1.0,e,介護保険においては、保険料は市町村ごとに算定され、その額は被保険者の所得に応じて異なる仕組みになっているため、eが正しい。aは支払期間の設定が誤り、bは自治体ごとに異なるため、cは一般的には65歳以上が対象だが、対象には40～64歳の一部もいる点で不正確、dは利用時に通常自己負担（例えば10％）が発生するため誤りである。,1.0,,,
119C8,病院搬入時にショックを合併する鈍的外傷患者のエックス線撮影で、胸部とともに撮影する部位はどれか。 ,a. 頭部 | b. 頸椎 | c. 腹部 | d. 骨盤 | e. 大腿骨,FALSE,d,鈍的外傷患者でショックを合併している場合、出血部位の特定が重要です。骨盤は大きな血管が存在するため、出血が起こりやすく、ショックの原因となり得る部位です。胸部とともに骨盤のx線撮影を行うことが多いです。,0.9,d,ショックを合併する鈍的外傷患者では、胸部エックス線と合わせて骨盤エックス線を撮影することが推奨されているため。,0.9,d,鈍的外傷におけるショックでは、骨盤骨折による大量出血が疑われるため、胸部x線撮影とともに骨盤x線撮影が推奨される。,1.0,,,
119C9,医師法で5年間の保存義務が規定されているのはどれか。,a. 紹介状 | b. 処方箋 | c. 診療録 | d. 看護記録 | e. エックス線写真,FALSE,c,医師法において、診療録（カルテなど）は5年間の保存が義務付けられています。他の選択肢には直接的に5年間の保存義務があるものは含まれていません。,0.9,c,医師法により診療録（カルテ）は5年間の保存が義務付けられているため。,1.0,c,「医師法」では、診療に関する記録である診療録に5年間の保存義務が定められており、他の選択肢についてはこの規定がないため。,1.0,,,
119C10,尿所見で、潜血3+、沈渣に赤血球1~4/HPFを示すのはどれか。,a. 腎梗塞 | b. 膀胱癌 | c. 尿路結石 | d. 自己免疫性溶血性貧血 | e. 膜性增殖性糸球体腎炎,FALSE,c,尿の潜血反応が強陽性である一方、赤血球の数が少ないことから、尿路結石の可能性が考えられます。通常、尿路結石が尿管などを傷つけて出血を引き起こすため、潜血は強く陽性になりがちです。他の選択肢は、実際の出血量や尿の状態が一致しないことが多いです。,0.8,d,自己免疫性溶血性貧血などによりヘモグロビン尿が生じると、尿潜血は強陽性にもかかわらず実際の赤血球数は少ないという所見がみられるから。,0.9,d,尿潜血の検査はヘム成分（ヘモグロビンやミオグロビン）のペルオキシダーゼ活性に反応するため、実際の赤血球がほとんどない場合でも強い反応を示します。自己免疫性溶血性貧血では、（特に寒冷型などでの）急性の溶血により血漿中に放出された遊離ヘモグロビンが尿中に排出され、潜血3+で沈渣に赤血球が1～4/hpfという検査所見となるため、この選択肢が最も適していると考えられます。,0.95,,,
119C11,思路障害はどれか。 ,a. 強迫観念 | b. 思考吹入 | c. 心気妄想 | d. 広場恐怖 | e. 滅裂思考,FALSE,e,思路障害は、思考の流れや組織が乱れる状態を指し、滅裂思考はその典型的な症状です。滅裂思考では、思考に一貫性がなくなり、関連性のない内容が飛び交います。他の選択肢は思路の障害というより特定の精神症状を示しています。,0.9,e,滅裂思考は思考過程が混乱しており、思路障害の代表的な所見であるため。,1.0,e,滅裂思考は思考の論理性や連続性が乱れる典型的な思路障害であり、他の選択肢（強迫観念、思考吹入、心気妄想、広場恐怖）はいずれも思考の形式的な乱れではなく、異なる精神症状に該当するため。,1.0,,,
119C12,乳児の運動発達評価のうち、微細運動を評価する所見はどれか。 ,a. 首がすわる。 | b. 手をみつめる。 | c. 寝返りをする。 | d. バイバイをする。 | e. ガラガラをつかむ。,FALSE,e,微細運動は手や指を使った細かい運動スキルの発達を指します。「ガラガラをつかむ」は手先を使った微細運動に関する行為であるため、正しい選択肢は「e. ガラガラをつかむ」です。他の選択肢は大まかな身体運動や社会的なジェスチャーに関するもので、微細運動の評価には当てはまりません。,0.9,e,ガラガラをつかむ動作が微細運動発達の評価所見にあたるため。,0.9,e,ガラガラをつかむ動作は、意図的な手の動きや握る力を伴い、乳児の微細運動（手指運動）の発達を評価する際の代表的な所見であるため。首がすわるや寝返りは粗大運動、バイバイは模倣や社会性の発達を示すため、最も適切なのはガラガラをつかむである。,1.0,,,
119C13,医療保険で利用可能なのはどれか。 ,a. 住宅改修 | b. 訪問診療 | c. 介護医療院 | d. 福祉用具貸与 | e. ショートステイ,FALSE,b,訪問診療は医療サービスの一環として提供され、医療保険でカバーされるサービスです。他の選択肢は介護保険や福祉サービスに該当するため、医療保険ではカバーされません。,1.0,b,訪問診療は医療保険の給付対象となるため。住宅改修や福祉用具貸与、ショートステイなどは介護保険の給付対象である。,1.0,b,訪問診療は医師による医療行為であり、医療保険の対象となります。他の選択肢は介護保険やその他の福祉制度の対象となるため、医療保険で利用可能なのは訪問診療のみです。,1.0,,,
119C14,感染症法に基づき就業制限の通知をできるのはどれか。 ,a. 産業医 | b. 事業者 | c. 主治医 | d. 感染症専門医 | e. 都道府県知事,FALSE,e,感染症法に基づく就業制限の通知は、通常、法的な権限を持った公的機関や担当者が行うものであり、日本の法制度では、都道府県知事がその権限を持っています。他の選択肢は、法律上、その通知を行う権限を持たないため正解ではありません。,0.9,e,感染症法上、就業制限の通知権限は都道府県知事に付与されているため。,1.0,e,感染症法において、就業制限の通知権限は公的機関に属し、都道府県知事がその権限を持っています。その他の選択肢は法的な通知権限を有していないため、正解はeとなります。,1.0,,,
119C15,正常の血清蛋白電気泳動を以下に示す。別冊No.1Cを別に示す。多発性骨髄腫でみられるM蛋白が出現する分画はどれか。,a. 1 | b. 2 | c. 3 | d. 4 | e. 5,FALSE,e,多発性骨髄腫で見られるm蛋白は、血清蛋白電気泳動のグロブリン分画に出現します。この分画は通常、最後のピークに該当し、選択肢「e. 5」に対応します。,1.0,e,m蛋白はγ-グロブリン分画に増加するため。,1.0,e,血清蛋白電気泳動では、通常1がアルブミン、2がα1グロブリン、3がα2グロブリン、4がβグロブリン、5がγグロブリンを示します。多発性骨髄腫のm蛋白は、単一の免疫グロブリンとしてγグロブリン分画に現れるため、答えはeとなります.,1.0,,,
119C16,生物濃縮を受けやすい物質の特徴はどれか。 ,a. 沸点が高い。 | b. 水溶性である。 | c. 急性毒性が強い。 | d. 化学的に不安定である。 | e. 生体内で代謝されやすい。,FALSE,a,生物濃縮を受けやすい物質は、一般的に脂溶性であり、化学的に安定で代謝されにくいものです。沸点が高い有機化合物も脂溶性であることが多く、生物体内に蓄積されやすい特徴を持つため、選択肢の中では最も適しています。,0.8,a,生物濃縮を受けやすい物質は脂溶性が高く、化学的に安定である場合が多く、結果として沸点が高いことが多い。,0.8,a,高沸点の物質は低揮発性で環境中で分解されにくいため、体内に蓄積しやすく、生物濃縮の対象となる。一方、水溶性、化学的不安定さ、及び生体内での速やかな代謝は生物濃縮を妨げる要因となる。,1.0,,,
119C17,胃から吸収されるのはどれか。 ,a. 鉄 | b. 葉酸 | c. 脂肪酸 | d. エタノール | e. グルコース,FALSE,d,胃から直接吸収されるものとしてよく知られているのはエタノールであり、他の栄養素は主に小腸で吸収されます。エタノールは胃の粘膜を通じて迅速に吸収されるため、胃の吸収に関して代表的な物質です。他の選択肢は胃ではなく小腸で主に吸収されます。,0.9,d,エタノールは胃でも吸収されるため,1.0,d,エタノールは胃および小腸で効率的に吸収されるため、胃からも吸収されます。他の選択肢は主に小腸で吸収される物質です。,1.0,,,
119C18,Which of the following diseases does NOT cause person-to-person transmission?,a. Malaria | b. Measles | c. Meningococcal meningitis | d. Pertussise | e. Syphilis,FALSE,a,Malaria is transmitted by mosquitoes (vector-borne transmission) and does not spread directly from person to person. In contrast, the other diseases listed are transmitted through direct contact, respiratory droplets, or bodily fluids.,0.95,a, マラリアは蚊による媒介が主であり、人から人への直接伝播はないため。,1.0,a,Malaria is transmitted through the bite of an infected mosquito rather than through direct person-to-person contact,1.0
119C19,母子保健法で規定されているのはどれか。 ,a. 定期予防接種 | b. 児童虐待に係る通告0人工妊娠中絶の要件 | d. 低出生体重児の届出 | e. 就学時健康診断の実施,FALSE,d,母子保健法では、妊産婦や新生児の健康管理を目的としており、特に低出生体重児の届出についても規定されています。他の選択肢はそれぞれ別の法律や制度に関連付けられているため、これが正しい答えです。,0.9,d,母子保健法では低出生体重児の届出が規定されているため。,1.0,d,母子保健法は、母子の健康管理や状況の把握を目的としており、その中には低出生体重児の届出に関する規定が含まれています。他の選択肢（定期予防接種、児童虐待や中絶の要件、就学時健康診断）は、それぞれ別の法律や制度で規定されているため、正解は「低出生体重児の届出」となります.,0.9,,,
119C20,Parkinson病の症候で、等間隔の線をまたぐ歩行訓練が有効なのはどれか。 ,a. 加速歩行 | b. 姿勢異常 | c. すくみ足 | d. 突進現象 | e. 静止時振戦,FALSE,c,等間隔の線をまたぐ歩行訓練は、パーキンソン病の患者に見られるすくみ足（フリージング）に効果的です。これは、視覚的な手掛かりを与えることで患者が一歩を踏み出しやすくなるためです。他の選択肢はこの訓練の直接的な改善対象ではありません。,0.9,c,パーキンソン病のすくみ足（freezing of gait）に対しては、床に引いた等間隔の線をまたぐ訓練が有効であるため。,0.9,c,「すくみ足」はパーキンソン病における凍結歩行の一種で、外部の視覚的な手がかり（等間隔の線）を利用することで歩行開始や歩調の安定が促され、症状の改善につながるためです。,1.0,,,
119C21,抗原提示能をもつのはどれか。 ,a. T細胞 | b. 血小板 | c. 好酸球 | d. 好中球 | e. 樹状細胞,FALSE,e,樹状細胞は、抗原提示能を持つ主要な細胞であり、抗原を捕捉してt細胞に提示する役割を担っている。t細胞、血小板、好酸球、好中球は抗原提示能を持たない。,1.0,e,プロの抗原提示細胞として最も代表的なのは樹状細胞であるため。,1.0,e,樹状細胞は主要な抗原提示細胞であり、他の選択肢であるt細胞、血小板、好酸球、好中球は通常抗原提示能を持たないため。,1.0,,,
119C22,家系図を以下に示す。別冊No.1Aを別に示す。この遺伝形式で発症する単一遺伝子病はどれか。,a. 口蓋裂 | b. 血友病A | c. Hunter症候群 | d. フェニルケトン尿症 | e. 神経線維腫症Ⅰ型〈von Recklinghausen病〉,FALSE,b,家系図は伴性劣性遺伝のパターンを示しています。血友病aはx連鎖劣性遺伝病です。,1.0,e,系譜から常染色体優性遺伝が示唆され、神経線維腫症ⅰ型が該当するため。,1.0,e,家系図から垂直性・両性への伝播が認められる自家伝性(常染色体優性)パターンと推測されるため、選択肢の中でこの形式の単一遺伝子病に該当する神経線維腫症ⅰ型〈von recklinghausen病〉が正解となる。,0.95,,,
119C23,Bell麻痺の症状で誤っているのはどれか。 ,a. 口角の下垂 | b. 前頭筋の麻痺 | c. 聴覚過敏 | d. 複視 | e. 味覚障害,FALSE,d,bell麻痺は顔面神経の麻痺であり、顔の表情筋や味覚、涙腺、唾液腺に影響を与えるが、眼球運動に関与する筋肉には影響を及ぼさないため、複視は症状として誤っている。,0.95,d,ベル麻痺では顔面神経麻痺により口角の下垂や前頭筋麻痺、聴覚過敏、味覚障害は生じるが、複視は通常みられないため。,1.0,d,bell麻痺は顔面神経（第vii脳神経）の障害によるもので、顔面の筋肉の麻痺により口角の下垂、前頭筋の麻痺、聴覚過敏（耳小骨の麻痺による）、味覚障害が起こります。一方、複視は眼球運動を司る他の脳神経の問題であり、bell麻痺の直接的な症状ではありません。,1.0,,,
119C24,持続可能な開発のための2030アジェンダ〈SDGs〉の1つであるゴール3「あらゆる年齢のすべての人々の健康的な生活を確保し、福祉を促進する」で具体的な目標となっているのはどれか。,a. 水·衛生へのアクセス | b. 国内および国家間の不平等の是正 | c. 社会的な健康規定要因への取り組み | d. グローバル·パートナーシップの活性化 | e. ユニバーサル·ヘルス·カバレッジ〈UHC〉の達成,FALSE,e,sdgsのゴール3は「あらゆる年齢のすべての人々の健康的な生活を確保し、福祉を促進する」という目標であり、その具体的な目標にはユニバーサル・ヘルス・カバレッジ（uhc）の達成が含まれています。このため、選択肢eが正解です。他の選択肢はsdgsの他のゴールに関連しています。,0.9,e,ゴール3の目標にはユニバーサル・ヘルス・カバレッジ（uhc）の達成が含まれるため。,1.0,e,ゴール3では「あらゆる年齢のすべての人々の健康的な生活を確保し、福祉を促進する」ために、ユニバーサル・ヘルス・カバレッジ（uhc）の達成が具体的な目標の一つとして明記されているためです。,1.0,,,
119C25,(ア)とは、障害者が健常者と同じように家庭や地域で共に生活することを目指す理念である。その手段として物理的、社会的障壁の除去を目的とする(イ)、障害の有無にかかわらず誰もが快適な環境を目指す(ウ)などがある。ア~ウの組合せで正しいのはどれか。 ,a. (ア)リハビリテーション (イ)バリアフリー (ウ)ノーマライゼーション | b. (ア)リハビリテーション (イ)ユニバーサルデザイン (ウ)バリアフリー | c. (ア)ノーマライゼーション (イ)バリアフリー (ウ)ユニバーサルデザイン | d. (ア)ノーマライゼーション (イ)ユニバーサルデザイン (ウ)バリアフリー | e. (ア)リハビリテーション (イ)ユニバーサルデザイン (ウ)ノーマライゼーション,FALSE,c,"""ノーマライゼーション""は、障害者が健常者と共に生活することを目指す理念です。""バリアフリー""は物理的、社会的障壁の除去を目的とし、""ユニバーサルデザイン""は誰もが快適に過ごせる環境を目指します。この組み合わせに合致するのは選択肢cです。",1.0,c,(ア)はノーマライゼーション、(イ)はバリアフリー、(ウ)はユニバーサルデザインの組合せが正しいため。,1.0,c,(ア)は障害者が地域で共に生活することを目指す理念であり、これはノーマライゼーションに該当する。(イ)は物理的・社会的障壁の除去を目的とするためバリアフリー、(ウ)は障害の有無にかかわらず快適な環境を提供するユニバーサルデザインが正しい組み合わせとなる。,1.0,,,
119C26,自己抗体と臓器障害の組合せで正しいのはどれか。 ,a. 抗MDA5抗体 - 間質性腎炎 | b. 抗Mi-2抗体 - 蝶形紅斑 | c. 抗SS-A抗体 - 皮膚硬化 | d. 抗TIF1-r抗体 - 硬化性胆管炎 | e. 抗アミノアシルtRNA合成酵素抗体〈抗ARS抗体〉 - 間質性肺炎,FALSE,e,抗アミノアシルtrna合成酵素抗体（抗ars抗体）は多発性筋炎/皮膚筋炎に関連し、その一部は間質性肺炎を伴うことが知られています。その他の選択肢は臓器の障害と合致しません。,0.9,e,抗ars抗体（抗アミノアシルtrna合成酵素抗体）は皮膚筋炎や多発性筋炎に合併する間質性肺炎と強く関連するため。,1.0,e,抗アミノアシルtrna合成酵素抗体（抗ars抗体）は、抗合成酵素症候群に関連し、間質性肺炎を伴うことが最も特徴的であるため。,1.0,,,
119C27,薬害エイズ事件で、医原性免疫不全症の原因となった非加熱濃縮血液製剤を用いて治療されていた疾患はどれか。 ,a. 血友病 | b. 多発性骨髄腫 | c. 無菌性髄膜炎 | d. 成人T細胞白血病 | e. Creutzfeldt-Jakob病,FALSE,a,薬害エイズ事件は、非加熱の濃縮血液製剤を使用していたことによりhivに感染した事件であり、主に血友病患者が影響を受けました。したがって、治療されていた疾患は「血友病」です。,1.0,a,非加熱濃縮血液製剤は血友病の治療に用いられ、薬害エイズ事件ではこれによりhiv感染が拡大した。,1.0,a,薬害エイズ事件は、非加熱濃縮血液製剤を用いた血友病の治療によりhiv感染が拡大した事例であるため。,1.0,,,
119C28,妊娠中期に低下するのはどれか。 ,a. 白血球数 | b. 一回換気量 | c. 大腿静脈圧 | d. インスリン抵抗性 | e. 血清クレアチニン値,FALSE,e,妊娠中期には、母体の循環血液量が増加するため、腎血流量と糸球体濾過量が上昇します。この結果、血清クレアチニン値が低下します。その他の選択肢は妊娠中期において減少しないか、むしろ増加することが一般的です。,0.9,e,妊娠中は糸球体濾過量が増加するため血清クレアチニン値が低下する。,0.9,e,妊娠中は、グロメルろ過率が増加するため、血清クレアチニン値が低下します。他の選択肢はむしろ増加するか変化がないため、eが正解です.,1.0,,,
119C29,ホルモン受容体異常症はどれか。 ,a. 骨軟化症 | b. Basedow病 | c. 慢性甲状腺炎 | d. 副甲状腺機能亢進症 | e. 偽性副甲状腺機能低下症,FALSE,e,偽性副甲状腺機能低下症は、ホルモン受容体からの信号伝達の異常によって起こる疾患であり、pth（副甲状腺ホルモン）の受容体の機能不全が原因です。他の選択肢はホルモン受容体異常症ではありません。,0.9,e,偽性副甲状腺機能低下症はpth受容体の下流シグナル伝達（g蛋白）障害によるホルモン受容体異常症であるため。,1.0,e,偽性副甲状腺機能低下症は、副甲状腺ホルモンに対する受容体の反応不全によって生じる典型的なホルモン受容体異常症であるため。,1.0,,,
119C30,下血を認めないのはどれか。 ,a. 大腸癌 | b. 潰瘍性大腸炎 | c. 虚血性大腸炎 | d. 過敏性腸症候群 | e. 非閉塞性腸管虚血症〈NOMI〉,FALSE,d,過敏性腸症候群（ibs）は、腸管の運動機能異常などによる機能的疾患であり、通常は出血を伴わず、下血を認めません。他の選択肢はすべて何らかの形で腸の粘膜障害や出血を伴う可能性があります。,0.9,d,過敏性腸症候群では粘血便や下血を認めることは基本的にないため。,1.0,d,過敏性腸症候群は機能性疾患であり、粘膜に直接的な病変がないため下血は認められません。一方、大腸癌、潰瘍性大腸炎、虚血性大腸炎、非閉塞性腸管虚血症は粘膜障害を伴うため下血を認めることがあります.,1.0,,,
119C31,反復使用した場合、身体依存を形成するのはどれか。 ,a. LSD | b. 大麻 | c. コカイン | d. アンフェタミン類 | e. ベンゾジアゼピン系薬,FALSE,e,ベンゾジアゼピン系薬は、長期間または高用量での使用により身体依存が形成されることがあります。他の選択肢は精神依存または身体依存の可能性が低いです。,0.9,e,ベンゾジアゼピン系薬は反復使用で身体依存を形成し、急な中断で離脱症状が起こるため。,1.0,e,ベンゾジアゼピン系薬は反復使用により身体依存（離脱症状を伴う）が形成されるため。その他の選択肢は主に精神依存中心であり、身体依存は起こりにくい。,1.0,,,
119C32,介護保険制度における主治医意見書に必ず記載するのはどれか。2つ選べ。,a. 家族歴 | b. 診断名 | c. アレルギー歴 | d. ワクチン接種歴 | e. 日常生活の自立度,FALSE,be,介護保険制度における主治医意見書には、被保険者の健康状態を正確に評価するために診断名や日常生活の自立度が必ず記載される。家族歴、アレルギー歴、ワクチン接種歴は重要な情報ではあるが、主治医意見書に必ずしも記載される項目ではない。,0.9,be,主治医意見書には診断名と日常生活の自立度を必ず記載する必要があるため。,0.9,be,主治医意見書は、介護保険の申請にあたり、医療状態を示す診断名と日常生活の自立度（adl評価）が必ず記載されるため、これらが選ばれます。その他の項目は必須ではありません。,0.95,,,
119C33,一般的な左冠動脈造影像(別冊No.2A)と右冠動脈造影像(別冊No.2B)を別に示す。心室中隔を灌流している冠動脈はどれか。2つ選べ。,a. 対角枝 | b. 右冠動脈 | c. 左回旋枝 | d. 左主幹部 | e. 左前下行枝,FALSE,be,,1.0,be,前下行枝(lad)が中隔前部を、右冠動脈(rca)が後下行枝(pda)を介して中隔後部を灌流するため。,0.9,be,心室中隔は主に左前下行枝（lad）からの中隔枝と、右冠動脈からの後下小枝（下部中隔枝）により灌流されるため。,1.0,,,
119C34,抗リン脂質抗体症候群の徴候はどれか。2つ選べ。,a. 脳梗塞 | b. 不育症 | c. 早発閉経 | d. 指尖陥凹性瘢痕 | e. 口腔粘膜再発性潰瘍,FALSE,ab,抗リン脂質抗体症候群（aps）は、血栓症や妊娠関連合併症（例えば習慣性流産、不育症）を伴う自己免疫疾患です。そのため、脳梗塞（血栓症の一種）と不育症が正しい選択肢です。他の選択肢は抗リン脂質抗体症候群の特徴的な徴候ではありません。,0.9,ab,抗リン脂質抗体症候群は血栓症（脳梗塞など）や習慣性流産（不育症）を特徴とするため。,0.9,ab,抗リン脂質抗体症候群は、動脈性および静脈性血栓症（例：脳梗塞）と、妊娠に関連する合併症（反復流産、不育症）を特徴とするため。,1.0,,,
119C35,肝内胆管癌のリスクファクターはどれか。3つ選べ。,a. 飲酒 | b. 肝内結石 | c. 経口避妊薬 | d. 塩素系有機溶剤 | e. 原発性硬化性胆管炎,FALSE,bde,肝内胆管癌のリスクファクターとして一般的に知られているものに、肝内結石（b）、原発性硬化性胆管炎（e）、塩素系有機溶剤（d）が挙げられます。これらは胆管に影響を与えることが知られており、肝内胆管癌のリスクを増加させます。飲酒は肝細胞癌のリスク因子であり、経口避妊薬は主に肝腺腫に関連するため、今回の肝内胆管癌には直接的に関連しないとされています。,0.9,bde,肝内結石、塩素系有機溶剤、原発性硬化性胆管炎はいずれも肝内胆管癌のリスクファクターとして知られている。,0.9,bde,肝内結石 (b) は胆管の慢性炎症を引き起こし発癌リスクを高め、塩素系有機溶剤 (d) への曝露も発癌が報告されており、原発性硬化性胆管炎 (e) は胆管の炎症性疾患として知られるため、これら3つがリスクファクターとなります。一方、飲酒 (a) や経口避妊薬 (c) は主要なリスク因子として認識されていません。,1.0,,,
119C36,73歳の男性。息切れの増強を主訴に来院した。喫煙は20歳から70歳まで20本/日であったが、3年前から息切れのため禁煙している。既往歴に特記すべきことはない。職業歴に工場や鉱山での勤務歴がある。意識は清明。身長162cm、体重52kg。体温36.4℃。脈拍76/分、整。血圧142/76mmHg。呼吸数20/分。SpO2(roomair)は自立歩行で診察室入室直後は86%、安静座位で深呼吸後は89%。心音に異常を認めない。呼吸音は両側の背部でfine cracklesを聴取する。呼吸機能検査:%VC88%、FEV1%67%、%DLco70%。鼻カニューラ2L/分酸素投与下での6分間歩行試験でSpO2は90%以上を維持していた。簡易睡眠無呼吸検査の結果、軽度の睡眠時無呼吸が明らかとなった。心エコー検査で中等度の肺高血圧を認める。胸部エックス線写真(別冊No.3A)と胸部単純CT(別冊No.3B)とを別に示す。胸部CTで明らかな肺癌の合併を認めない。この患者に対する在宅酸素療法で期待される効果はどれか。,a. 肺拡散能の改善 | b. 肺癌の発症抑制 | c. 細菌性肺炎の併発予防 | d. 労作時呼吸困難の改善 | e. 睡眠時無呼吸発作の減少,FALSE,d,この患者は中等度の肺高血圧を呈しており、在宅酸素療法によって酸素供給が改善されるため、労作時呼吸困難の改善が期待されます。肺拡散能や肺癌の発症抑制、細菌性肺炎の併発予防には直接関与しません。睡眠時無呼吸への影響も限定的です。,0.9,d,在宅酸素療法では労作時の低酸素を改善し、息切れを軽減する効果が期待されるため。,0.9,d,在宅酸素療法は慢性的な低酸素状態を改善することで、労作時の酸素飽和度を維持し、呼吸困難（労作時呼吸困難）の改善につながります。他の選択肢は直接的な効果としては期待されません。,1.0,,,
119C37,7歳の男児。嘔吐と下痢を主訴に母親に連れられて来院した。2日前から38℃の発熱、嘔吐及び1日8回の水様下痢が持続しており、経口水分摂取が困難なため入院した。入院時検査で便中ノロウイルス抗原が陽性であった。研修医がビニールエプロン、サージカルマスク、アイガード及びディスポーザブル手袋を着用し病室で診察をしていたところ、患児がプラスチック製テーブルの上に少量嘔吐した。研修医は嘔吐後の患児の状態が安定していることを確認後、1ペーパータオルで吐物を拭き取り、2ペーパータオルをビニール袋に入れて密封後に3医療廃棄物用のごみ箱に捨て、テーブルの上を4アルコール綿で拭いて消毒した。その後、ディスポーザブル手袋、アイガード、ビニールエプロン、サージカルマスクを医療廃棄物用のごみ箱に捨て、5自分の手を石鹸を用いて流水で洗浄した。:下線部のうち、対応で誤っているのはどれか。,a. 1 | b. 2 | c. 3 | d. 4 | e. 5,FALSE,d,ノロウイルスはアルコールでは不活化されないため、消毒にアルコール綿を使うのは不適切です。適切な方法は次亜塩素酸ナトリウムなどを使用することです。その他の選択肢は適切な手順で行われています。,0.9,d,ノロウイルス消毒にアルコールは不適切であり、次亜塩素酸ナトリウムなどを用いる必要があるため。,1.0,d,ノロウイルスは非被膜ウイルスであり、アルコールベースの消毒剤では十分に不活性化できないため、テーブル消毒にアルコール綿を用いるのは不適切な対応である。通常は次亜塩素酸ナトリウムなどの漂白剤が推奨される。,1.0,,,
119C38,41歳の初産婦(1妊0産)。妊娠40週4日、陣痛発来のため入院した。陣痛発来から16時間後に子宮口が全開し、3時間経過した。身長160cm、体重65kg。体温36.9℃。血圧138/84mmHg。陣痛間欠時は閉眼し、陣痛発作時にのみ唸り声をあげる。神経診察で異常を認めない。陣痛周期は5~6分、持続時間は20秒であった。児頭下降度はSP±0cm、2時方向に小泉門を触知した。胎児心拍数陣痛図で、胎児心拍数基線は140bpm、基線細変動は中等度、徐脈はなく、一過性頻脈を認める。次に行うのはどれか。,a. 吸引分娩 | b. 経過観察 | c. 帝王切開 | d. 胎児圧出法 | e. 子宮収縮薬投与,FALSE,a,問題のケースは分娩第2期が3時間以上経過しており、児頭の下降がsp±0cｍと進行していないため、経過観察は適切でない。また、直ちに帝王切開を選択する状況ではなく、陣痛周期にも改善の余地がある。経腟分娩の手段として吸引分娩を選択することで、児をとりあげることが可能と考えられる。,0.8,e,第2期が3時間経過しているが胎児心拍は正常であり、陣痛が十分ではないため、まずは子宮収縮薬による陣痛促進を試みるのが適切である。,0.9,e,この症例は初産婦で第二産程が全開後3時間経過しているが、陣痛の持続時間が20秒と短く、十分な推進力が得られていないため、陣痛を強化して促進する目的で子宮収縮薬投与が適切と判断される。,1.0,,,
119C39,98歳の女性。家族から呼吸が止まったと往診依頼があった。5年前に脳梗塞を発症し、3年前から寝たきりとなり、訪問診療を受けている。本人の意向で積極的な治療は行わずに在宅看取りの方針であった。1か月前からほとんど食事が摂れなくなり、体重が減少してきた。2週間前から傾眠状態となり、ここ数日は体を揺すっても反応がなかった。本日未明に依頼があり、早朝に往診した。家族によると4時間前に呼吸が止まったという。診察を行い、瞳孔散大、呼吸停止および心停止を確認した。背中にはわずかに死斑が出現し、顎関節には死後硬直が出現していた。身体に外傷はなく、るいそうと脱水所見を認めた。経過と死体所見から老衰による死亡と判断した。死亡診断書の直接死因欄に記載するのはどれか。,a. 老衰 | b. 心不全 | c. 脳梗塞 | d. 呼吸不全 | e. 不詳の死,FALSE,d,死亡診断書の直接死因欄には、最終的な臨床的な死因、すなわち死亡をもたらした解剖学的または病理学的状態を記載する必要があります。老衰による死は直接的には呼吸や心臓の機能停止として現れるため、呼吸停止を示す「呼吸不全」が適切です。,0.9,a,経過と所見から老衰による死亡と判断されるため、直接死因欄には「老衰」を記載する。,1.0,a,患者は長期間の機能低下と自然経過の末に死亡しており、臨床経過・死体所見から急性病変が認められないため、死亡診断書の直接死因欄には「老衰」と記載する。,1.0,,,
119C40,45歳の男性。労作時の息苦しさを主訴に来院した。3年前からカバンを持ったときに手を離しにくく、1年前からペットボトルのふたが開けにくいと感じるようになった。1か月前からわずかな労作でも息苦しさを感じるようになった。喫煙歴はない。意識は清明。身長168cm、体重48kg。体温36.5℃。脈拍68/分、整。血圧118/70mmHg。呼吸数16/分。SpO296%(roomair)。心音と呼吸音とに異常を認めない。腹部は平坦、軟。下腿に浮腫を認めない。胸鎖乳突筋の萎縮を認める。徒手筋力テストで筋力の低下があり、両下肢遠位筋は萎縮し、四肢の腱反射は低下している。母指球のハンマー叩打でミオトニアを認める。動脈血ガス分析(roomair):pH7.36、PaCO247Torr、PaO279Torr、HCO3-26mEq/L。胸部エックス線写真に異常を認めない。別に示す呼吸機能検査でのflow-volume曲線(別冊No.41~5)のうち、この患者で予想されるのはどれか。,a. 1 | b. 2 | c. 3 | d. 4 | e. 5,FALSE,c,臨床所見からミオトニアが疑われ、筋ジストロフィー等の神経筋疾患に関連する拘束性換気障害が考えられます。flow-volume曲線で拘束性障害を示すものが選択肢cです。,0.9,c,近位・遠位筋力低下を伴う神経筋疾患による呼吸筋低下が原因の拘束性換気障害が示唆され、flow-volume曲線では容量全体が縮小したパターン（③番）が予想されるため。,0.9,c,この症例は筋力低下とミオトニアを伴う神経筋疾患（例：ミオトニック・ジストロフィー）による呼吸筋不全を示しており、呼吸機能検査では全体の肺容量が低下する「拘束性換気障害」のパターンが予想されます。拘束性障害ではfev1およびfvcがともに低下しますが、fev1/fvc比は正常またはむしろやや高く、flow‐volume曲線は正常な形状を保ちながら全体が縮小しているため、選択肢3が適切です。,1.0,,,
119C41,55歳の男性。建設作業員として勤務中、高所から転落して頭部を強打したため救急車で搬入された。急性硬膜下血腫と診断され、血腫除去術を受けた。左下肢に麻痺があるが、高次脳機能に問題はなく、杖を使って歩行できるようになったため、退院後の復職を検討している。在籍している会社からは、資材管理部門への配置転換を提案されている。この患者の生活機能に関する評価を国際生活機能分類〈ICF〉で行った場合、会社の提案はどれに相当するか。,a. 活動 | b. 参加 | c. 環境因子 | d. 個人因子 | e. 心身機能·身体構造,FALSE,c,資材管理部門への配置転換の提案は、患者の状況に対する外部的な支援や環境の調整に当たるため、icfの「環境因子」に該当します。環境因子は個人が生活するための物理的、社会的、態度的環境を指します。,0.9,c,会社による配置転換の提案は、外部からの支援として環境因子（icfの「環境因子」）に該当するため。,0.9,c,icfでは、職場での配置転換など、外部の環境要因によって個人の社会参加が左右されるため、この提案は環境因子に該当する。,1.0,,,
119C42,37歳の女性。めまいと右耳の難聴を主訴に来院した。6か月前から回転性めまい発作を繰り返している。めまいの持続時間は30分から2時間程度で、めまいの際には、悪心、右耳の耳鳴および難聴を伴う。別に示すオージオグラム(別冊No.51~5)のうちこの患者のオージオグラムはどれか。,a. 1 | b. 2 | c. 3 | d. 4 | e. 5,FALSE,d,この症例はメニエール病が疑われます。メニエール病のオージオグラムは低音域での感音性難聴が特徴的です。図4はこの特徴に一致しており、低音域の聴力が低下しています。,0.9,a,メニエール病では初期に低音域優位の感音難聴を示すことが多く、提示されたオージオグラムのなかでは1番がそのパターンを最もよく示すため。,0.9,a,この患者は反復性の回転性めまい、悪心、耳鳴および難聴を呈しており、典型的なメニエール病の臨床像です。メニエール病では初期に低音域の感音難聴が見られるため、提示されたオージオグラムの中で低音域で聴力低下が認められるグラフ（図1）が最も適合します。,1.0,,,
119C43,30歳の女性(0妊0産)。挙児を希望して産婦人科を受診した。月経周期は30~60日、不整。3年前から高血圧症でカルシウム拮抗薬を内服している。仕事は小学校の教師。1年前に結婚した。身長160cm、体重90kg。脈拍72/分、整。血圧130/80mmHg。この患者の妊娠に向けた助言で適切なのはどれか。,a. 休職 | b. 体重の減量 | c. 妊娠の断念 | d. 降圧薬の中止 | e. 体外授精の開始,FALSE,b,患者の月経不順と肥満は、妊娠に影響を与える可能性があるため、体重の減量は妊娠を希望する上で重要です。体重減少により月経周期が整うことがあります。その他の選択肢は、このケースでは適切とは言えません。例えば、降圧薬を中止するのは危険ですし、体外授精はまず体重管理の努力をするのが一般的です。,0.9,b,肥満により月経不順や高血圧のリスクが高まるため、減量による血圧コントロールと排卵機能の改善が期待できる。,0.9,b,この患者は肥満であり、体重減少によって月経不順や排卵障害の改善が期待できるため、妊娠を希望する場合は体重の減量が適切な助言となる。,1.0,,,
119C44,40歳の女性。性器出血の持続を主訴に来院した。5日前から性器出血を認め、2日前から下腹部痛も伴うようになった。最終月経は4週間前。月経周期は30~60日、不整、持続5日間。身長153cm、体重50kg。体温36.5℃。脈拍80/分、整。血圧118/64mmHg。呼吸数18/分。腹部は平坦、軟で、肝·脾を触知しない。最初に行う対応はどれか。,a. 腹部単純CT | b. 妊娠反応検査 | c. 経腟超音波検査 | d. 子宮内膜組織診 | e. プロゲステロン投与,FALSE,b,性器出血や不整月経がある場合、妊娠の可能性をまず排除するために妊娠反応検査を行うことが重要です。特に年齢や症状が妊娠の可能性を示唆する場合、このステップは診断の基礎として必要です。,0.9,b,妊娠可能年齢の女性が性器出血を訴えた場合、まずは妊娠の有無を確認するために妊娠反応検査を行うことが基本となるため。,1.0,b,女性の生殖年齢において、性器出血と下腹部痛の症状が認められる場合、まずは妊娠の有無を確認し、妊娠関連の合併症（例：着床異常、流産など）を除外することが重要だからです。,1.0,,,
119C45,"10か月の男児。発熱を主訴に母親に連れられて夜間救急外来を受診した。在胎40週、身長49cm、体重3,150g、頭囲33cmで出生した。母子健康手帳で乳児健診の記録はなく、定期予防接種は行われていない。5日前から39℃台の発熱が続き、3日前に3分間のけいれんを起こしたが、医療機関の受診はしていなかった。100mLのミルクを1日4回与えているとのことである。身長63cm、体重6,500g、体温37.2℃、心拍数120/分、整。SpO298%(roomair)。表情は乏しく、活気も少ない。皮膚のツルゴールは低下している。体表に外傷やあざは認めない。おむつ内には乾いた便が付着しており、臀部は赤くかぶれてびらんがある。衣類は汚れが目立っていた。胸部聴診および腹部触診で異常を認めない。適切な対応はどれか。",a. 入院させる。 | b. 警察へ通報する。 | c. 自宅で経過観察させる。 | d. 家族に育児への協力を促す。 | e. 明日かかりつけ医を受診させる。,FALSE,a,この男児は育児放棄の可能性があり、脱水や栄養不良が考えられる状態です。即時の入院が必要であると判断されます。警察への通報も考慮する必要がありますが、まず急を要するのは男児の医療的なケアです。したがって、選択肢aの入院させることが最も適切な対応です。,0.9,b,明らかに医療および養育上のネグレクトが疑われる状況であり、医師には児童相談所または警察に通告する法的義務がある。選択肢中に児童相談所への通告がないため、警察へ通報する(b)が適切となる。,0.9,a,この男児は発熱、けいれんの既往に加え、低栄養・発育不良、脱水（皮膚のツルゴール低下）、不衛生な衣類といった徴候から明らかな育児不良が疑われる。これらのリスクを踏まえると、今後も安全に健康管理を行うため、医療的評価・治療および適切な社会的介入（例：児童相談機関との連携）が必要となるため、まず入院して総合的な評価を行うことが最も適切である。,0.95,,,
119C46,24歳の女性。自傷行為を繰り返すためパートナーに付き添われて来院した。パートナーの言動に不満があると、怒鳴るなどの行為が止まらず、衝動的に市販の総合感冒薬を過量に服用したり、前腕をカミソリで自傷したりする。大学院を卒業後、研究職に就いている。この患者に行う心理検査はどれか。,a. Rorschachテスト | b. 前頭葉機能検査〈FAB〉 | c. Wechsler成人知能検査 | d. リバーミード行動記憶検査 | e. Mini-MentalState Examination(MMSE),FALSE,a,患者は自傷行為や感情の不安定さ、衝動性を示しており、これは人格や情緒の評価が必要です。このようなケースでは、潜在的な感情や葛藤を理解するためのプロジェクティブテストであるrorschachテストが適していると考えられます。その他の選択肢は、知能や認知機能の評価を目的としており、今回のケースには適しません。,0.9,a,衝動性やパーソナリティ特徴の評価のために投影法の心理検査であるrorschachテストが適切であるため。,0.9,a,この患者は衝動性や自傷行為等が見られ、人格の内面や葛藤を評価する必要があるため、プロジェクティブテストであるrorschachテストが適していると考えられる。他の検査は認知機能や記憶の評価に適しており、今回のケースには合致しない。,1.0,,,
119C47,58歳の女性。既往歴に特記すべきことはない。昨日、交通事故で死亡した息子の通夜があった。息子の傍にいたいと言って棺が安置されている部屋に行ったまま、朝になっても帰ってこないのを不審に思った夫が部屋に行ったところ、棺内に上半身を入れた状態で死亡しているのを発見した。死因で考えられるのはどれか。,a. トルエン中毒 | b. 硫化水素中毒 | c. 一酸化炭素中毒 | d. 二酸化炭素中毒 | e. ホルマリン中毒,FALSE,c,一酸化炭素中毒は換気が不十分な環境や狭い空間で発生しやすい。棺の中に上半身を入れた状態で長時間過ごしたことが要因として考えられるため、一酸化炭素中毒が死因として最も考えられる。,0.8,d,遺体の冷却・保存のために用いられるドライアイスなどから高濃度の二酸化炭素が発生し、棺の内部で酸欠状態となったことが考えられるため。,0.9,d,棺という密閉空間内で上半身を入れていたことで、呼気により二酸化炭素が蓄積され、十分な換気がされなかったため二酸化炭素中毒による死が考えられる。,1.0,,,
119C48,"31歳の初妊婦(1妊0産)。妊娠34週4日、里帰り分娩目的で地元の産科診療所を紹介され受診した。既往歴と家族歴に特記すべきことはない。腹部超音波検査で胎児は頭位、推定体重1,500g、羊水指数〈AFI〉は3cmであった。次に行うべき検査はどれか。",a. 羊水検査 | b. 胎児MRI | c. 胎児心拍数モニタリング | d. 75g経口ブドウ糖負荷試験 | e. 成人T細胞白血病ウイルス検査,FALSE,c,afiが3cmと非常に低いことから羊水過少症が疑われ、胎児の健康状態を確認する必要があります。胎児心拍数モニタリングは胎児のストレスや健康状態を評価するために迅速かつ非侵襲的に可能であるため、最も適切な選択です。,0.9,c,胎児発育不全と羊水過少が疑われるため、まず胎児のwell-beingを評価するために胎児心拍数モニタリングを行う。,0.9,c,妊娠34週でafiが3cmという重度の低羊水は胎盤機能不全を示唆し、胎児虚血のリスクが高くなります。したがって、胎児の状態を迅速に評価するため、非侵襲的な胎児心拍数モニタリングが次に行うべき検査です。他の選択肢はこの状況では適応されません。,1.0,,,
119C49,"日齢0の女児。妊娠経過は異常なく、在胎40週1日、体重2,260g、身長42cm。Apgarスコア6点(1分)、8点(5分)で自然分娩で出生した。出生後、後頭部の突出、耳介低位、口唇口蓋裂、小顎、背中の多毛および筋緊張の低下を認めた。心エコー検査で心室中隔欠損と動脈管開存症を認めた。今後両親に説明の上、染色体検査を予定している。顔貌の写真(別冊No.6A)と手指の写真(別冊No.6B)とを別に示す。予想される染色体検査の結果はどれか。","a. 45,X | b. 46,XX | c. 47,XXX | d. 47,XX,+18 | e. 47,XX,+21",FALSE,d,記述された症状（口唇口蓋裂、小顎、耳介低位、多毛、心奇形）はエドワーズ症候群（18トリソミー）の特徴です。,0.95,d,低出生体重、後頭部突出、耳介低位、口唇口蓋裂、小顎、特有の指（重なり指）などedwards症候群（trisomy 18）の特徴が典型的にみられるため。,1.0,d,本症例は、出生時低体重、後頭部突出、耳介低位、口唇口蓋裂、小顎、背中の多毛、筋緊張低下に加え心室中隔欠損と動脈管開存症という特徴があり、これらはエドワーズ症候群（トリソミー18）に典型的な所見であるため。,1.0,,,
119C50,59歳の女性。がん検診で便潜血反応陽性を指摘され来院した。便通異常の自覚はない。意識は清明。身長152cm、体重46kg。体温36.1℃。脈拍64/分、整。血圧136/82mmHg。眼瞼結膜と眼球結膜とに異常を認めない。頸部リンパ節を触知しない。心音と呼吸音とに異常を認めない。腹部は平坦、軟で、肝·脾を触知しない。腸雑音に異常を認めない。四肢に浮腫を認めない。下部消化管内視鏡検査のS状結腸像(別冊No.7)を別に示す。生検組織の病理検査で高分化腺癌と診断された。患者から「私の病気の場合、どこに転移しやすいのでしょうか」との質問があった。この患者で最も転移の可能性が高い臓器はどれか。,a. 脳 | b. 肺 | c. 肝臓 | d. 骨髄 | e. 副腎,FALSE,c,結腸癌（特にs状結腸癌）は門脈を通じて肝臓に転移しやすい。この患者は高分化腺癌と診断されたため、肝臓が最も転移の可能性が高いと考えられる。,1.0,c,大腸癌は門脈を介して肝臓へ転移しやすいため,1.0,c,大腸がんは門脈循環を介して肝臓に転移しやすいため、この症例のようなs状結腸の高分化腺癌では肝臓転移が最も一般的です。,1.0,,,
119C51,"19歳の女性。無月経と倦怠感を主訴に来院した。1年前から体重の減量を目的に食事を減らすようになった。6か月前から月経がなく、1か月前から倦怠感を自覚しているため心配した母親とともに受診した。1年前と比較して体重は約10kg減少している。本人は減量に満足しておらずもう少し体重を減らしたいと考えている。意識は清明。身長160cm、体重40kg。体温36.0℃。脈拍56/分、整。血圧88/50mmHg。るいそうと下腿の軽度の圧痕性浮腫を認める。尿所見:蛋白(一)、糖(一)、ケトン体1+。妊娠反応陰性。血液所見:赤血球410万、Hb12.0g/dL、Ht40%、白血球3,200、血小板12万。血液生化学所見:AST20U/L、ALT18U/L、血糖82mg/dL、TSH3.6μU/mL(基準0.2~4.0)、LH3mIU/mL(基準1.8~7.6)、FSH4mIU/mL(基準5.2~14.4)、FT32.0pg/mL(基準2.3~4.3)、FT41.2ng/dL(基準0.8~2.2)、エストラジオール10pg/mL(基準25~75)。経腟超音波検査で子宮の軽度萎縮を認める。対応で適切でないのはどれか。",a. 栄養管理 | b. 心理療法 | c. 家族への支援 | d. 女性ホルモン投与 | e. 甲状腺ホルモン投与,FALSE,e,この患者は食事制限による体重減少が原因で無月経と倦怠感を生じていると思われ、摂食障害が示唆されます。この場合、栄養管理、心理療法、家族への支援は重要な対応です。女性ホルモン低下による症状もあるため、ホルモン投与が検討される可能性があります。しかし、甲状腺ホルモンは正常範囲内であり、投与する必要はないため、適切でない選択肢は甲状腺ホルモン投与です。,0.9,e,本症例は無月経と低体重が原因の機能的下垂体性甲状腺機能低下（いわゆるeuthyroid sick syndrome）であり、甲状腺ホルモン投与は不要なため。,1.0,e,この症例は摂食障害に伴う栄養不良と低体重による機能性無月経が認められるため、治療の基本は栄養管理、心理療法、そして家族への支援です。女性ホルモン投与は骨密度低下対策など限定的に検討される場合もありますが、根本的な治療法ではありません。一方、甲状腺ホルモン投与はtshやft4が正常であり、飢餓状態で起こる生理的な低t3症候群（適応現象）に対しては行うべきでないため、適切でない対応となります。,1.0,,,
119C52,8歳の女児。12月1日(金)午後6時から発熱を認めたため、12月2日(土)に母親に連れられて来院した。抗原検査でインフルエンザAと診断され、抗インフルエンザ薬を処方された。12月3日(日)には解熱し、症状が改善した。12月1日に発熱。12月2日に抗原検査要請。12月3日に解熱した。登校が可能になるのはどれか。,a. 4日(月) | b. 5日(火) | c. 6日(水) | d. 7日(木) | e. 8日(金),FALSE,c,インフルエンザにかかった場合、学校保健安全法では「発症した後5日を経過し、かつ解熱した後2日を経過するまで」は出席停止とされています。この女児は12月1日に発症し、12月3日に解熱しているため、発症の5日目は12月6日です。したがって、登校が可能になるのは12月6日（水）となります。,0.9,c,インフルエンザの出席停止基準は「発症後5日を経過し、かつ解熱後2日を経過するまで」である。12月1日に発熱し3日に解熱した場合、5日目にあたる6日(水)に登校可能となる。,1.0,c,インフルエンザ管理の基準では、発症日を含めた5日間の自宅療養が求められ、さらに解熱後24時間以上経過していることが条件となります。本症例では12月1日が発症日となるため、12月1日～5日を療養期間とし、なおかつ12月3日の解熱により解熱後24時間以上の条件も満たしています。よって、登校可能日は12月6日(水)となります。,0.95,,,
119C53,医師と保護者との会話を以下に示す。父親:「5歳の男の子です。幼稚園の先生から『4月から年長組になったので、小学校に入学するまでに接種すべき予防接種があります。夏休みに接種に行ってください』と言われたので、来ました」医師:「これまでの予防接種歴はどうですか」父親:「定期接種はすべて接種しています」医師:「直近の予防接種はいつですか」父親:「昨年の夏休みです」この児に接種すべき予防接種はどれか。,a. MRワクチン | b. 水痘ワクチン | c. 髄膜炎菌ワクチン | d. 小児用肺炎球菌ワクチン | e. インフルエンザ桿菌ワクチン,FALSE,a,"5歳時点で定期接種すべきワクチンとしてmrワクチン（麻疹風疹混合ワクチン）の2回目が考えられます。他の選択肢（b, c, d, e）は5歳時点で定期的に接種が推奨されるものではないためです。",0.9,a,年長組に進級する直前の年齢で接種すべき定期接種はmrワクチン（2期）であるため。,1.0,a,日本の定期接種では、小児期に水痘、肺炎球菌、インフルエンザ桿菌（hib）ワクチンは接種済みであり、髄膜炎菌ワクチンは通常定期接種に含まれません。一方、mrワクチンは1歳接種後、小学校入学前のブースター接種が必要とされるため、この児にはmrワクチンが接種すべき予防接種となります。,1.0,,,
119C54,68歳の女性。腰背部痛を主訴に来院した。本日、起床時に転倒し尻もちをついた後から、腰背部の痛みのため体動困難となったため受診した。40歳時から関節リウマチでメトトレキサートとグルココルチコイドを内服している。意識は清明。身長152cm、体重46kg。体温36.7℃。脈拍80/分、整。血圧144/88mmHg。呼吸数16/分。両下肢に感覚障害や運動障害を認めない。背部正中に叩打痛を認める。最も考えられる疾患はどれか。,a. 尿管結石 | b. 強直性脊椎炎 | c. 脊椎圧迫骨折 | d. 腰部脊柱管狭窄症 | e. 腰椎椎間板ヘルニア,FALSE,c,患者は65歳以上の高齢女性であり、関節リウマチの治療としてグルココルチコイドを長期にわたって使用しています。グルココルチコイドの長期使用は骨粗鬆症を引き起こしやすく、軽い転倒でも脊椎圧迫骨折を引き起こす可能性があります。腰背部の痛みおよび叩打痛は脊椎圧迫骨折を示唆しています。両下肢に感覚障害や運動障害がないこともこの診断を支持します。結石やヘルニア、脊柱管狭窄症の症状とは異なるため、cが最も適切です。,0.9,c,ステロイド内服や転倒による尻もちがきっかけとして、圧迫骨折を最も疑うため。,0.9,c,高齢でグルココルチコイド使用歴があり、骨粗鬆症リスクが高い患者で、転倒後の即時発症かつ背部正中の叩打痛が認められるため、脊椎圧迫骨折が最も考えられる。,1.0,,,
119C55,44歳の男性。健康診断で初めて血圧高値を指摘され来院した。健康診断時の血圧は138/88mmHgであった。体重は20歳ごろから変わっていない。既往歴に特記すべきことはない。喫煙歴はない。飲酒は月1回で日本酒0.5合(アルコール濃度15%)/回。健康診断後から毎日ジョギングを1時間している。身長162cm、体重58kg。BMI22.0。脈拍68/分、整。血圧134/82mmHg。心音と呼吸音とに異常を認めない。腹部は平坦、軟で、肝·脾を触知しない。下肢に浮腫を認めない。尿所見:蛋白(一)。血液生化学所見:クレアチニン0.7mg/dL、尿酸6.4mg/dL、空腹時血糖80mg/dL、HbAlc5.4%(基準4.9~6.0)、総コレステロール196mg/dL、トリグリセリド100mg/dL、HDLコレステロール68mg/dL。食事内容の評価で、食塩摂取量5.5g/日、野菜摂取量200g/日。この患者の生活習慣に対する指導で適切なのはどれか。,a. 「飲酒はやめましょう」 | b. 「塩分を控えましょう」 | c. 「体重を減らしましょう」 | d. 「運動量を増やしましょう」 | e. 「野菜を多く摂りましょう」,FALSE,e,この患者は健康診断で軽度の高血圧を指摘されていますが、現在の生活習慣は全体的に良好です。食塩摂取量は日本の基準よりも低く（日本高血圧学会の推奨は6g/日未満）、アルコール摂取も非常に控えめです。bmiも正常範囲内であり、運動も定期的に行っています。したがって、塩分やアルコール摂取をこれ以上制限する必要はなく、運動をさらに増やす必要もないです。野菜の摂取量がやや不足しているため、野菜を多く摂ることを指導するのが適切です。,0.9,e,bmiが正常で塩分摂取量も6g/日未満と推奨範囲に近いため、特に減量や塩分制限の強化は不要である。一方、野菜摂取量は350g/日以上が推奨されており、現在の200g/日は不足しているため「野菜を多く摂りましょう」が適切である。,1.0,e,本例では体重、運動、塩分、飲酒の面ではすでに適切な生活習慣が維持されていますが、野菜摂取量が200g/日と推奨量（約350g/日）に届いていないため、野菜を多く摂るよう指導することが適切です。,1.0,,,
119C56,"生後18時間の女児。在胎39週、体重2,900g、Apgarスコア8点(1分)、9点(5分)で頭位自然分娩で出生した。妊娠·分娩経過に異常はなかった。体温37.1℃。脈拍140/分、整。呼吸数48/分。SpO296%(roomair)。皮膚は赤く、チアノーゼは認めない。心音と呼吸音とに異常を認めない。腹部は平坦、軟で右肋骨弓下に肝を1cm触知するが、脾は触知しない。生後1時間から授乳を母乳で開始し、生後6時間にビタミンKを内服した。嘔吐は認めない。生後18時間に初めて排泄した便の写真(別冊No.8)を別に示す。適切な対応はどれか。",a. 補液 | b. 母乳継続 | c. 経鼻胃管留置 | d. ビタミンK製剤静注 | e. アレルギー用人工乳開始,FALSE,b,新生児の初回便（胎便）は黒緑色で粘稠性があり、通常の便で異常はないため、母乳継続が適切です。他に異常兆候がなく、経過も順調です。,0.9,b,正常な胎便であり、全身状態も良好なため授乳を継続するのみでよい。,0.9,b,新生児は全体的に安定しており、正常な身体所見と適切な初回便排泄（生後18時間にて）を示しています。特に異常が認められないため、現状の母乳授乳を継続するのが最も適切な対応です。,1.0,,,
119C57,62歳の男性。右眼の視野に見えにくい部分があることを主訴に来院した。既往歴として10年前に気管支喘息重積状態となり入院した。3年前から喘息発作を繰り返しており、総合病院の呼吸器内科外来に通院している。視力は右0.1(1.0×-3.0D)、左0.2(1.0×-2.5D)、眼圧は右27mmHg、左20mmHg。両眼の前眼部、中間透光体に異常を認めない。右眼の眼底写真(別冊No.9A)と視野検査の結果(別冊No.9B)とを別に示す。適切な点眼薬はどれか。,a. 抗菌薬 | b. β遮断薬 | c. 副交感神経刺激薬 | d. 副腎皮質ステロイド薬 | e. プロスタグランディン関連薬,FALSE,e,右眼の高眼圧（27mmhg）と視野異常から緑内障が疑われます。プロスタグランディン関連薬は眼圧低下作用があり緑内障治療に用いられます。気管支喘息の既往があるため、β遮断薬は避けるべきです。,0.9,e,喘息患者ではβ遮断薬は禁忌となるため，緑内障の第一選択薬としてプロスタグランディン関連薬を用いるのが適切である。,1.0,e,全身性既往歴として喘息があるため、β遮断薬は副作用として気管支収縮を引き起こす可能性があり不適です。眼底写真や視野検査で示唆される開放隅角緑内障に対しては、眼圧低下効果が高いプロスタグランディン関連薬が第一選択となるため、適切な点眼薬はeです。,1.0,,,
119C58,"82歳の男性。全身倦怠感を主訴に来院した。2週間前から全身倦怠感が持続し2日前に家族から顔色不良を指摘されため受診した。意識は清明。体温36.6℃。脈拍98/分、整。血圧138/80mmHg。血液所見:赤血球174万、Hb5.4g/dL、Ht16%、網赤血球1%、白血球1,800(分葉核好中球20%、好酸球1%、単球2%、リンパ球77%)、血小板8.2万。貧血に対して濃厚赤血球輸血を行ったが、輸血開始から2時間経過したところで呼吸困難を訴えた。意識は清明。体温37.0℃。脈拍132/分、整。血圧98/62mmHg。呼吸数18/分。SpO290%(roomair)。再度行なった血液型検査では不適合を認めず、不規則抗体は陰性で交差適合試験〈クロスマッチ〉で異常を認めなかった。原因で考えられるのはどれか。2つ選べ。",a. アナフィラキシー | b. 間質性肺炎 | c. ヘモクロマトーシス | d. 輸血関連急性肺障害 | e. 輸血後GVHD,FALSE,ad,輸血後に急速に呼吸困難が発生し、輸血不適合反応や不規則抗体がないことから、輸血関連急性肺障害（trali）が強く疑われます。traliは輸血後に起こる急性の呼吸困難で、通常、クロスマッチや抗体不適合と関係なく発生します。また、輸血後のアレルギー反応としてアナフィラキシーも考えられます。ヘモクロマトーシスやgvhdは急性の反応とは考えにくく、間質性肺炎も典型的な急性反応ではありません。したがって、aとdが最も適切な選択肢です。,0.9,ad,不適合や不規則抗体がなく急性の呼吸困難と低血圧を呈していることから，アナフィラキシーと輸血関連急性肺障害が考えられる。,0.9,ad,この症例は、輸血開始後2時間で呼吸困難、低酸素および軽度の血圧低下が認められており、対合試験や不規則抗体検査で異常がないため、免疫性溶血反応は除外される。輸血後の急性呼吸障害としては、（ｄ）輸血関連急性肺障害（trali）が典型的で、輸血後6時間以内に非心原性肺水腫として出現する。一方、（ａ）アナフィラキシーも血液製剤中の成分に対するige媒介反応として起こり得るが、通常は輸血開始直後に発症する。しかし、場合によっては発症タイミングにばらつきがあることから、今回のような症例では両者が鑑別として考えられるため、aとdが正解となる。,0.9,,,
119C59,83歳の男性。意識消失を主訴に救急車で搬入された。現病歴:15年前から高血圧症で治療中。約5年前から家族に難聴を指摘されている。3か月前から労作や安静に無関係の動悸を自覚するようになり、通院中の診療所で心室期外収縮を指摘された。本日、自宅で意識消失し倒れたことに家族が気付き、救急車を要請した。意識は数秒で回復した。家族によると、搬入時の様子はいつもと変わらないという。既往歴:74歳時に早期胃癌に対して内視鏡治療を施行。生活歴:喫煙は20歳から74歳まで20本/日。飲酒は焼酎のお湯割りを1合/日。長男夫婦、孫1人と4人暮らし。家族歴:父親は72歳時に胃癌で死亡。母親は78歳時に心筋梗塞で死亡。現症:ベッドで臥位となっており、開眼している。難聴があるものの、大きな声で話しかけると、本日の日付や現在いる場所、自分の名前と年齢を正確に答え、医師が診察していることを理解している。身長172cm、体重59kg。体温35.6℃。心拍数56/分、整。血圧152/68mmHg。呼吸数16/分。心音と呼吸音とに異常を認めない。腹部に異常を認めない。下腿に浮腫を認めない。神経診察では指示に従って四肢を動かすことができ、明らかな麻痺は認めない。 この患者の来院時のGlasgow Coma Scale〈GCS〉はどれか。,a. E4V5M6 | b. E4V5M5 | c. E4V5M4 | d. E3V4M6 | e. E3V4M5,FALSE,a,glasgow coma scaleは、開眼(eye opening)、言語反応(verbal response)、運動反応(motor response)の3つの指標で評価されます。患者は開眼しており、言語に正確に反応（v5）、そして指示に従って四肢を動かすことができる（m6）ため、e4v5m6が該当します。,0.9,a,自発開眼（e4）、見当識があり適切に受け答えができる（v5）、指示どおりに四肢を動かせる（m6）ため。,1.0,a,患者は開眼しており（e4）、大きな声で話しかけると正確に答え、意識があるため会話内容も明瞭で（v5）、神経診察で指示に従い四肢を動かすことができたため、運動反応は命令に従うもの（m6）と評価できる。,1.0,,,
119C60,83歳の男性。意識消失を主訴に救急車で搬入された。現病歴:15年前から高血圧症で治療中。約5年前から家族に難聴を指摘されている。3か月前から労作や安静に無関係の動悸を自覚するようになり、通院中の診療所で心室期外収縮を指摘された。本日、自宅で意識消失し倒れたことに家族が気付き、救急車を要請した。意識は数秒で回復した。家族によると、搬入時の様子はいつもと変わらないという。既往歴:74歳時に早期胃癌に対して内視鏡治療を施行。生活歴:喫煙は20歳から74歳まで20本/日。飲酒は焼酎のお湯割りを1合/日。長男夫婦、孫1人と4人暮らし。家族歴:父親は72歳時に胃癌で死亡。母親は78歳時に心筋梗塞で死亡。現症:ベッドで臥位となっており、開眼している。難聴があるものの、大きな声で話しかけると、本日の日付や現在いる場所、自分の名前と年齢を正確に答え、医師が診察していることを理解している。身長172cm、体重59kg。体温35.6℃。心拍数56/分、整。血圧152/68mmHg。呼吸数16/分。心音と呼吸音とに異常を認めない。腹部に異常を認めない。下腿に浮腫を認めない。神経診察では指示に従って四肢を動かすことができ、明らかな麻痺は認めない。 この患者の診察で適切でないのはどれか。,a. 耳元で話すようにする。 | b. 複雑な言い回しを避ける。 | c. プライバシーに配慮する。 | d. 本人からの問診は省略する。 | e. 筆談による意思疎通も併用する。,FALSE,d,患者の診察では基本的に本人からの問診を省略することは適切ではありません。患者本人が意識を取り戻しており、コミュニケーションが可能であるため、直接問診を行うことが重要です。他の選択肢は、難聴のある患者に配慮した適切な対応策です。,0.9,d,聴力低下はあるが本人は意識清明でやり取りが可能であるため、本人からの問診を省略することは不適切である。,1.0,d,患者は意識がはっきりしており、本人からの情報収集が重要です。本人の問診を省略するのは適切でないため、正解はdです。,1.0,,,
119C61,83歳の男性。意識消失を主訴に救急車で搬入された。現病歴:15年前から高血圧症で治療中。約5年前から家族に難聴を指摘されている。3か月前から労作や安静に無関係の動悸を自覚するようになり、通院中の診療所で心室期外収縮を指摘された。本日、自宅で意識消失し倒れたことに家族が気付き、救急車を要請した。意識は数秒で回復した。家族によると、搬入時の様子はいつもと変わらないという。既往歴:74歳時に早期胃癌に対して内視鏡治療を施行。生活歴:喫煙は20歳から74歳まで20本/日。飲酒は焼酎のお湯割りを1合/日。長男夫婦、孫1人と4人暮らし。家族歴:父親は72歳時に胃癌で死亡。母親は78歳時に心筋梗塞で死亡。現症:ベッドで臥位となっており、開眼している。難聴があるものの、大きな声で話しかけると、本日の日付や現在いる場所、自分の名前と年齢を正確に答え、医師が診察していることを理解している。身長172cm、体重59kg。体温35.6℃。心拍数56/分、整。血圧152/68mmHg。呼吸数16/分。心音と呼吸音とに異常を認めない。腹部に異常を認めない。下腿に浮腫を認めない。神経診察では指示に従って四肢を動かすことができ、明らかな麻痺は認めない。 診察中に患者は再び意識消失し、数秒後に回復した。意識消失時の心拍数は14/分、不整、血圧は90/56mmHg、呼吸数は16/分、心電図モニターの波形(別冊No.10)を別に示す。その後家族に詳細な病歴聴取をしたところ、今回のような数秒間の意識消失を5回以上認めていたことが明らかになった。次に行うべき治療はどれか。,a. 胸骨圧迫 | b. 緊急ペーシング | c. リドカイン静注 | d. アドレナリン静注 | e. カルディオバージョン,FALSE,b,患者は高度な徐脈と意識消失を繰り返しています。心拍数が14/分と非常に低く不整なため、電気的ペーシングが適応されます。,1.0,b,意識消失時に著明な徐脈と低血圧を認め、stokes-adams発作が疑われるため、まず緊急ペーシングを行う。,1.0,b,患者は意識消失時に心拍数が14/分と極度に低下しており、再現性のある意識消失エピソードから高度房室ブロック（またはそれに類する伝導障害）が疑われるため、即時のペーシングによる治療が適応される。,1.0,,,
119C62,"58歳の男性。発熱と意識障害のため救急車で搬入された。現病歴:昨日38.0℃の発熱があったため仕事を休み、市販の解熱鎮痛薬を内服して自宅で様子をみていた。今朝はベッドで横になったままで呼びかけに反応がなかったため、家族が救急車を要請した。既往歴:21歳時に交通外傷のため左腎臓と脾臓を摘出した。生活歴:会社員で事務作業が主体。喫煙歴はない。飲酒はビール350mL/日を週2回。52歳の妻、20歳台の息子2人と4人暮らし。ペットは飼育していない。ワクチン接種歴は確認できない。家族歴:父は78歳時に心筋梗塞で死亡。同居している家族に特記すべきことはない。現症:意識レベルはJCSⅢ-200。身長170cm、体重62kg。体温38.8℃。心拍数128/分、整。血圧76/52mmHg。呼吸数30/分。SpO291%(リザーバー付マスク10L/分酸素投与下)。皮膚は湿潤で著明な発汗を認める。眼瞼結膜と眼球結膜とに異常を認めず、頭頸部にはその他の異常も認めない。心音と呼吸音とに異常を認めない。腹部は平坦、軟で、肝を触知しない。左側腹部に手術痕を認める。両側足趾に暗紫色の色調変化を認める。下腿に浮腫を認めない。検査所見:血液所見:赤血球490万、Hb13.2g/dL、Ht39%、白血球2,000(骨髄球5%、後骨髄球13%、桿状核好中球38%、分葉核好中球41%、好酸球0%、好塩基球0%、単球1%、リンパ球2%)、血小板6.2万、PT-INR1.4(基準0.91.1)、フィブリノゲン426mg/dL(基準186~355)、Dダイマー30μg/mL(基準1.0以下)。血液生化学所見:総蛋白5.9g/dL、アルブミン2.8g/dL、総ビリルビン2.7mg/dL、直接ビリルビン1.8mg/dL、AST197U/L、ALT149U/L、LD351U/L(基準124~222)、ALP109U/L(基準38~113)、Y-GT60U/L(基準13~64)、アミラーゼ44U/L(基準44~132)、CK460U/L(基準59~248)、尿素窒素40mg/dL、クレアチニン2.1mg/dL、血糖98mg/dL、Na130mEq/L、K3.4mEq/L、Cl101mEq/L、Ca7.5mg/dL、乳酸28mg/dL(基準5~20)。CRP30mg/dL。動脈血ガス分析(リザーバー付マスク10L/分酸素投与下):pH7.33.PaCO228Torr,PaO284Torr,HCO3""18mEq/L.血液培養採取と同時に静脈絡を確保し、輸液と抗菌薬投与を開始したが、血圧が低下した状態が続いている。 次に投与すべきなのはどれか。",a. 血小板製剤 | b. ニトログリセリン | c. ノルアドレナリン | d. グルココルチコイド | e. 重炭酸ナトリウム液,FALSE,c,患者は低血圧（血圧76/52mmhg）と高心拍数（心拍数128/分）を示しており、感染に伴うショック（敗血症性ショック）の可能性が高いです。このような場合、昇圧剤であるノルアドレナリンの使用が適切です。ノルアドレナリンは血管を収縮させ、血圧を上昇させる効果があります。,0.9,c,輸液と抗菌薬投与を開始しても血圧低下が続く敗血症性ショックでは、まず血管作動薬であるノルアドレナリンの投与が推奨されるため。,0.9,c,この患者は敗血症性ショックと診断でき、輸液および抗菌薬投与後も持続的な低血圧が認められるため、次の治療として初期の血管収縮薬であるノルアドレナリンの使用が適応される。,1.0,,,
119C63,"58歳の男性。発熱と意識障害のため救急車で搬入された。現病歴:昨日38.0℃の発熱があったため仕事を休み、市販の解熱鎮痛薬を内服して自宅で様子をみていた。今朝はベッドで横になったままで呼びかけに反応がなかったため、家族が救急車を要請した。既往歴:21歳時に交通外傷のため左腎臓と脾臓を摘出した。生活歴:会社員で事務作業が主体。喫煙歴はない。飲酒はビール350mL/日を週2回。52歳の妻、20歳台の息子2人と4人暮らし。ペットは飼育していない。ワクチン接種歴は確認できない。家族歴:父は78歳時に心筋梗塞で死亡。同居している家族に特記すべきことはない。現症:意識レベルはJCSⅢ-200。身長170cm、体重62kg。体温38.8℃。心拍数128/分、整。血圧76/52mmHg。呼吸数30/分。SpO291%(リザーバー付マスク10L/分酸素投与下)。皮膚は湿潤で著明な発汗を認める。眼瞼結膜と眼球結膜とに異常を認めず、頭頸部にはその他の異常も認めない。心音と呼吸音とに異常を認めない。腹部は平坦、軟で、肝を触知しない。左側腹部に手術痕を認める。両側足趾に暗紫色の色調変化を認める。下腿に浮腫を認めない。検査所見:血液所見:赤血球490万、Hb13.2g/dL、Ht39%、白血球2,000(骨髄球5%、後骨髄球13%、桿状核好中球38%、分葉核好中球41%、好酸球0%、好塩基球0%、単球1%、リンパ球2%)、血小板6.2万、PT-INR1.4(基準0.91.1)、フィブリノゲン426mg/dL(基準186~355)、Dダイマー30μg/mL(基準1.0以下)。血液生化学所見:総蛋白5.9g/dL、アルブミン2.8g/dL、総ビリルビン2.7mg/dL、直接ビリルビン1.8mg/dL、AST197U/L、ALT149U/L、LD351U/L(基準124~222)、ALP109U/L(基準38~113)、Y-GT60U/L(基準13~64)、アミラーゼ44U/L(基準44~132)、CK460U/L(基準59~248)、尿素窒素40mg/dL、クレアチニン2.1mg/dL、血糖98mg/dL、Na130mEq/L、K3.4mEq/L、Cl101mEq/L、Ca7.5mg/dL、乳酸28mg/dL(基準5~20)。CRP30mg/dL。動脈血ガス分析(リザーバー付マスク10L/分酸素投与下):pH7.33.PaCO228Torr,PaO284Torr,HCO3""18mEq/L.血液培養採取と同時に静脈絡を確保し、輸液と抗菌薬投与を開始したが、血圧が低下した状態が続いている。 入院時に採取した血液培養が陽性となった。血液培養ボトル内容のGram染色標本(別冊No.11)を別に示す。考えられる原因微生物はどれか。",a. Clostridium perfringens | b. Enterococcus faecium | c. Haemophilus influenzae | d. Neisseria meningitidise | e. Streptococcus pneumoniae,FALSE,e,gram染色で示された双球菌は、肺炎球菌（streptococcus pneumoniae）に特徴的です。この患者の症状と臨床経過も一致します。,0.9,e,無脾状態での重症敗血症と、示されたgram染色像（ランセット形のgram陽性双球菌）からs. pneumoniaeが最も可能性が高い。,1.0,e,この患者は過去の脾摘出歴があり、opsi（overwhelming post‐splenectomy infection）の典型例です。脾臓がないと、肺炎球菌（streptococcus pneumoniae）など被膜糖鎖を持つ細菌に対する防御機構が低下し、急性敗血症性ショックやdicを引き起こすことが多いため、最も疑われます。,1.0,,,
119C64,"58歳の男性。発熱と意識障害のため救急車で搬入された。現病歴:昨日38.0℃の発熱があったため仕事を休み、市販の解熱鎮痛薬を内服して自宅で様子をみていた。今朝はベッドで横になったままで呼びかけに反応がなかったため、家族が救急車を要請した。既往歴:21歳時に交通外傷のため左腎臓と脾臓を摘出した。生活歴:会社員で事務作業が主体。喫煙歴はない。飲酒はビール350mL/日を週2回。52歳の妻、20歳台の息子2人と4人暮らし。ペットは飼育していない。ワクチン接種歴は確認できない。家族歴:父は78歳時に心筋梗塞で死亡。同居している家族に特記すべきことはない。現症:意識レベルはJCSⅢ-200。身長170cm、体重62kg。体温38.8℃。心拍数128/分、整。血圧76/52mmHg。呼吸数30/分。SpO291%(リザーバー付マスク10L/分酸素投与下)。皮膚は湿潤で著明な発汗を認める。眼瞼結膜と眼球結膜とに異常を認めず、頭頸部にはその他の異常も認めない。心音と呼吸音とに異常を認めない。腹部は平坦、軟で、肝を触知しない。左側腹部に手術痕を認める。両側足趾に暗紫色の色調変化を認める。下腿に浮腫を認めない。検査所見:血液所見:赤血球490万、Hb13.2g/dL、Ht39%、白血球2,000(骨髄球5%、後骨髄球13%、桿状核好中球38%、分葉核好中球41%、好酸球0%、好塩基球0%、単球1%、リンパ球2%)、血小板6.2万、PT-INR1.4(基準0.91.1)、フィブリノゲン426mg/dL(基準186~355)、Dダイマー30μg/mL(基準1.0以下)。血液生化学所見:総蛋白5.9g/dL、アルブミン2.8g/dL、総ビリルビン2.7mg/dL、直接ビリルビン1.8mg/dL、AST197U/L、ALT149U/L、LD351U/L(基準124~222)、ALP109U/L(基準38~113)、Y-GT60U/L(基準13~64)、アミラーゼ44U/L(基準44~132)、CK460U/L(基準59~248)、尿素窒素40mg/dL、クレアチニン2.1mg/dL、血糖98mg/dL、Na130mEq/L、K3.4mEq/L、Cl101mEq/L、Ca7.5mg/dL、乳酸28mg/dL(基準5~20)。CRP30mg/dL。動脈血ガス分析(リザーバー付マスク10L/分酸素投与下):pH7.33.PaCO228Torr,PaO284Torr,HCO318mEq/L.血液培養採取と同時に静脈絡を確保し、輸液と抗菌薬投与を開始したが、血圧が低下した状態が続いている。集中治療が継続されたが患者は入院4日目に死亡した。家族に病理解剖について説明したところ承諾され、実施することとなった。正しいのはどれか。""",a. 解剖終了後は遺体を家族に返還する。| b. 解剖に使用した器具は全て廃棄する。| c. 解剖を実施したことを警察に届け出る。|d. 解剖に関わった医療従事者は予防抗菌薬を内服する。|e. 死亡診断書は病理解剖報告書が完成した後に発行する。,FALSE,a,病理解剖（剖検）は医学的な目的で行われ、遺族の承諾を得て実施される。解剖終了後は遺体を家族に返還するのが原則であり、警察への届け出は不要である。また、使用した器具の全廃棄や医療従事者の予防抗菌薬投与の必要はなく、死亡診断書は解剖結果を待たずに発行される。,0.95,a,病理解剖後は通常、遺体は家族に返還されるため,0.95,a,解剖終了後は通常、遺体は家族に返還される。その他の選択肢は、器具は再使用のため消毒処理される（b）、家族承諾による病理解剖の場合、警察への届け出は不要（c）、医療従事者に予防抗菌薬の内服は不要（d）、死亡診断書は解剖報告前に発行される（e）ため誤りである。,0.95,,,
119C65,"30歳の男性。左前胸部痛と呼吸困難を主訴に来院した。現病歴:格闘技の選手。試合中に左前胸部を蹴られ、試合会場近くの病院を受診した。既往歴:特記すべきことはない。生活歴:一人暮らし。喫煙歴と飲酒歴はない。家族歴:父が大腸癌。現症:来院時、意識は清明。身長180cm、体重98kg。体温36.4℃。脈拍96/分、整。血圧102/72mmHg。呼吸数18/分。SpO297%(roomair)。眼瞼結膜と眼球結膜とに異常を認めない。口腔内に異常を認めない。甲状腺と頸部リンパ節とを触知しない。左前胸部に痛みを訴え、皮下出血を認める。腹部は平坦、軟で、肝·脾を触知しない。神経診察で異常を認めない。検査所見:血液所見:赤血球489万、Hb14.2g/dL、Ht44%、白血球11,200。血液生化学所見:総蛋白6.9g/dL、アルブミン4.2g/dL、AST36U/L、ALT32U/L、LD338U/L(基準124~222)、尿素窒素10mg/dL、クレアチニン0.8mg/dL、Na139mEq/L、K4.2mEq/L、Cl103mEq/L。動脈血ガス分析(roomair):pH7.43、PaCO243Torr、PaO284Torr、HCO3-28mEq/L。胸部単純CT(別冊No.12)を別に示す。C65この患者でみられる所見はどれか。",a. 呼気時間の延長 | b. 左呼吸音の減弱 | c. 左胸部のwheezes | d. 頸静脈の吸気時怒張 | e. 左胸部打診での鼓音,FALSE,b,ct画像と病歴から、左肺に気胸または血胸が疑われます。この場合、左側の呼吸音が減弱することが考えられます。,0.9,b,画像所見から左側の気胸が疑われ，その場合には患側の呼吸音が減弱する所見が最も典型的であるため。,0.9,e,この患者は左前胸部に外傷を受け、ctで気胸などの胸腔内空気の蓄積が認められる可能性が高いです。気胸では、胸部打診で空気の存在により鼓音（過剰な共鳴音）が得られるため、eが最も当てはまります。,0.9,,,
119C66,"30歳の男性。左前胸部痛と呼吸困難を主訴に来院した。現病歴:格闘技の選手。試合中に左前胸部を蹴られ、試合会場近くの病院を受診した。既往歴:特記すべきことはない。生活歴:一人暮らし。喫煙歴と飲酒歴はない。家族歴:父が大腸癌。現症:来院時、意識は清明。身長180cm、体重98kg。体温36.4℃。脈拍96/分、整。血圧102/72mmHg。呼吸数18/分。SpO297%(roomair)。眼瞼結膜と眼球結膜とに異常を認めない。口腔内に異常を認めない。甲状腺と頸部リンパ節とを触知しない。左前胸部に痛みを訴え、皮下出血を認める。腹部は平坦、軟で、肝·脾を触知しない。神経診察で異常を認めない。検査所見:血液所見:赤血球489万、Hb14.2g/dL、Ht44%、白血球11,200。血液生化学所見:総蛋白6.9g/dL、アルブミン4.2g/dL、AST36U/L、ALT32U/L、LD338U/L(基準124~222)、尿素窒素10mg/dL、クレアチニン0.8mg/dL、Na139mEq/L、K4.2mEq/L、Cl103mEq/L。動脈血ガス分析(roomair):pH7.43、PaCO243Torr、PaO284Torr、HCO3-28mEq/L。 その後総合病院へ搬入された。搬入後の状態は意識清明で、体温36.4℃、脈拍132/分、整、血圧92/52mmHg、呼吸数30/分、SpO292%(roomair)であった。酸素5L/分をマスクで投与し静脈絡を確保して輸液を開始した。初回のCTから2時間後の搬送先の病院での胸部造影CTの肺野条件(別冊No.13A)と縦隔条件(別冊No.13B)とを別に示す。搬送先の病院での胸部CTでみられる所見はどれか。",a. 左気胸 | b. 大動脈解離 | c. 縦隔気腫の増加 | d. 心囊液貯留の増加 | e. 左胸腔内液体貯留の増加,FALSE,c,縦隔周囲に気腫性の陰影が見受けられることから、縦隔気腫が増加していると考えられる。,0.9,c,造影ctで縦隔内の空気の増加（縦隔気腫）が認められるため。,0.9,e,この患者は左胸部の打撲後、初期は比較的安定していたが、搬送先病院到着時に血行動態が悪化（頻脈、低血圧、呼吸数増加、低酸素化）している。これは外傷後に進行性の出血、すなわち左胸腔内に血液が貯留している状態（hemothorax）と一致するため、胸部造影ctでは左胸腔内液体貯留の増加が認められると考えられる。,0.95,,,
119C67,"30歳の男性。左前胸部痛と呼吸困難を主訴に来院した。現病歴:格闘技の選手。試合中に左前胸部を蹴られ、試合会場近くの病院を受診した。既往歴:特記すべきことはない。生活歴:一人暮らし。喫煙歴と飲酒歴はない。家族歴:父が大腸癌。現症:来院時、意識は清明。身長180cm、体重98kg。体温36.4℃。脈拍96/分、整。血圧102/72mmHg。呼吸数18/分。SpO297%(roomair)。眼瞼結膜と眼球結膜とに異常を認めない。口腔内に異常を認めない。甲状腺と頸部リンパ節とを触知しない。左前胸部に痛みを訴え、皮下出血を認める。腹部は平坦、軟で、肝·脾を触知しない。神経診察で異常を認めない。検査所見:血液所見:赤血球489万、Hb14.2g/dL、Ht44%、白血球11,200。血液生化学所見:総蛋白6.9g/dL、アルブミン4.2g/dL、AST36U/L、ALT32U/L、LD338U/L(基準124~222)、尿素窒素10mg/dL、クレアチニン0.8mg/dL、Na139mEq/L、K4.2mEq/L、Cl103mEq/L。動脈血ガス分析(roomair):pH7.43、PaCO243Torr、PaO284Torr、HCO3-28mEq/L。 その後総合病院へ搬入された。搬入後の状態は意識清明で、体温36.4℃、脈拍132/分、整、血圧92/52mmHg、呼吸数30/分、SpO292%(roomair)であった。酸素5L/分をマスクで投与し静脈絡を確保して輸液を開始した。 行うべき対応はどれか。",a. 経過観察 | b. β遮断薬投与 | c. 気管插管陽圧換気 | d. 胸腔ドレーン挿入 | e. 非侵襲的陽圧換気〈NPPV〉,FALSE,d,患者は外傷後に呼吸困難と低酸素血症、そして血圧低下と頻脈が見られるため、胸部外傷、特に気胸や血胸の疑いがあります。この場合、最初に行うべきは胸腔ドレーン挿入です。これにより、胸腔内にたまった空気や血液を排出し、肺の再膨張を図ります。他の選択肢はこの状況には適していないと考えられます。,0.9,d,外傷に伴う気胸・血胸を疑い，ショックバイタルを呈しているため胸腔ドレーン挿入が必要と判断する。,0.9,d,この患者は左前胸部への打撃後に、初期は安定していたものの搬入後に血行・呼吸状態が悪化（頻脈、低血圧、呼吸数増加、低酸素血症）しており、緊張性気胸や大容量の血胸による生命を脅かす状態が疑われます。こうした外傷性の胸部合併症においては、迅速な胸腔ドレーン挿入が第一選択となるため、dを選びます。,0.95,,,
119C68,75歳の男性。転びやすさを主訴に来院した。現病歴:3年前から、就寝中に大きな声で寝言を言ったり、手足をバタバタ動かしたりしていることに妻が気付いていた。同時期から高度な便秘を自覚するようになった。1年前から、物忘れが多くなり、日付や予定を何度も妻に確認するようになった。同時期から、①*壁の模様や汚れを見て、虫が違っている*と言って殺虫剤を噴霧するようになった。②*入浴はひとりで可能*で、③*尿失禁はない*が、日によっては、妻が話しかけても反応が鈍く、友人に会っても④*あいさつをしなくなった。*また、⑤*自分が無力だと考えるようになった。*1か月前からは、動作が遅くなり、転びやすくなったため心配した家族に付き添われて受診した。既往歴:60歳から高血圧症で降圧薬を服用している。生活歴:70歳の妻と2人暮らし。喫煙歴はない。飲酒は機会飲酒。家族歴:父は脳梗塞で70歳時に死亡。母は胃癌で65歳時に死亡。現症:意識は清明。身長170cm、体重65kg。体温36.5℃。脈拍68/分、整。血圧136/82mmHg。呼吸数16/分。心音と呼吸音とに異常を認めない。腹部は平坦、軟で、肝·脾を触知しない。改訂長谷川式簡易知能評価スケール16点(30点満点)、Mini-MentalState Examination〈MMSE〉19点(30点満点)。脳神経に異常を認めない。四肢に筋力低下は認めない。四肢に軽度の筋強剛を認める。腱反射は正常で、Babinski徴候は陰性。歩行はやや前傾姿勢で、歩幅は小刻みである。 下線部のうち、高齢者機能評価簡易版〈CGA7〉の内容に含まれないのはどれか。,a. 1 | b. 2 | c. 3 | d. 4 | e. 5,FALSE,a,高齢者機能評価簡易版〈cga7〉の内容には、認知機能、日常生活動作（adl）、排尿状態、精神状態、行動観察などが含まれる。この問題の下線部のうち、「①壁の模様や汚れを見て、虫が違っていると言って殺虫剤を噴霧する」は、幻覚に関するものであり、cga7の標準的な評価項目には直接含まれないと考えられる。他の選択肢は日常生活に関連した機能や状態（例：入浴の自己管理、排尿状態、社会的交流、精神状態など）に関するもので、cga7に含まれる。,0.9,a,cga7（高齢者機能評価簡易版）ではadl（日常生活動作）や認知機能、抑うつ状態などを評価するが、幻視や幻覚といった精神症状の詳細評価は含まれないため。,0.9,a,cga7は高齢者のadl（例：入浴や排泄の自立）、社会性（例：あいさつの習慣）や情動面（例：無力感といった抑うつ症状）などの機能評価を目的としており、幻視や妄想といった精神病性症状は評価項目に含まれていないため。,0.95,,,
119C69,75歳の男性。転びやすさを主訴に来院した。現病歴:3年前から、就寝中に大きな声で寝言を言ったり、手足をバタバタ動かしたりしていることに妻が気付いていた。同時期から高度な便秘を自覚するようになった。1年前から、物忘れが多くなり、日付や予定を何度も妻に確認するようになった。同時期から、①*壁の模様や汚れを見て、虫が違っている*と言って殺虫剤を噴霧するようになった。②*入浴はひとりで可能*で、③*尿失禁はない*が、日によっては、妻が話しかけても反応が鈍く、友人に会っても④*あいさつをしなくなった。*また、⑤*自分が無力だと考えるようになった。*1か月前からは、動作が遅くなり、転びやすくなったため心配した家族に付き添われて受診した。既往歴:60歳から高血圧症で降圧薬を服用している。生活歴:70歳の妻と2人暮らし。喫煙歴はない。飲酒は機会飲酒。家族歴:父は脳梗塞で70歳時に死亡。母は胃癌で65歳時に死亡。現症:意識は清明。身長170cm、体重65kg。体温36.5℃。脈拍68/分、整。血圧136/82mmHg。呼吸数16/分。心音と呼吸音とに異常を認めない。腹部は平坦、軟で、肝·脾を触知しない。改訂長谷川式簡易知能評価スケール16点(30点満点)、Mini-MentalState Examination〈MMSE〉19点(30点満点)。脳神経に異常を認めない。四肢に筋力低下は認めない。四肢に軽度の筋強剛を認める。腱反射は正常で、Babinski徴候は陰性。歩行はやや前傾姿勢で、歩幅は小刻みである。 この患者で認める可能性が高いのはどれか。,a. 失語 | b. 運動失調 | c. 感覚障害 | d. 項部硬直 | e. 起立性低血圧,FALSE,e,この患者の症状は、レム睡眠行動障害や便秘、記憶障害、幻覚、動作緩慢、小刻み歩行などから、パーキンソン病またはレビー小体型認知症が疑われます。これらの疾患では、起立性低血圧を伴うことが一般的なので、選択肢の中で認められる可能性が高いのは起立性低血圧です。,0.9,e,レビー小体型認知症やパーキンソン病では自律神経障害を伴い、起立性低血圧が高頻度に生じるため。,0.9,e,この患者は認知障害、パーキンソン症状（小刻み歩行、軽度の筋強剛）、便秘など自律神経症状を呈しており、レビー小体型認知症やパーキンソン病認知症が疑われる。この疾患群では、起立性低血圧がよく認められるため、eが最も可能性が高い。,1.0,,,
119C70,75歳の男性。転びやすさを主訴に来院した。現病歴:3年前から、就寝中に大きな声で寝言を言ったり、手足をバタバタ動かしたりしていることに妻が気付いていた。同時期から高度な便秘を自覚するようになった。1年前から、物忘れが多くなり、日付や予定を何度も妻に確認するようになった。同時期から、①*壁の模様や汚れを見て、虫が違っている*と言って殺虫剤を噴霧するようになった。②*入浴はひとりで可能*で、③*尿失禁はない*が、日によっては、妻が話しかけても反応が鈍く、友人に会っても④*あいさつをしなくなった。*また、⑤*自分が無力だと考えるようになった。*1か月前からは、動作が遅くなり、転びやすくなったため心配した家族に付き添われて受診した。既往歴:60歳から高血圧症で降圧薬を服用している。生活歴:70歳の妻と2人暮らし。喫煙歴はない。飲酒は機会飲酒。家族歴:父は脳梗塞で70歳時に死亡。母は胃癌で65歳時に死亡。現症:意識は清明。身長170cm、体重65kg。体温36.5℃。脈拍68/分、整。血圧136/82mmHg。呼吸数16/分。心音と呼吸音とに異常を認めない。腹部は平坦、軟で、肝·脾を触知しない。改訂長谷川式簡易知能評価スケール16点(30点満点)、Mini-MentalState Examination〈MMSE〉19点(30点満点)。脳神経に異常を認めない。四肢に筋力低下は認めない。四肢に軽度の筋強剛を認める。腱反射は正常で、Babinski徴候は陰性。歩行はやや前傾姿勢で、歩幅は小刻みである。 診断に有用なのはどれか。,a. FDG-PET | b. 頸椎単純CT | c. 頸部超音波検査 | d. 脳血管造影検査 | e. ドパミントランスポーターシンチグラフィ,FALSE,e,この男性の症状（rem睡眠行動障害、便秘、幻視、動作の遅さなど）は、レビー小体型認知症（dlb）やパーキンソン病に関連することが考えられます。ドパミントランスポーターシンチグラフィは、そのような神経変性疾患（レビー小体病やパーキンソン病）の診断に有用です。この検査では、ドーパミン神経遮断（プレシナプスドーパミン取り込み障害）を評価できるため、症状と一致します。その他の選択肢は、主に構造的または血管性の病変評価に有効であり、この症状のセットには直接当てはまりません。,0.9,e,レム睡眠行動障害や視覚幻視、パーキンソニズムを伴うことからレビー小体型認知症が疑われ、その診断にはドパミントランスポーターシンチグラフィが有用である。,0.9,e,この患者は、睡眠中の異常行動、便秘、認知障害、そして運動障害（歩行の前傾、小刻み歩行、軽度の筋強剛）などの所見から、レビー小体型認知症またはパーキンソン病における認知症を疑える。ドパミントランスポーターシンチグラフィは、線条体におけるドパミン作動性神経終末の減衰を評価するため、こうした疾患の診断に有用である。,1.0,,,
119C71,"85歳の女性。悪心を主訴に来院した。現病歴:3日前から悪心があり、症状が悪化したため息子に付き添われて来院した。自宅近くの診療所にて、10年前から脂質異常症の治療で①*スタチンを服用*していた。また、同時期から便秘症のため②*酸化マグネシウムを服用*していた。息子によると、最近は特に便が硬く③*市販の下剤を追加で服用*していたという。診療所での④*最後の血液検査は1年前*である。70歳過ぎから⑤*「腎臓の数値が高め」*と言われていたという。既往歴75歳時から脂質異常症と便秘のため自宅近くの診療所に通院している。生活歴:息子と2人暮らし。喫煙歴はない。飲酒は機会飲酒。家族歴:父は75歳時に脳梗塞で死亡。母は85歳時に老衰で死亡。現症:意識は清明であるが受け答えはやや緩慢である。身長151cm、体重35kg。体温36.9℃。脈拍32/分、整。血圧92/50mmHg。呼吸数18/分。SpO296%(roomair)。皮膚は乾燥しているが、色素沈着は認めない。眼瞼結膜と眼球結膜とに異常を認めない。頭静脈の怒張を認めない。甲状腺腫大を認めない。心音と呼吸音とに異常を認めない。腹部はやや膨満、軟。腸雑音はやや減弱。圧痛はなく、肝·脾を触知しない。四肢末梢は冷たいが、チアノーゼや浮腫を認めない。神経診察で異常を認めない。検査所見:尿所見:蛋白(一)、糖(一)、ケトン体(一)。血液所見:赤血球400万、Hb11.5g/dL、Ht35%、白血球6,300、血小板25万。血液生化学所見:総蛋白6.1g/dL、アルブミン4.1g/dL、総ビリルビン0.9mg/dL、直接ビリルビン0.2mg/dL、AST28U/L、ALT16U/L、LD147U/L(基準124~222)、ALP46U/L(基準38~113)、Y-GT26U/L(基準9~32)、CK42U/L(基準41~153)、尿素窒素38mg/dL、クレアチニン2.4mg/dL、尿酸6.9mg/dL、血糖76mg/dL、総コレステロール182mg/dL、トリグリセリド90mg/dL、Na141mEq/L、K4.5mEq/L、Cl103mEq/L、Ca9.5mg/dL、P3.5mg/dLoCRP0.9mg/dL。動脈血ガス分析(roomair):pH7.38、PaCO242Torr、PaO292Torr、HCO3-26mEq/L。 追加検査では、血清Mg値が8.5mg/dL(基準1.7~2.2)であった。 下線部のうち、この患者の病態の誘因で考えにくいのはどれか。",a. 1 | b. 2 | c. 3 | d. 4 | e. 5,FALSE,a,高マグネシウム血症が主要な問題であり、酸化マグネシウムや市販の下剤が寄与している可能性が高い。そのため、スタチンは高マグネシウム血症の誘因として考えにくい。,0.9,a,高マグネシウム血症の主因は腎機能低下と酸化マグネシウム含有製剤の過量摂取によるものであり、スタチン服用は直接的には誘因になりにくいから。,0.9,a,高齢で腎機能低下（5）状態で、経口のマグネシウム製剤（②および③）の摂取が重なったことが高mg血症を引き起こす典型的なメカニズムである。一方、スタチン（①）は脂質異常症の治療薬であり、マグネシウムの代謝や排泄に影響を及ぼすことはないため、今回の病態の誘因としては考えにくい。,1.0,,,
119C72,"85歳の女性。悪心を主訴に来院した。現病歴:3日前から悪心があり、症状が悪化したため息子に付き添われて来院した。自宅近くの診療所にて、10年前から脂質異常症の治療で①*スタチンを服用*していた。また、同時期から便秘症のため②*酸化マグネシウムを服用*していた。息子によると、最近は特に便が硬く③*市販の下剤を追加で服用*していたという。診療所での④*最後の血液検査は1年前*である。70歳過ぎから⑤*「腎臓の数値が高め」*と言われていたという。既往歴75歳時から脂質異常症と便秘のため自宅近くの診療所に通院している。生活歴:息子と2人暮らし。喫煙歴はない。飲酒は機会飲酒。家族歴:父は75歳時に脳梗塞で死亡。母は85歳時に老衰で死亡。現症:意識は清明であるが受け答えはやや緩慢である。身長151cm、体重35kg。体温36.9℃。脈拍32/分、整。血圧92/50mmHg。呼吸数18/分。SpO296%(roomair)。皮膚は乾燥しているが、色素沈着は認めない。眼瞼結膜と眼球結膜とに異常を認めない。頭静脈の怒張を認めない。甲状腺腫大を認めない。心音と呼吸音とに異常を認めない。腹部はやや膨満、軟。腸雑音はやや減弱。圧痛はなく、肝·脾を触知しない。四肢末梢は冷たいが、チアノーゼや浮腫を認めない。神経診察で異常を認めない。検査所見:尿所見:蛋白(一)、糖(一)、ケトン体(一)。血液所見:赤血球400万、Hb11.5g/dL、Ht35%、白血球6,300、血小板25万。血液生化学所見:総蛋白6.1g/dL、アルブミン4.1g/dL、総ビリルビン0.9mg/dL、直接ビリルビン0.2mg/dL、AST28U/L、ALT16U/L、LD147U/L(基準124~222)、ALP46U/L(基準38~113)、Y-GT26U/L(基準9~32)、CK42U/L(基準41~153)、尿素窒素38mg/dL、クレアチニン2.4mg/dL、尿酸6.9mg/dL、血糖76mg/dL、総コレステロール182mg/dL、トリグリセリド90mg/dL、Na141mEq/L、K4.5mEq/L、Cl103mEq/L、Ca9.5mg/dL、P3.5mg/dLoCRP0.9mg/dL。動脈血ガス分析(roomair):pH7.38、PaCO242Torr、PaO292Torr、HCO3-26mEq/L。 追加検査では、血清Mg値が8.5mg/dL(基準1.7~2.2)であった。 次に行うべき検査はどれか。",a. 脳波検査 | b. 頭部MRI | c. 心電図検査 | d. 腹部超音波検査 | e. 胸部エックス線撮影,FALSE,c,患者は脈拍が非常に低く、徐脈（脈拍32/分）を示しており、これは高マグネシウム血症（血清mg値が8.5mg/dl）による可能性が高いです。心電図検査は、心臓の機能に対する直接的な情報を提供し、高マグネシウム血症が心電図にどのように影響しているかを評価するのに最適です。したがって、まず心電図検査を行うべきです。,0.9,c,高マグネシウム血症では徐脈や伝導障害が生じやすいため、直ちに心電図検査で心拍の状態を確認する必要がある。,1.0,c,この症例は腎機能低下に伴う高マグネシウム血症が疑われ、極めて高い血清mg値（8.5mg/dl）と重度の徐脈が認められるため、心機能（特に電気的伝導）の評価が必要です。心電図検査により、高マグネシウム血症に伴う心伝導障害を早期に把握できることから、次に行うべき検査は心電図検査となります。,1.0,,,
119C73,"85歳の女性。悪心を主訴に来院した。現病歴:3日前から悪心があり、症状が悪化したため息子に付き添われて来院した。自宅近くの診療所にて、10年前から脂質異常症の治療で①*スタチンを服用*していた。また、同時期から便秘症のため②*酸化マグネシウムを服用*していた。息子によると、最近は特に便が硬く③*市販の下剤を追加で服用*していたという。診療所での④*最後の血液検査は1年前*である。70歳過ぎから⑤*「腎臓の数値が高め」*と言われていたという。既往歴75歳時から脂質異常症と便秘のため自宅近くの診療所に通院している。生活歴:息子と2人暮らし。喫煙歴はない。飲酒は機会飲酒。家族歴:父は75歳時に脳梗塞で死亡。母は85歳時に老衰で死亡。現症:意識は清明であるが受け答えはやや緩慢である。身長151cm、体重35kg。体温36.9℃。脈拍32/分、整。血圧92/50mmHg。呼吸数18/分。SpO296%(roomair)。皮膚は乾燥しているが、色素沈着は認めない。眼瞼結膜と眼球結膜とに異常を認めない。頭静脈の怒張を認めない。甲状腺腫大を認めない。心音と呼吸音とに異常を認めない。腹部はやや膨満、軟。腸雑音はやや減弱。圧痛はなく、肝·脾を触知しない。四肢末梢は冷たいが、チアノーゼや浮腫を認めない。神経診察で異常を認めない。検査所見:尿所見:蛋白(一)、糖(一)、ケトン体(一)。血液所見:赤血球400万、Hb11.5g/dL、Ht35%、白血球6,300、血小板25万。血液生化学所見:総蛋白6.1g/dL、アルブミン4.1g/dL、総ビリルビン0.9mg/dL、直接ビリルビン0.2mg/dL、AST28U/L、ALT16U/L、LD147U/L(基準124~222)、ALP46U/L(基準38~113)、Y-GT26U/L(基準9~32)、CK42U/L(基準41~153)、尿素窒素38mg/dL、クレアチニン2.4mg/dL、尿酸6.9mg/dL、血糖76mg/dL、総コレステロール182mg/dL、トリグリセリド90mg/dL、Na141mEq/L、K4.5mEq/L、Cl103mEq/L、Ca9.5mg/dL、P3.5mg/dLoCRP0.9mg/dL。動脈血ガス分析(roomair):pH7.38、PaCO242Torr、PaO292Torr、HCO3-26mEq/L。 追加検査では、血清Mg値が8.5mg/dL(基準1.7~2.2)であった。 まず投与すべきなのはどれか。",a. 生理食塩液 | b. マニトール | c. アドレナリン | d. プレドニゾロン | e. 硫酸マグネシウム,FALSE,a,患者は高マグネシウム血症による症状が考えられ、特に脈拍数の減少（32/分）や意識がやや緩慢になっていることが特徴です。高マグネシウム血症の治療には、マグネシウムを排泄するために、カルシウム拮抗剤としての役割を持つ生理食塩液を投与し、腎臓を通じたマグネシウムの排泄を促進することが必要です。マニトール、アドレナリン、プレドニゾロン、硫酸マグネシウムはこの場合適切な選択肢ではありません。,0.9,a,高度の高マグネシウム血症に対しては本来カルシウム製剤投与が第一選択だが、選択肢にないため、次に行う生理食塩液による利尿促進が最も適切であるため。,0.9,a,この症例は、腎機能低下下で長期の酸化マグネシウム服用などにより、血清mg濃度が8.5mg/dlにまで上昇し、重度の徐脈や低血圧といった高マグネシウム血症の症候を呈しています。高マグネシウム血症の初期治療は、通常、血管壁や神経筋に対するmgの作用を拮抗するための静注カルシウムですが、選択肢に該当薬剤がない場合、まずはiv生理食塩液による容量拡大・尿細管でのmg排泄促進による治療が有効です。他の選択肢は、mg負荷（硫酸マグネシウム）、目的外の作用（アドレナリン、マニトール）や不適切（プレドニゾロン）であるため、生理食塩液が最も適切な対応となります。,0.95,,,
119C74,"73歳の男性。咳嗽と呼吸困難を主訴に来院した。6か月前から労作時の息切れと咳嗽が出現し、徐々に増悪していた。喫煙歴はない。眼瞼結膜と眼球結膜とに異常を認めない。心音に異常を認めない。呼吸音は両側肺下部にfine cracklesを聴取する。胸部エックス線写真で線状網状影を認めた。動脈血ガス分析(roomair)の結果を示す。pH7.46,PaCO238Torr,PaO268Torr,HCO325mEq/L肺胞気-動脈血酸素分圧較差〈A-aDO2〉を求めよ。ただし、大気圧は767Torr、37℃での飽和水蒸気圧は47Torr、呼吸商は0.8とする。また、小数点以下の数値が得られた場合には、小数第1位を四捨五入すること。",,FALSE,,,1.0,c,吸入酸素分圧は(767-47)×0.21≒151torrとなり、ここからpaco2/r(＝38÷0.8＝約48)を差し引いて肺胞気酸素分圧を求めると約103torrとなる。pao2(68torr)との差は約35.7torrで、小数点以下を四捨五入して36torrとなる。,1.0,a,与えられた大気圧767torrから水蒸気圧47torrを引くと720torrとなる。これにfio2(0.21)を乗じると151.2torr。paco2(38torr)を呼吸商0.8で割ると47.5torrとなるので、アルベオール酸素分圧は151.2－47.5＝103.7torr。そこから動脈血のpao2(68torr)を引くと、a‐ado2は103.7－68＝35.7torrとなり、小数第1位まで表すと35.7torrである。,1.0,,,
119C75,7歳5か月の男児。太っていることを心配した母親に連れられて来院した。身長120cm、体重28kg。肥満度を求めよ。ただし、7歳5か月、男児、身長120cmの標準体重を22kgとする。また、小数点以下の数値が得られた場合には、小数第1位を四捨五入すること。,,FALSE,,問題文に選択肢が提供されていないため、選択することができません。問題に記載された条件に基づいて手動で計算を行う必要があります。肥満度の計算方法が明示されていないため、問題解決には情報が不足しています。,0.0,a,(実測体重28kg－標準体重22kg) ÷ 標準体重22kg × 100 ≈ 27%となるため。,1.0,a,標準体重が22kg、実測体重が28kgの場合、肥満度は (28－22)/22×100＝27.3％ と計算されるため。,1.0,,,