question_number,question_text,choices,has_image,gpt-4o_answer,gpt-4o_explanation,gpt-4o_confidence,o1_answer,o1_explanation,o1_confidence,o3-mini_answer,o3-mini_explanation,o3-mini_confidence,claude_answer,claude_explanation,claude_confidence,gemini_answer,gemini_explanation,gemini_confidence
119D1,119D注意欠如多動性障害〈注意欠如多動症〉〈ADHD〉で正しいのはどれか。 ,a. こだわりが強い。 | b. 知能低下を伴う。 | c. 独り遊びが多い。 | d. 衝動的行動を認める。 | e. 多動は次第に悪化する。,False,d,注意欠如多動性障害（adhd）の主な特徴は不注意、多動性、衝動性です。「衝動的行動を認める」はadhdの典型的な症状のひとつであり、これは正解です。他の選択肢はadhdの特徴とは異なります。,1.0,d,adhdは注意欠如、多動性に加えて衝動的行動が特徴的であるため。,1.0,d,adhdは主に不注意、多動性、衝動性が特徴であり、特に衝動的行動はよく認められるため。その他の選択肢はadhdの特徴として正しくない。,1.0,d,adhdの3つの主要な症状は、「不注意」「多動性」「衝動性」です。衝動的行動は典型的な中核症状の1つです。一方、こだわりの強さは自閉症スペクトラム症の特徴で、知能低下は必須症状ではなく、独り遊びの多さはむしろ自閉症的特徴です。また、多動症状は一般的に年齢とともに改善傾向を示し、悪化することは典型的ではありません。,0.9,d,注意欠如多動性障害（adhd）の中核症状は、不注意、多動性、衝動性です。衝動的行動はadhdの重要な特徴であり、他の選択肢はadhdの典型的な症状ではありません。,0.9
119D2,心不全精査目的の心臓カテーテル検査の左右心室圧波形(別冊No.1)を別に示す。考えられる疾患はどれか。 ,a. 急性心筋炎 | b. 収縮性心膜炎 | c. 肥大型心筋症 | d. 大動脈弁狭窄症 | e. 大動脈弁閉鎖不全症,True,b,the waveform may display a dip-and-plateau pattern typically seen in constrictive pericarditis.,0.7,b,左右室ともに急速な拡張早期の圧下降と続く平坦なプラトーを示すいわゆるdip and plateau形態は、収縮性心膜炎に特徴的な所見である。,0.9,b,収縮性心膜炎では、左右心室ともに拡張末期圧がほぼ同等となり、初期急速な充填期の圧力低下後、すぐに平坦化する「dip and plateau（スクエアルートサイン）」パターンが心カテーテル検査で認められるため。,1.0,b,"左右心室の圧波形が特徴的な""dip and plateau""パターン（早期拡張期の急速な圧低下後の平坦化）を示し、また左右心室の拡張末期圧が近似している（心室圧の平衡化）ことから、収縮性心膜炎に特徴的な所見です。これは心膜の線維化・石灰化により心臓の拡張が制限されることによって生じます。",0.9,b,左右心室圧波形が一致しており、拡張早期の急峻な低下とplateauを認めるため、収縮性心膜炎が考えられる。,0.9
119D3,下行結腸癌に対する腹腔鏡下手術の周術期管理で誤っているのはどれか。 ,a. 手術前4週間以上の禁煙 | b. 術前日の非吸収性抗菌薬の内服 | c. 術後72時間以上のベッド上安静 | d. 手術室搬入2時間前の浣腸排便処置 | e. 手術室搬入3時間前までの経口補水液摂取,False,c,"下行結腸癌に対する腹腔鏡下手術の周術期管理において、早期の離床や運動は術後合併症の予防（例えば、血栓症や肺炎）に有効であるため、術後72時間以上のベッド上安静は誤った管理方法です。他の選択肢（a, b, d, e）は一般的に周術期管理として推奨される内容です。",0.9,c,術後は早期離床が推奨されており、72時間以上のベッド上安静は誤っているため。,1.0,c,現在の周術期管理（eras）の考え方では、術後は早期の離床・動員が推奨されるため、72時間以上のベッド上安静は不適切な管理となるからです。,1.0,c,術後72時間以上のベッド上安静は誤りです。現代の周術期管理では、早期離床（enhanced recovery after surgery: eras）が推奨されており、術後の合併症予防と回復促進のため、可能な限り早期（術後24時間以内）から離床を開始します。長期のベッド上安静は、深部静脈血栓症や肺塞栓症のリスクを高め、筋力低下や腸管蠕動の低下を引き起こす可能性があります。,0.9,c,術後早期離床は回復を促進するため、72時間以上の安静は誤り。,1.0
119D4,食中毒の予防で加熱が最も有効なのはどれか。 ,a. Bacillus cereus | b. Campylobacter jejuni | c. Clostridium botulinum | d. Clostridium perfringense | e. Staphylococcus aureus,False,c,clostridium botulinum（ボツリヌス菌）の芽胞は耐熱性があり、食品の加熱処理が効果的とされています。他の選択肢の菌は加熱により除去可能ですが、特にclostridium botulinumは毒素も含めて加熱で対処が求められます。,0.9,b,campylobacter jejuniは加熱によって死滅しやすいため、加熱による予防効果が最も高い。,1.0,b,"campylobacter jejuni is a heat‐labile organism that is effectively inactivated by proper thorough cooking, making heat treatment the most effective preventive measure for its associated food poisoning.",1.0,b,"campylobacter jejuniは比較的低温の加熱（60℃、数分）で死滅する熱感受性の高い細菌です。一方、他の選択肢の菌は芽胞を形成するもの（a, c, d）や、耐熱性毒素を産生するもの（e）であり、単純な加熱では完全な予防が困難です。",0.9,b,campylobacter jejuni は加熱により容易に死滅するため、加熱が最も有効な予防法となる。他の選択肢の菌は、芽胞形成や毒素の耐熱性などの理由で、加熱だけでは予防が難しい場合がある。,0.9
119D5,膀胱鏡検査をする体位で、最も適切なのはどれか。 ,a. 立位 | b. 座位 | c. 腹臥位 | d. 側臥位 | e. 砕石位,False,e,膀胱鏡検査を行う際には、通常、患者は砕石位（リトトミー位）に置かれます。これは、検査や手術のための標準的な体位であり、膀胱や尿道へのアクセスが容易になるためです。他の選択肢の体位は膀胱鏡検査には適していません。,1.0,e,膀胱鏡検査は通常、砕石位で行われるため。,1.0,e,砕石位（リトトミー・ポジション）が膀胱鏡検査では最も一般的で、尿道・膀胱へのアクセスや視認性が良いため選択されるからです。,1.0,e,膀胱鏡検査は砕石位で行うのが標準的です。砕石位は尿道口へのアクセスが容易で、検査者の操作性が最も良く、患者の安定性も確保できます。また、必要に応じて処置も行いやすい体位です。,0.95,e,膀胱鏡検査は、通常、砕石位で行われます。この体位は、検査器具の挿入と操作を容易にするため、骨盤領域へのアクセスを最適化します。,1.0
119D6,大腿骨頭壊死症と関連が深い疾患はどれか。 ,a. 胃潰瘍 | b. 狭心症 | c. 全身性エリテマトーデス〈SLE〉 | d. 糖尿病 | e. 肺結核,False,c,大腿骨頭壊死症は、血流障害により骨の組織が壊死する病気であり、全身性エリテマトーデス〈sle〉はその原因となることが知られています。特にsleではステロイドの使用が関与していることも多いです。したがって、関連が深い疾患としてc. 全身性エリテマトーデス〈sle〉を選択しました。,0.9,c,ステロイド治療を必要とすることが多い全身性エリテマトーデス(sle)では、大腿骨頭壊死症との関連が高いことが知られている。,0.9,c,全身性エリテマトーデス（sle）は、高用量の副腎皮質ステロイド治療を行うことが多いため、大腿骨頭壊死症のリスクが高まります。,1.0,c,全身性エリテマトーデス（sle）は、ステロイド治療を必要とする自己免疫疾患であり、ステロイド使用による副作用として大腿骨頭壊死症を引き起こすリスクが高いことが知られています。また、sle自体の血管炎による血流障害も骨壊死のリスク因子となります。,0.9,c,大腿骨頭壊死は、ステロイドの使用や膠原病（全身性エリテマトーデスなど）と関連が深い。,0.9
119D7,3歳児健康診査で難聴が疑われた児に実施する精密検査で適切なのはどれか。 ,a. 語音聴力検査 | b. 自記オージオメトリ | c. 純音聴力検査 | d. 聴性脳幹反応〈ABR〉 | e. ティンパノメトリ,False,d,3歳児の難聴の疑いを評価するためには、年齢や協力度を考慮する必要があります。聴性脳幹反応（abr）は、対象者が自発的に答える必要がなく、聴覚経路や聴神経の反応を客観的に評価できるため、特に幼児の聴覚検査において適しています。他の選択肢は、年齢の制約や協力が必要な点で3歳児には難しい場合があります。,0.9,d,3歳児で正確な聴力評価を行うためには客観的に測定できる聴性脳幹反応(abr)が適しているため。,1.0,d,3歳児は言葉を使った聴力検査や自己記録型の検査が難しいため、被検者の協力度に大きく左右されない客観的検査である聴性脳幹反応（abr）が精密検査として適切である。,1.0,d,3歳児の場合、純音聴力検査や語音聴力検査は年齢的に協力が得られにくく、正確な結果を得ることが困難です。abrは他覚的検査法で、患者の意識や協力に関係なく聴力を評価できる最も信頼性の高い検査方法です。特に小児の難聴精密検査においては標準的な検査として用いられています。,0.9,d,3歳児の難聴精査では、客観的な聴力検査であるabrが有用。語音聴力検査は、ある程度言語発達が進んでいないと難しい。自記オージオメトリ、純音聴力検査は、 cooper法などを用いても3歳児には困難な場合が多い。ティンパノメトリは中耳の状態を知る上で有用だが、聴力を直接評価する方法ではない。,0.9
119D8,出血症状と疾患の組合せで誤っているのはどれか。 ,a. 鼻出血 - von Willerand病 | b. 過多月経 - ヘパリン起因性血小板減少症 | c. 歯肉出血 - 急性前骨髄球性白血病 | d. 点状出血 - 免疫性血小板减少症 | e. 関節内出血 - 血友病,False,b,ヘパリン起因性血小板減少症は、血小板の減少により出血傾向を呈することがあるが、過多月経が典型的な症状として現れることは少ない。むしろ関節内出血は血友病に関連しており、他の組み合わせは病態と一致しているため、bが誤った組み合わせと考えられる。,0.9,b,ヘパリン起因性血小板減少症は血栓性合併症が主で、過多月経は典型的な出血症状ではないため誤り。,1.0,b,ヘパリン起因性血小板減少症は血栓症を主たる合併症とする病態であり、過多月経のような出血症状は一般的でないため。,1.0,b,ヘパリン起因性血小板減少症（hit）の主な症状は、血栓形成が特徴的で、出血症状（特に過多月経）は一般的ではありません。他の組み合わせは全て正しい典型的な症状と疾患の関係です（von willerand病の鼻出血、aplの歯肉出血、itpの点状出血、血友病の関節内出血）。,0.9,b,ヘパリン起因性血小板減少症（hit）は血栓症を引き起こしやすく、出血症状はむしろ稀である。過多月経は、von willebrand病、血小板機能異常、凝固因子欠乏症などで見られる。,1.0
119D9,死後に移植のために眼球を提供できる疾患はどれか。 ,a. 乳癌 | b. 敗血症 | c. 白血病 | d. B型肝炎 | e. Creutzfeldt-Jakob病,False,a,眼球提供の際、神経疾患や感染症のリスクがある疾患は禁止されることが多い。creutzfeldt-jakob病や血液感染のリスクがあるb型肝炎、感染可能な敗血症や白血病は除外される可能性が高い。しかし、乳癌のような直接感染のリスクが低い癌は眼球提供が可能な場合がある。,0.8,a,乳癌は移植用角膜のドナーとしての絶対的禁忌に該当せず、他の選択肢に比べて提供が可能であるため。,0.9,a,眼球（特に角膜）は無血管組織であり、固形腫瘍のうち眼への転移リスクが低い乳癌は、他の感染症（敗血症、b型肝炎、creutzfeldt‐jakob病）や血液性悪性腫瘍（白血病）と比べ、眼球提供の適用対象とされるためです。,1.0,a,眼球提供の禁忌となるのは、感染症（敗血症、b型肝炎）、血液の悪性腫瘍（白血病）、プリオン病（creutzfeldt-jakob病）です。乳癌は全身転移がない限り、眼球提供が可能な疾患です。他の選択肢は全て、感染や疾患の伝播リスクがあるため禁忌とされています。,0.9,a,眼球移植は、全身性の感染症や悪性腫瘍（ただし、脳腫瘍や眼球自体に発生した腫瘍は禁忌）がない場合に可能です。乳癌は全身に転移していなければ眼球提供可能です。敗血症、白血病、b型肝炎、クロイツフェルト・ヤコブ病は禁忌です。,0.9
119D10,骨髄血塗抹May-Giemsa染色標本(別冊No.2)を別に示す。この患者にみられる染色体異常はどれか。 ,a. t(4;14) | b. t(8;21) | c. t(9;22) | d. t(15;17) | e. t(16;16),True,,,,b,写真はm2型急性骨髄性白血病に典型的な形態を示し，t(8;21) (aml1-eto) が特徴的であるため。,0.9,d,"t(15;17) is characteristically associated with acute promyelocytic leukemia (apl), which typically shows promyelocytes with abundant granules and auer rods on may-giemsa stained bone marrow smears.",1.0,b,示された骨髄血塗抹標本はaml-m2（急性骨髄性白血病m2型）に特徴的な所見を示しており、この病型では高頻度でt(8;21)(q22;q22)染色体転座が認められます。この転座はaml1-eto融合遺伝子を形成し、aml-m2の代表的な染色体異常です。,0.9,d,骨髄血塗抹may-giemsa染色標本から、アウエル小体を持つ白血病細胞が確認できる。アウエル小体は急性前骨髄球性白血病（apl）に特徴的であり、aplではt(15;17)の染色体異常が見られる。,0.9
119D11,左下顎部腫脹を反復する患者の頸部単純CT(別冊No.3)を別に示す。考えられる疾患はどれか。 ,a. Sjogren症候群 | b. 顎下腺腫瘍 | c. 舌下腺腫瘍 | d. 唾石症 | e. リンパ管腫,True,,,,d,左下顎部の反復性腫脹と画像所見から、顎下腺の唾石症が最も考えられるため。,0.9,d,左下顎部の反復する腫脹は、主に顎下腺に生じる唾石症（サイロリチアシス）を示唆します。唾石症は唾液排出路の閉塞により、食事時などに痛みを伴う一過性の腫脹を引き起こすため、今回の症例に最も適合します。,1.0,d,ct画像は示されていませんが、左下顎部腫脹の反復性という症状は唾石症に特徴的です。唾石により唾液の流れが阻害され、食事時に唾液分泌が増加すると腫脹が起こり、その後自然に軽快するという反復性のパターンを示します。他の選択肢の疾患では、このような反復性の腫脹パターンは一般的ではありません。,0.9,d,ct画像で左下顎部に高吸収域が見られることから、唾石症が考えられる。,0.9
119D12,片頭痛で正しいのはどれか。2つ選べ。 ,a. 男性に多い。 | b. 入眠中に多い。 | c. 体動により増悪する。 | d. 拍動性の痛みが多い。 | e. 発作予防にトリプタンを用いる。,False,cd,片頭痛は通常、拍動性の痛みとして現れることが多く、体動や日常活動で悪化することが知られています。一方、片頭痛は女性に多いという特徴があります。また、トリプタンは主に発作時の治療に用いられ、発作予防には用いられません。したがって、正しい選択肢はcとdです。,0.9,cd,体動により増悪しやすく、拍動性の頭痛が多いため。,0.95,cd,片頭痛は体動により増悪し、拍動性の痛みが特徴的である。一方、男性に多い（a）は誤りで、また入眠中（b）やトリプタンが発作予防（e）に用いられるのも誤りである。,1.0,cd,片頭痛の典型的な特徴として、拍動性の頭痛（d）と体動による症状の増悪（c）が挙げられます。一方、片頭痛は男性より女性に多く（a は誤り）、入眠中ではなく日中に多く発症し（b は誤り）、トリプタンは発作時の治療薬であり予防薬ではありません（e は誤り）。,0.9,cd,片頭痛は女性に多く、体動により増悪する拍動性の痛みが特徴的です。トリプタンは急性期治療薬であり、予防薬ではありません。,1.0
119D13,下部尿路機能に関わる神経はどれか。2つ選べ。 ,a. 陰部神経 | b. 骨盤神経 | c. 坐骨神経 | d. 大腿神経 | e. 腓腹神経,False,ab,下部尿路機能に関与する神経は、主に陰部神経と骨盤神経です。陰部神経は外尿道括約筋や骨盤底の筋肉を支配し、骨盤神経は膀胱や内尿道括約筋を支配します。他の神経は下部尿路機能に直接関与していません。,0.9,ab,下部尿路機能には、骨盤神経（副交感神経）と陰部神経（外尿道括約筋の随意支配）が関与するため。,1.0,ab,下部尿路機能は、排尿制御に骨盤神経（骨盤内の自律神経、特に副交感神経として膀胱収縮を促進）と、陰部神経（外尿道括約筋などの骨格筋を支配するため）の両方が関与するためです。,1.0,ab,下部尿路（膀胱と尿道）の機能は主に2つの神経支配を受けています：,0.95,ab,下部尿路機能（排尿機能）に関わる神経は、主に陰部神経と骨盤神経です。陰部神経は外尿道括約筋を支配し、骨盤神経は膀胱平滑筋を支配します。,1.0
119D14,ウイルスが原因となるのはどれか。2つ選べ。 ,a. 翼状片 | b. 咽頭結膜熱 | c. 春季カタル | d. 巨大乳頭結膜炎 | e. 急性出血性結膜炎,False,be,咽頭結膜熱はアデノウイルスが原因で、急性出血性結膜炎はエンテロウイルスやコクサッキーウイルスが原因として知られています。翼状片、春季カタル、巨大乳頭結膜炎はウイルス感染によるものではありません。,1.0,be,咽頭結膜熱はアデノウイルス、急性出血性結膜炎はエンテロウイルスなどが原因となるため。,1.0,be,咽頭結膜熱はアデノウイルスによる感染が原因であり、急性出血性結膜炎はエンテロウイルスやコクサッキーウイルスなどウイルス性の感染が原因です。他の選択肢は主に非ウイルス性（翼状片は紫外線などの環境的影響、春季カタルはアレルギー性、巨大乳頭結膜炎は接触レンズなどによる局所刺激またはアレルギー反応）となります。,1.0,be,咽頭結膜熱（プール熱）はアデノウイルス、急性出血性結膜炎はエンテロウイルス70やコクサッキーウイルスa24が原因です。一方、翼状片は紫外線などの環境因子、春季カタルとgpcはアレルギー性疾患です。,0.9,be,咽頭結膜熱はアデノウイルス、急性出血性結膜炎はエンテロウイルスが原因である。,1.0
119D15,僧帽弁閉鎖不全症の原因となるのはどれか。3つ選べ。 ,a. 高安動脈炎 | b. 拡張型心筋症 | c. 急性心筋梗塞 | d. 感染性心内膜炎 | e. 急性大動脈解離,False,bcd,僧帽弁閉鎖不全症の原因として、拡張型心筋症（b）は弁輪の拡大による機能不全を引き起こすことがあります。急性心筋梗塞（c）は、乳頭筋や腱索の破壊により僧帽弁閉鎖不全を起こす可能性があります。感染性心内膜炎（d）は、弁自体の破壊により閉鎖不全を引き起こします。一方、高安動脈炎（a）や急性大動脈解離（e）は直接的には僧帽弁閉鎖不全症の一般的な原因ではありません。,0.9,bcd,拡張型心筋症では左室拡大に伴い弁輪拡大が生じ、僧帽弁閉鎖不全が起こり得る。急性心筋梗塞では乳頭筋障害などにより僧帽弁閉鎖不全をきたすことがある。感染性心内膜炎では弁自体が破壊され、僧帽弁閉鎖不全に至る可能性がある。,0.95,bcd,拡張型心筋症は左室の拡大に伴い僧帽弁輪が引き伸ばされ機能性僧帽弁閉鎖不全を引き起こし、急性心筋梗塞は乳頭筋の壊死や破裂によって僧帽弁の支持構造が破綻するため、感染性心内膜炎は弁自体の破壊をもたらし僧帽弁閉鎖不全を生じる。,1.0,bcd,僧帽弁閉鎖不全症の主な原因として：,0.9,bcd,僧帽弁閉鎖不全症は、僧帽弁の構造または機能の異常によって起こる。拡張型心筋症では、心室の拡大により僧帽弁輪が拡大し、弁閉鎖不全を引き起こす。急性心筋梗塞では、乳頭筋の虚血や断裂により僧帽弁閉鎖不全をきたすことがある。感染性心内膜炎では、僧帽弁に疣贅が形成され、弁の閉鎖を妨げることがある。高安動脈炎や急性大動脈解離は直接的には僧帽弁閉鎖不全の原因となりにくい。,0.9
119D16,72歳の女性。健康診断で胸部異常陰影を指摘され来院した。2年前から、毎年の健康診断でも胸部エックス線写真で同様の類円形の結節を認めていたが増大傾向はない。自覚症状はない。胸部エックス線写真(別冊No.4A)と胸部造影CT(別冊No.4B、4C)を別に示す。最も考えられる疾患はどれか。 ,a. 肺過誤腫 | b. 肺分画症 | c. 原発性肺癌 | d. 肺動静脈瘻 | e. 転移性肺腫瘍,True,,,,d,増大なく経過しており，造影ctで明らかな流入・流出血管を認めることから肺動静脈瘻が最も示唆される。,0.9,a,術中の画像所見と経過観察で増大していない安定性、無症状で偶発的に見つかったことから、最も疑われるのは肺過誤腫である。,1.0,a,この症例は以下の特徴から肺過誤腫が最も考えられます：,0.9,a,2年前から増大傾向がない類円形の結節であることから、良性腫瘍が疑われる。ct画像から脂肪の陰影が見られるため、肺過誤腫が最も考えられる。,0.9
119D17,"34歳の女性。労作時の息切れを主訴に来院した。数週間前から発熱、脱毛および両頬部の紅斑が出現し、3日前から労作時の息切れが出現したため受診した。身長155cm、体重52kg。体温38.2℃。脈拍96/分、整。血圧92/46mmHg。呼吸数20/分。SpO298%(roomair)。両頬部の紅斑を認める。眼瞼結膜はやや貧血様である。眼球結膜に異常を認めない。硬口蓋には痛みを伴わない潰瘍性病変を認める。頭静脈の怒張を認めない。心音でⅡ音の亢進を認める。呼吸音に異常を認めない。両手指の近位指節間関節、中手指節間関節および手関節の腫脹を認める。下肢に軽度の浮腫を認める。血液所見:赤血球346万、Hb10.8g/dL、Ht36%、白血球2,200、血小板13万。PT-INR1.2(基準0.9~1.1)、フィブリノゲン289mg/dL(基準186~355)、FDP3.1μg/mL(基準10以下)、Dダイマー0.6μg/mL(基準1.0以下)。血液生化学所見:AST28U/L、ALT26U/L、LD160U/L(基準124~222)、CK42U/L(基準41~153)、クレアチニン0.5mg/dL、BNP76pg/mL(基準18.4以下)、KL-6322U/mL(基準500未満)。免疫血清学所見:抗核抗体640倍(基準20以下)、抗dsDNA抗体325IU/mL(基準12以下)、血清補体値(CH50)12U/mL(基準値30~40)、C342mg/dL(基準値52~112)、C43mg/dL(基準値16~51)。心筋トロポニンT迅速検査陰性。入院時の心電図(別冊No.5A)と胸部エックス線写真(別冊No.5B)を別に示す。息切れの原因はどれか。 ",a. 心外膜炎 | b. 心筋梗塞 | c. 間質性肺炎 | d. 完全房室ブロック | e. 肺動脈性肺高血圧症,True,e,,0.9,e,ⅱ音の肺動脈成分亢進や胸部写真での右第2弓突出などから肺高血圧症が示唆されるため。,0.9,e,この症例は、34歳女性で全身性エリテマトーデス（sle）の典型的な皮膚症状（両頬紅斑、脱毛）、口内病変、関節炎および免疫学的所見（高価値の抗核抗体、抗dsdna抗体、低補体）を認めており、sleの既知の合併症である肺動脈性肺高血圧症（pah）の徴候であるⅱ音の亢進が見られます。労作時の息切れはpahに起因すると考えられるため、正解は「e. 肺動脈性肺高血圧症」となります。,1.0,e,この症例は全身性エリテマトーデス（sle）の患者で、以下の特徴から肺動脈性肺高血圧症が息切れの原因と考えられます：,0.9,e,全身性エリテマトーデス(sle)を示唆する臨床所見(頬部紅斑、脱毛、関節炎、口腔内潰瘍、抗核抗体陽性、抗dsdna抗体陽性、低補体血症)がある。胸部x線写真で心拡大と肺動脈の突出を認め、心音でii音の亢進を認めることから肺高血圧症が考えられる。また、kl-6が上昇しているが、sle患者の間質性肺炎の合併は稀であり、肺高血圧症による息切れの可能性が高い。,0.9
119D18,83歳の男性。陰囊の皮疹を主訴に来院した。9か月前から左陰囊に痛みや痒みを伴わない皮疹が出現し、自宅近くの医療機関で外用薬による治療をしていたが、次第に拡大してきたため紹介受診した。陰部の写真(別冊No.6A)と生検組織のH-E染色標本(別冊No.6B)とを別に示す。診断はどれか。 ,a. Bowen病 | b. 悪性黒色腫 | c. 基底細胞癌 | d. 脂漏性角化症 | e. 乳房外Paget病,True,,,,e,陰嚢に生じた病変で、病理像では大型で明るい細胞（paget細胞）が表皮内に散在する“パジェット様”配列が認められ、乳房外paget病の所見に合致するため。,1.0,e,83歳の男性に陰部に出現し、外用薬で効果が見られなかった慢性性皮疹は、典型的には乳房外paget病（extramammary paget disease）を示唆します。h‐e染色標本で大きく明るい細胞（paget細胞）が認められることが多く、この疾患の診断と合致するためです.,0.95,e,乳房外paget病は、高齢者の陰部に好発する表皮内癌で、痒みを伴わない紅斑性の皮疹として現れ、徐々に拡大する特徴があります。外用薬に反応せず、慢性的な経過をたどることも特徴的です。この症例の年齢、部位、症状の経過、治療抵抗性はすべて乳房外paget病に合致します。,0.9,e,陰部の写真で境界明瞭な紅斑と、生検組織でpaget細胞が確認できることから、乳房外paget病が最も可能性が高い。,0.9
119D19,30歳の男性。健康診断で胸部エックス線写真の異常を指摘され来院した。自覚症状はない。意識は清明。体温36.2℃。脈拍56/分、整。血圧120/74mmHg。呼吸数14/分。SpO298%(roomair)。頸部リンパ節を触知しない。心音と呼吸音とに異常を認めない。腹部は平坦、軟。下腿に浮腫を認めない。神経診察で異常を認めない。血液生化学所見:尿素窒素14mg/dL、クレアチニン0.8mg/dL、アンジオテンシン変換酵素〈ACE〉37.4U/L(基準3.3~21.4)。12誘導心電図でⅠ度房室ブロックを認める。胸部エックス線写真(別冊No.7)を別に示す。この患者でグルココルチコイド内服治療の適応と判断する画像所見はどれか。 ,a. 頭部MRAでの脳動脈瘤 | b. FDG-PETでの心筋への異常集積 | c. 胸部造影CTでの両側縦隔リンパ節腫大 | d. 心エコー検査での心室中隔の非対称性肥大 | e. Gaシンチグラフィでの両側肺門リンパ節への集積,True,b,この患者の症状や検査所見（ace高値、ⅰ度房室ブロック、胸部異常）はサルコイドーシスの可能性を示唆します。心筋の異常集積は心サルコイドーシスを示し、グルココルチコイド治療が必要となることがあります。,0.9,b,第ⅰ度房室ブロックを伴う心臓サルコイドーシスの疑いがあり、心筋へのfdg集積が認められれば治療適応となるため。,0.9,b,心筋へのfdg‐petでの異常集積は、サルコイドーシスの活動性心疾患（心筋炎や伝導障害を含む）を示唆し、特に1度房室ブロックの経過を考慮すると、グルココルチコイド治療が適応される。その他の選択肢は、診断支援に用いられるものの、治療開始の判断基準としては該当しない。,1.0,c,この症例はサルコイドーシスが強く疑われます（ace高値、i度房室ブロック）。サルコイドーシスにおいて、両側縦隔リンパ節腫大は典型的な所見であり、症状や臓器障害が進行性の場合にグルココルチコイド治療の適応となります。他の選択肢（脳動脈瘤、心筋肥大、gaシンチグラフィ所見など）は、単独ではステロイド治療の直接的な適応とはなりません。,0.9,c,胸部x線写真で両側肺門リンパ節腫大が疑われ、ace高値、ⅰ度房室ブロックからサルコイドーシスが疑われる。サルコイドーシスでは、胸部造影ctで両側縦隔リンパ節腫大があれば、グルココルチコイド内服治療の適応となる。,0.9
119D20,26歳の男性。見え方の不安を主訴に来院した。焼肉の焼け具合が分からなかったり、買い物で水色を選んだつもりが友人にピンクだと指摘されたことがある。弟も同じような経験があるという。診断に有用な検査はどれか。 ,a. 色覚検査 | b. 視野検査 | c. 両眼視機能検査 | d. 視覚誘発電位〈VEP〉 | e. 網膜電図検査〈ERG〉,False,a,色の見え方に問題があるとの症状から色覚異常が疑われます。色覚異常の診断には色覚検査が有用です。さらに、弟も同様の経験があることから遺伝性の色覚異常が考えられます。,0.95,a,先天性色覚異常を疑う場合、第一に色覚検査が有用であるため。,1.0,a,患者は色の識別に誤りがあり、遺伝性の色覚異常が疑われるため、最も有用な検査は色覚検査です。,1.0,a,症状が色の識別に関する問題で、特に弟も同様の症状があることから遺伝性の色覚異常が疑われます。色覚異常の診断には色覚検査（石原式色覚検査表など）が最も適切で基本的な検査方法です。他の検査は視野や両眼視機能、視神経や網膜の機能を調べるものであり、色覚の評価には適していません。,0.95,a,症状と家族歴から色覚異常が疑われるため、色覚検査が最も有用である。,1.0
119D21,69歳の男性。生来右利き。立てないことを主訴に救急車で搬入された。今朝トイレで立ち上がれなくなったため、家族が救急車を要請した。40歳台から高血圧症で、降圧薬を服用中である。来院時の意識レベルはJCSI-1。身長172cm、体重67kg。体温36.6℃。心拍数84/分、整。血圧180/92mmHg。呼吸数20/分。SpO296%(roomair)。頭部単純CT水平断像(別冊No.8A)と冠状断像(別冊No.8B)とを別に示す。この患者で認めるのはどれか。 ,a. 失算 | b. 対麻痺 | c. 視野障害 | d. 手指失認 | e. 感覚性失語,True,b,頭部ct画像で大脳半球の広範な出血が見られることから、この出血が運動機能に関連する脳の領域に影響を及ぼしていると考えられる。これにより、対麻痺（下肢の麻痺）が生じた可能性が高い。,0.9,a,画像では優位半球(左側)の頭頂葉周辺に大きな出血がみられ，角回病変の典型所見として失算(ゲルストマン症候群の一部)が出現すると考えられるため。,0.9,d,この患者は右利きで、左下角回（角回）を含む領域の虚血、すなわち左下大脳動脈の皮質領域（gerstmann症候群）によるものと考えられる。gerstmann症候群は失算、手指失認、左‐右識別障害、そして書字障害を特徴とするが、そのうち特に手指失認はこの部位特有の所見である。ct像からも皮質性病変が示唆されるため、最も適切な所見は手指失認である。,0.95,b,画像で示された脳出血の位置と症状から判断します。患者は「立てない」という主訴があり、頭部ct画像では両側の頭頂葉から放射冠にかけての出血が認められます。この部位の両側性の病変は、両下肢の運動麻痺（対麻痺）を引き起こします。他の選択肢（失算、視野障害、手指失認、感覚性失語）は、この病変部位からは主要な症状として説明できません。,0.9,c,ct画像から右頭頂葉に病変があり、左視野障害をきたす可能性がある。,0.9
119D22,"28歳の女性。妊娠に関する相談のため来院した。3年前から全身性エリテマトーデス〈SLE〉で自宅近くの医療機関に通院しており、グルココルチコイドの内服で、病状は1年以上前から安定している。近い将来、挙児を希望しており相談のため紹介受診した。体温36.5℃。脈拍68/分、整。血圧108/62mmHg。顔面、体幹および四肢に皮疹を認めない。心音と呼吸音とに異常を認めない。下腿に浮腫を認めない。(持参した前医の検査データ)尿所見:蛋白(一)、潜血(一)。血液所見:赤血球439万、Hb12.0g/dL、白血球4,200、血小板15万。血液生化学所見:尿素窒素10mg/dL、クレアチニン0.6mg/dL。免疫血清学所見:CRP0.1mg/dL、リウマトイド因子〈RF〉80·IU/mL(基準20未満)、抗核抗体1,280倍(基準20以下)、抗dsDNA抗体23IU/mL(基準12以下)、抗Sm抗体陽性、抗RNP抗体陽性、抗SS-A抗体陽性、抗リン脂質抗体陰性、血清補体値(CH50)35U/mL(基準30~40)、C384mg/dL(基準52~112)、C429mg/dL(基準16~51)。診察の結果、妊娠は可能と判断された。この患者でみられる自己抗体で妊娠の際に胎児に影響を与える可能性があるのはどれか。 ",a. 抗Sm抗体 | b. 抗RNP抗体 | c. 抗SS-A抗体 | d. 抗dsDNA抗体 | e. リウマトイド因子〈RF〉,False,c,妊娠時に胎児に影響を与える可能性のある自己抗体は抗ss-a抗体です。抗ss-a抗体は新生児ループスや先天性心ブロックのリスクを増加させることが知られています。他の選択肢で示されている抗体は胎児への直接的な影響は一般的に認められていません。,0.9,c,抗ss-a抗体（抗ro抗体）は新生児ループスや先天性房室ブロックを引き起こす可能性があるため,1.0,c,抗ss-a抗体（抗ro抗体）は胎盤を通過して新生児ループスや先天性心ブロックを引き起こす可能性があるため。,1.0,c,抗ss-a抗体は胎児の完全房室ブロックを引き起こす可能性があることが知られています。特に妊娠16-24週の時期に心臓の伝導系に影響を与え、先天性心ブロックを引き起こすリスクがあります。他の抗体（抗sm抗体、抗rnp抗体、抗dsdna抗体、rf）は、直接的な胎児への影響は比較的少ないとされています。,0.9,c,抗ss-a抗体は、胎児に移行し、新生児ループスや先天性房室ブロックを引き起こす可能性がある。他の自己抗体は、胎児への影響は比較的少ない。,1.0
119D23,"32歳の女性。甲状腺の検査を希望して来院した。5か月前に第2子を出産した。妊娠前に受けた検査で抗甲状腺ペルオキシダーゼ〈TPO〉抗体強陽性であったため、妊娠期間中にも定期的に甲状腺ホルモン検査を受けていたが、これまでに甲状腺機能の異常を指摘されたことはなく自覚症状もない。体温36.7℃。脈拍92/分、整。血圧126/86mmHg。眼瞼結膜と眼球結膜とに異常を認めない。びまん性のやや硬い甲状腺腫を触れるが圧痛はない。胸腹部に異常を認めない。尿所見:蛋白(一)、糖(土)、ケトン体(一)。血液所見:赤血球420万、Hb12.3g/dL、Ht40%、白血球6,700、血小板21万。血液生化学所見:アルブミン4.0g/dL、AST13U/L、ALT15U/L、クレアチニン0.4mg/dL、TSH0.02μU/mL未満(基準0.4~4.0)、FT42.3ng/dL(基準0.8~1.8)。CRP0.1mg/dL。この時点での方針で正しいのはどれか。 ",a. 抗甲状腺薬を投与する。 | b. 甲状腺亜全摘術を行う。 | c. 無機ヨウ素を投与する。 | d. グルココルチコイドを投与する。 | e. 2~4週間後に甲状腺機能を再検する。,False,e,出産後5ヶ月以内の甲状腺機能亢進は、無痛性甲状腺炎または出産後甲状腺炎が疑われます。これらは通常一過性であり、経過観察が基本となります。甲状腺ホルモン検査を2~4週間後に再検する方針が適切です。薬物や手術などの侵襲的治療は必要ありません。,0.9,e,出産後の無痛性甲状腺炎（postpartum thyroiditis）が疑われ、軽度の甲状腺機能亢進なら経過観察が原則であり、2～4週間後の機能再検が適切である。,1.0,e,この症例は、産後に見られる自己免疫性甲状腺炎（産後甲状腺炎）による一過性の甲状腺機能亢進が考えられる。抗ｔｐｏ抗体陽性であった経歴、臨床症状の乏しさ、軽度の所見と検査値から、現時点で積極的な治療（抗甲状腺薬、手術、無機ヨウ素、グルココルチコイド等）は不要で、経過観察のため2〜4週間後に再検するのが適切である。,1.0,e,この症例は産後甲状腺炎の可能性が高いです。その理由は：,0.9,e,tsh低値、ft4高値であり、甲状腺機能亢進症を認める。抗tpo抗体陽性であること、産後5ヶ月であることから、無痛性甲状腺炎の可能性が高い。無痛性甲状腺炎は一過性の甲状腺機能亢進症を呈することが多く、自然軽快することが期待できるため、2~4週間後に甲状腺機能を再検することが適切である。,1.0
119D24,"68歳の女性。右上肢の腫れと強い痛みを主訴に来院した。昨夜から右中指の腫れと痛みを自覚していたが、今朝には腫脹と強い痛みが上腕まで拡大し、我慢することが出来なくなったため受診した。既往歴に特記すべきことはない。意識は清明。体温37.9℃。脈拍112/分、整。血圧82/60mmHg。呼吸数24/分。SpO299%(roomair)。右手から上腕部の腫脹と圧痛を認める。右中指から手首にかけての皮膚所見(別冊No.9A)を別に示す。血液所見:Hb12.3g/dL、白血球16,300、血小板20万。血液生化学所見:アルブミン3.0g/dL、総ビリルビン0.8mg/dL、AST88U/L、ALT20U/L、LD310U/L(基準:124~222)、CK720U/L(基準41~153)、尿素窒素22mg/dL、クレアチニン1.2mg/dL。CRP30mg/dL。右上腕造影CTでは筋間組織に液体貯留と筋肉内の造影不良域を認めるが、ガス像は認めない。来院翌日に陽性となった血液培養のボトル内容のGram染色標本(別冊No.9B)を別に示す。原因微生物はどれか。 ",a. Clostridium perfringens | b. Pseudomonas aeruginosa | c. Staphylococcus aureus | d. Streptococcus pyogenese | e. Vibrio vulnificus,True,d,,1.0,d,gram染色標本で連鎖状に配列するグラム陽性球菌が認められたため。,1.0,d,この症例は、右上肢に急速に拡大する重度の痛みと腫脹、全身性のショック状態が認められ、ctではガス像がなく、筋間液体貯留および筋肉内造影不良域があるため、侵襲性の高い壊死性筋膜炎が疑われます。グラム染色標本からは、連鎖球菌の所見が示唆され、原因菌として最も頻度が高いのはβ溶血性連鎖球菌、すなわちstreptococcus pyogenesであるため、最も適切な回答はdとなります。,1.0,d,この症例は以下の特徴から連鎖球菌（streptococcus pyogenes）による壊死性筋膜炎と考えられます：,0.9,d,右中指の皮膚所見(壊死性筋膜炎を示唆)とgram染色標本(連鎖状の球菌)から、起炎菌はstreptococcus pyogenes(a群溶連菌)である可能性が最も高い。,1.0
119D25,"24歳の女性。総合病院の救急外来に勤務する看護師。2年前に入職してから救急外来での勤務を続けている。医師の処置の介助をしていたところ、突然呼吸困難が出現したため診察を受けた。意識は清明。体温36.4℃。脈拍96/分、整。血圧116/72mmHg。呼吸数22/分。SpO298%(roomair)。胸部で広範に喘鳴を聴取する。短時間作用性β2刺激薬の吸入で速やかに改善した。既往にアトピー性皮膚炎と喘息があり、副腎皮質ステロイド吸入薬で治療を受けコントロールは良好である。職場で処置中に同様のエピソードが複数回あった。血液所見:赤血球435万、Hb14.0g/dL、Ht42%、白血球6,300(好中球62%、好酸球3%、単球5%、リンパ球30%)、血小板25万。免疫血清学所見:IgE188IU/mL(基準170以下)。ラテックス特異的IgEが異常高値であった。適切な対応はどれか。 ",a. 離職 | b. 配属部署の変更 | c. 処置時の手袋の変更 | d. 抗IgEモノクローナル抗体の投与 | e. 副腎皮質ステロイド吸入薬の増量,False,c,患者はラテックスアレルギーが疑われ、ラテックス特異的igeが異常高値です。呼吸困難は勤務中の特定の処置中に出現しているため、ラテックス製の手袋が原因の可能性があります。適切な対応は、ラテックスを含まない手袋に変更することです。,0.9,c,ラテックスアレルギーが原因と考えられるため、手袋をラテックスフリーのものに変更することが最も適切な対応である。,1.0,c,患者はラテックス特異的igeの上昇が示す通り、ラテックスに対するアレルギー反応が原因であるため、処置時に使用する手袋を非ラテックス製品に変更するのが最も適切な対応となる。,1.0,c,この症例はラテックスアレルギーの典型例です。医療従事者がラテックス手袋の使用により症状を発症しており、ラテックス特異的igeが高値であることから診断が確定します。最も適切な対応は、ラテックスフリーの手袋（ニトリルやビニール製など）に変更することです。離職や配属変更は過剰な対応であり、薬物療法の変更は根本的な原因に対処していません。,0.9,c,ラテックスアレルギーによる喘息の可能性が高い。そのため、ラテックス手袋の使用を避けることが適切である。,1.0
119D26,66歳の女性。微熱および持続する咳嗽を主訴に来院した。1年前から間質性肺炎を伴う関節リウマチに対して抗TNF-α抗体製剤とNSAIDで治療されている。他に骨粗鬆症と逆流性食道炎でカルシウム製剤、活性型ビタミンD製剤およびプロトンポンプ阻害薬を内服している。精査の結果、間質性肺炎の増悪はなく、肺結核と診断された。中止すべき薬剤はどれか。 ,a. NSAID | b. カルシウム製剤 | c. 抗TNF-α抗体製剤 | d. プロトンポンプ阻害薬 | e. 活性型ビタミンD製剤,False,c,抗tnf-α抗体製剤は免疫抑制作用を持ち、結核などの感染症を悪化させる可能性があります。肺結核と診断された場合は、この製剤を中止することが推奨されます。他の選択肢は結核の治療に影響を与える可能性が低いです。,0.9,c,抗tnf-α抗体製剤は結核の重症化リスクが高いため、中止が推奨される。,1.0,c,抗tnf-α抗体製剤は免疫抑制作用により肺結核の再活性化リスクを増大させるため、診断された肺結核治療中は中止すべき薬剤となる。,1.0,c,抗tnf-α抗体製剤は結核のリスクを上昇させることが知られており、活動性結核の患者では禁忌です。tnf-αは結核菌に対する防御免疫において重要な役割を果たすため、抗tnf-α抗体製剤の使用により結核が顕在化・悪化する可能性があります。他の薬剤は結核の治療に影響を与えないため、継続可能です。,0.9,c,肺結核と診断された場合、抗tnf-α抗体製剤は結核を悪化させる可能性があるため、中止する必要があります。,1.0
119D27,87歳の男性。嘔吐と体重減少を主訴に来院した。1か月前から食物の飲み込みにくさや悪心を自覚するようになった。徐々に食事摂取が困難となり、最近では1日に何度も嘔吐し、体重は1か月で4kg減少したため受診した。喫煙は20本/日を60年間。飲酒は焼酎2合/日を50年間。意識は清明。身長170cm、体重48kg。体温36.4℃。脈拍80/分、整。血圧124/62mmHg。腹部は平坦、軟で、肝·脾を触知しない。食道造影では水溶性造影剤の通過が遅延し、食道中部に高度の不整狭窄像を認めた。上部消化管内視鏡検査で胸部中部食道癌と診断したが、狭窄部は内視鏡での通過が不可能であった。経口摂取を可能とするための適切な対応はどれか。 ,a. 口腔ケア | b. 食道ステント留置術 | c. 内視鏡的筋層切開術 | d. 嚥下リハビリテーション | e. 経皮内視鏡的胃瘻造設術,False,b,胸部中部食道癌による高度の不整狭窄のため内視鏡が通過できない状況では、経口摂取を可能にするために食道ステントの留置が最も効果的な対応です。これにより、狭窄が緩和され、食物の通過が改善されます。他の選択肢では直接的な食道の狭窄改善は期待できません。,0.9,b,進行した胸部中部食道癌で内視鏡の通過も困難な狭窄があるため、経口摂取を可能とするためには食道ステント留置術が適切である。,1.0,b,この症例は高度の不整狭窄を認める胸部中部食道癌であり、内視鏡での通過が不可能なため、経口摂取を可能にするには狭窄部を拡げる必要があります。食道ステント留置術は、腫瘍性狭窄の患者に対して迅速な経口摂取再開を可能にする標準的な治療法です。,1.0,b,この症例では、進行食道癌による高度狭窄があり、経口摂取が困難な状態です。食道ステント留置術は、切除不能な食道癌による狭窄に対する緩和治療として最も適切な選択肢です。ステント留置により、狭窄が解除され、経口摂取が可能となります。他の選択肢（口腔ケア、嚥下リハビリ、筋層切開術）は原因となる狭窄を解決できず、胃瘻造設術は食道狭窄より上部からの栄養摂取となるため最適ではありません。,0.9,e,食道癌による高度狭窄で内視鏡が通過できないため、経口摂取は困難。食道ステントも通過できない可能性があり、内視鏡的筋層切開術も適応外。嚥下リハビリは経口摂取が可能な状態で行う。経皮内視鏡的胃瘻造設術は、経口摂取が困難な場合の栄養確保の手段として適切。,0.9
119D28,63歳の女性。呼吸困難と意識障害を主訴に夫に連れられて夜間救急外来を受診した。2年前から右下肢が上がりにくく転倒するようになり、1年前には右上肢の筋力低下が出現した。線維束性収縮を伴う右優位の四肢の筋力低下と筋萎縮を認め、各種検査の結果、筋萎縮性側索硬化症〈ALS〉と診断され、病名の告知を受けた。この時点では肺活量、血液ガス分析の結果は正常であったが、将来の呼吸器の導入について本人、夫と主治医が話し合いを重ね、必要時には気管切開の後、人工呼吸器を装着する方針となった。6か月前から食事に時間がかかり嚥下障害も目立つようになった。1か月前の肺活量では%VCが58%であった。本日の朝から呼吸困難の訴えがあり、呼びかけへの反応が徐々に鈍くなったため夫に連れられて受診した。意識は傾眠状態。身長160cm、体重38kg。体温36.9℃。脈拍80/分、整。血圧172/76mmHg。呼吸数20/分。四肢の筋萎縮に加えて舌萎縮を認める。動脈血ガス分析(roomair):pH7.37、PaCO267Torr、PaO258Torr、HCO338mEq/L。主治医と以前に決定していた治療方針に関する意思決定に変わりがないことを救急外来担当医が夫に確認した。適切な対応はどれか。 ,a. 筋力増強訓練実施 | b. エダラボン静注開始 | c. 翌日の再受診を指示 | d. リルゾール内服開始 | e. 非侵襲的陽圧換気<NPPV>開始,False,e,本症例は筋萎縮性側索硬化症（als）で、呼吸不全が進行している状態です。paco2の上昇とpao2の低下はこれを示しています。以前合意された治療方針に基づき、即座に呼吸補助が必要です。非侵襲的陽圧換気（nppv）は侵襲的な気管切開を避け、呼吸を補助する適切な初期対応となります。他の選択肢より適切性が高いです。,0.9,e,呼吸不全を来しているals症例に対しては、まず非侵襲的陽圧換気(nppv)を導入して呼吸管理を行うことが急務であるため。,0.9,e,この患者はalsの進行に伴う呼吸筋不全により、慢性的な高co₂血症と低酸素血症（abg: ph 7.37、paco₂ 67 torr、pao₂ 58 torr、hco₃ 38 meq/l）を呈しており、既に以前の話し合いで必要時の人工呼吸サポート（気管切開後の人工呼吸器装着）が決定されていました。救急外来での急性呼吸不全の対応としては、速やかな換気サポートが必要となるため、最も直接的に呼吸状態の改善を図ることができる「非侵襲的陽圧換気（nppv）開始」が適切な対応となります。,1.0,e,この患者は alsの進行により呼吸不全を呈しており、動脈血ガス分析でpaco2 67torrと高値を示す呼吸性アシドーシスの状態です。%vcも58%と低下しており、意識レベルの低下も認めます。このような状況では、気管切開・人工呼吸器装着の前段階として、まず非侵襲的陽圧換気(nppv)の導入が適切です。エダラボンやリルゾールは病態の進行抑制が目的であり、現在の急性呼吸不全には対応できません。また、この状態での帰宅は危険です。,0.9,e,als患者であり、呼吸困難と高炭酸ガス血症を認めるため、nppvが適切な対応である。,1.0
119D29,47歳の男性。咽頭痛を主訴に来院した。3日前から咽頭痛があり、今朝から唾液の飲み込みが困難になり、息苦しさも感じるようになったため受診した。体温38.0℃。呼吸数22/分。SpO293%(roomair)。含み声があり、頸部聴診で喘鳴を認める。喉頭内視鏡像(別冊No.10)を別に示す。まず行うべき対応はどれか。 ,a. NSAIDの投与 | b. 胃管挿入 | c. 気道確保 | d. 抗菌薬の投与 | e. 自宅安静の指示,True,c,含み声、喘鳴、息苦しさの症状から急性喉頭蓋炎が疑われ、気道閉塞のリスクが高いため、まず気道確保が必要です。,1.0,c,喉頭蓋炎が疑われ、気道狭窄が進行しているため最優先で気道を確保する必要がある。,1.0,c,症例は咽頭痛から進行し、唾液の飲み込み困難や呼吸困難を呈しており、含み声や頸部での喘鳴も認められるため、まず生命に直結する気道確保が最優先となる。,1.0,c,喉頭蓋炎が疑われる状況です。呼吸困難（息苦しさ、spo2低下）、含み声、喘鳴があり、急速に気道閉塞をきたす可能性がある緊急状態です。このような場合、最優先で気道確保を行う必要があります。他の治療（抗菌薬投与など）は重要ですが、まず気道確保が最優先となります。,0.9,c,喉頭内視鏡像から喉頭蓋の腫脹が著明であり、呼吸困難を伴っているため、気道確保が最優先となる。,1.0
119D30,"60歳の男性。腹痛と動悸を主訴に来院した。4週間前に早期胃癌で腹腔鏡下胃全摘術を受けた。術後に経口摂取が開始となり、少しずつ食欲も増して食事量も多くなってきた。1週間前から、食後5~10分で、腹痛、下痢、めまい、顔面紅潮および動悸が出現するようになった。しばらく横になると症状は軽快するが心配になり受診した。身長170cm、体重50kg。体温36.4℃。脈拍64/分、整。血圧118/62mmHg。呼吸数12/分。SpO298%(roomair)。眼瞼結膜と眼球結膜とに異常を認めない。心音と呼吸音とに異常を認めない。腹部は平坦、軟で、圧痛を認めない。4か所の手術痕を認める。血液所見:赤血球460万、Hb13.7g/dL、Ht42%、白血球8,200、血小板18.万。血液生化学所見:総蛋白6.8g/dL、アルブミン4.2g/dL、総ビリルビン0.6mg/dL、AST20U/L、ALT22U/L、LD140U/L(基準124~222)、ALP80U/L(基準38~113)、Y-GT40U/L(基準13~64)、アミラーゼ48U/L(基準44~132)、尿素窒素12mg/dL、クレアチニン0.8mg/dL、血糖88mg/dL、HbAlc5.0%(基準4.9~6.0)。CRP0.1mg/dL。最も考えられるのはどれか。 ",a. 胆石症 | b. 心房細動 | c. 単純性腸閉塞 | d. 巨赤芽球性貧血 | e. ダンピング症候群,False,e,術後に食後すぐ腹痛、動悸、めまい、下痢、顔面紅潮があるため、胃切除後の早期ダンピング症候群が最も考えられます。多くの症状が全摘術後のダンピング症候群のものと一致しています。,0.9,e,胃切除後に食後早期に腹痛や動悸、めまいなどが出現し横になると軽快する典型的なダンピング症候群であるため。,0.95,e,術後早期に出現する食後の腹痛、下痢、顔面紅潮、動悸などの症状は、胃全摘術後によくみられるダンピング症候群の典型的な所見であるため。,1.0,e,この症例はダンピング症候群の典型的な臨床像を示しています。胃全摘術後の患者で、食後5-10分という早期に、腹痛、下痢、めまい、顔面紅潮、動悸などの自律神経症状が出現し、横になると改善する点が特徴的です。また、症状が食事量の増加に伴って出現している点も、ダンピング症候群に合致します。血液検査では特に異常所見を認めず、他の疾患を示唆する所見はありません。,0.95,e,早期胃癌で腹腔鏡下胃全摘術後、食後に腹痛、下痢、めまい、顔面紅潮、動悸が出現しており、ダンピング症候群の症状と合致する。,1.0
119D31,"8歳の女児。膝が痛くて歩けないことを主訴に両親に連れられて来院した。3日前から左膝の痛みが生じ、2日前に発熱を認めた。昨日から左膝が痛くて歩けなくなった。薬剤に対するアレルギーはない。意識は清明。身長125cm、体重27kg。体温37.3℃。脈拍100/分、整。血圧110/60mmHg。呼吸数24/分。咽頭に発赤は認めない。心音と呼吸音とに異常を認めない。腹部は平坦、軟で、肝·脾を触知しない。左膝の写真(別冊No.11)を別に示す。左膝の関節可動域に制限を認めない。血液所見:赤血球403万、Hb11.3g/dL、Ht35%、白血球14,000(桿状核好中球6%、分葉核好中球67%、好酸球1%、単球12%、リンパ球14%)、血小板34万。血液生化学所見:総蛋白6.7g/dL、AST35U/L、ALT23U/L、LD358U/L(基準145~320)。CRP18mg/dL。膝関節MRIで関節腔や骨髄に異常を認めない。初期治療で投与すべきなのはどれか。 ",a. クラリスロマイシン | b. クリンダマイシン | c. セファゾリン | d. メロペネム | e. レボフロキサシン,True,c,患者は左膝の発赤と腫脹、crpが高値であり、感染症を示唆しています。関節mriに異常がないことから、関節炎よりも蜂窩織炎が疑われます。セファゾリンは蜂窩織炎の第一選択薬です。,0.9,c,皮膚・軟部組織感染症を想定し、mssaやレンサ球菌などをカバーできる第1世代セフェム系薬が初期治療の第一選択となるため。,0.9,c,小児の急性膝周囲の炎症・感染症では、黄色ブドウ球菌（mssa）が最も多く、mrsaのリスク因子が特になければ第一選択薬は第一世代セファロスポリン（例：セファゾリン）となるため。mriで関節内や骨髄に異常が認められず、関節可動域も正常なことから、関節内の感染より皮下や周囲組織の感染が疑われ、初期治療としてセファゾリンが適切である。,1.0,c,この症例は、発熱、関節痛、血液検査での白血球増多とcrp上昇から急性化膿性関節炎が疑われます。小児の化膿性関節炎の起因菌として最も多いのは黄色ブドウ球菌であり、初期治療としては抗ブドウ球菌活性の高いセファゾリン（第一世代セフェム系抗菌薬）が最適です。メロペネムは広域すぎ、他の選択肢は起因菌に対する有効性が劣ります。,0.9,c,写真から左膝に蜂窩織炎が疑われる。起炎菌として多いのは黄色ブドウ球菌、レンサ球菌であるため、初期治療としてセファゾリンが適切である。,0.8
119D32,"18歳の男子。前胸部痛を主訴に来院した。1週間前から胸部圧迫感と息切れが出現し、徐々に増悪したため受診した。臥位になるとさらに悪化する。体温37.5℃。脈拍88/分、整。血圧110/72mmHg。呼吸数20/分。SpO296%(roomair)。両側の胸部で呼吸音の減弱を認める。血液所見:赤血球502万、Hb15.2g/dL、Ht45%、白血球9,800、血小板26万。血液生化学所見:総ビリルビン0.6mg/dL、AST42U/L、ALT9U/L、LD768U/L(基準124~222)、CEA1.6ng/mL(基準5以下)、CA19-949U/mL(基準37以下)、α-フェトプロテイン〈AFP〉200ng/mL(基準20以下)、hCG82.6mIU/mL(基準0.7以下)。免疫血清学所見:CRP4.8mg/dL、抗アセチルコリン受容体抗体0.1nmol/L(基準0.2以下)。胸部エックス線写真(別冊No.12A)と胸部単純CT冠状断像(別冊No.12B)を別に示す。診断はどれか。 ",a. 胸腺腫 | b. 小細胞癌 | c. 胚細胞腫瘍 | d. 悪性リンパ腫 | e. サルコイドーシス,True,c,症例の年齢、症状（胸部痛、呼吸困難、臥位での悪化）、腫瘍マーカー（afpとhcgの上昇）から、胚細胞腫瘍が最も疑わしいです。,0.9,c,afp・hcgの上昇を伴う前縦隔腫瘍であり、胚細胞腫瘍が最も適切な診断であるため。,1.0,c,18歳の男子で前胸部に発生する腫瘤に加え、afp（200ng/ml）およびhcg（82.6miu/ml）の上昇は、胸腺腫や悪性リンパ腫、サルコイドーシスではなく、胚細胞腫瘍（非精原性奇形腫瘍）の特徴と一致するため。,1.0,c,以下の理由から胚細胞腫瘍が最も考えられます：,0.9,c,胸部x線写真およびct画像で縦隔腫瘍を認め、afpとhcgが高値であることから、胚細胞腫瘍が最も可能性が高い。,1.0
119D33,10か月の男児。発疹を主訴に両親に連れられて来院した。3日前から38℃台の発熱が持続し、本日解熱した直後に全身の発疹が出現したため受診した。発熱時には機嫌は良く、軽度の軟便があった。解熱後は不機嫌であった。身長68cm、体重9kg。体温36.5℃。脈拍112/分、整。血圧98/52mmHg。呼吸数30/分。SpO298%(roomair)。体幹部を中心に斑状の紅色丘疹を認める。全身状態は良好であり、眼瞼結膜と眼球結膜とに異常を認めない。咽頭は軽度の発赤を認める。口唇の紅潮は認めない。頸部リンパ節を触知しない。心音と呼吸音とに異常を認めない。腹部は平坦、軟で、肝·脾を触知しない。考えられる原因ウイルスはどれか。 ,a. 風疹ウイルス | b. 麻疹ウイルス | c. パルボウイルスB19 | d. ヒトヘルペスウイルス6 | e. Epstein-Barr〈EB〉ウイルス,False,d,解熱後に全身に発疹が出現し、以前は発熱時に機嫌が良いといった症状の組み合わせは典型的に突発性発疹（roseola infantum）に一致します。この病気はヒトヘルペスウイルス6（hhv-6）によって引き起こされます。また全身状態が良好であることも特徴的です。,0.9,d,発熱が解熱した直後に体幹を中心とする発疹が出現する典型的な突発性発疹の臨床像であり、原因ウイルスはヒトヘルペスウイルス6が考えられる。,1.0,d,10か月児で、3日間の高熱後に発疹が出現するという経過は、玫瑰疹（roseola infantum）の典型的な所見であり、その原因ウイルスはヒトヘルペスウイルス6であるため。,1.0,d,この症例は突発性発疹の典型的な経過を示しています。3-4日間の高熱の後、解熱と同時に発疹が出現する臨床経過、乳幼児の年齢、発熱時の比較的良好な機嫌、解熱後の不機嫌さは、ヒトヘルペスウイルス6（hhv-6）による突発性発疹に特徴的です。また、発疹の性状（体幹部中心の斑状紅色丘疹）も合致します。他のウイルス性発疹症とは臨床経過が明確に異なります。,0.9,d,発熱後解熱し、体幹部を中心に斑状の紅色丘疹が出現したことから、突発性発疹が考えられる。突発性発疹の主な原因ウイルスはヒトヘルペスウイルス6である。,1.0
119D34,38歳の女性。自宅にこもりがちな状態が続いていることを心配した母親に付き添われて来院した。6か月前に夜遅く会社から帰宅する時、乗っていたタクシーがトラックと正面衝突事故を起こし救急搬送された。タクシーの運転手は意識不明の重体であったが、本人は軽症で3日後に退院した。入院中から不眠が続き、退院後も自動車事故の光景を繰り返し思い出すようになり、車に乗ることだけでなく周囲に車が近づくだけで不安が強まるため、あまり外出しなくなっている。診断はどれか。 ,a. うつ病 | b. 適応障害 | c. 脱抑制性対人交流症 | d. 反応性アタッチメント症 | e. 心的外傷後ストレス障害〈PTSD〉,False,e,このケースでは、患者がタクシー事故のトラウマ的な経験を何度も思い出し、それに関連する不安が強く発生していること、またそのために外出を避ける行動を取るようになっています。これらの症状は心的外傷後ストレス障害〈ptsd〉の特徴に一致します。事故のトラウマがその後の生活に影響を及ぼしているため、ptsdと診断するのが適切です。,0.95,e,交通事故という外傷体験を繰り返し思い出し、不眠や不安の持続、回避行動が認められるためptsdと判断される,1.0,e,この症例は、交通事故という重大な外傷性出来事を経験した後、不眠、フラッシュバック、回避行動といったptsdの特徴的症状が見られるため、心的外傷後ストレス障害〈ptsd〉と診断するのが適切です。,1.0,e,この症例は典型的なptsdの症状を示しています。主な根拠は：,0.95,e,事故の既往、フラッシュバック、不眠、回避行動などの症状から、心的外傷後ストレス障害（ptsd）が最も考えられる。,0.9
119D35,"4歳の男児。転倒しやすいことを心配した両親に連れられて来院した。周産期と乳児期の発達歴に異常はなく、歩行開始は1歳2か月であった。3歳ごろから、幼稚園の他の児と比較して走るのが遅いことに気付かれていた。現在、階段昇降は可能だが、ジャンプができない。これまでに精神発達の異常は指摘されていない。母方の叔父が心筋症のため28歳で死亡。身長99.0cm、体重15.5kg。体温36.6℃。脈拍104/分、整。顔貌は正常。心音と呼吸音とに異常を認めない。腹部は平坦、軟で、肝·脾を触知しない。四肢筋量の低下を認めない。筋緊張は正常で、腱反射に異常を認めない。血液生化学所見:AST424U/L、ALT460U/L、LD1,250U/L(基準175~365)、CK16,500U/L(基準43~270)。診断に有用なのはどれか。 ",a. 脳波検査 | b. 遺伝子検査 | c. 呼吸機能検査 | d. 脳脊髄液検査 | e. 末梢神経伝導検査,False,b,問題文で示された症状と検査所見（特に高値のck）から、デュシェンヌ型筋ジストロフィーが疑われます。母方の叔父が心筋症で死亡していることもx連鎖劣性遺伝を示唆します。この疾患の診断には、遺伝子検査が有用です。,0.95,b,母方の叔父の若年死亡（心筋症）や極めて高値のckなどから、x連鎖劣性遺伝のduchenne型筋ジストロフィーを疑い、診断には遺伝子検査が有用である。,1.0,b,臨床所見と検査値（特にckの著明な上昇）、家族歴（母方の叔父の心筋症死亡）から、x連鎖性のデュシェンヌ型筋ジストロフィーが疑われる。遺伝子検査は、原因となるジストロフィン遺伝子の変異を確認するために最も有用である。,1.0,b,この症例は、以下の特徴からデュシェンヌ型筋ジストロフィーが強く疑われます：,0.9,b,ck高値、ast/alt上昇、母方叔父の心筋症死亡歴から、筋ジストロフィー（特にデュシェンヌ型）を疑う。確定診断には遺伝子検査が有用。,0.95
119D36,"47歳の女性。腹部膨満感を主訴に来院した。3年前から全身の皮膚瘙痒感を自覚していたがそのままにしていた。3か月前から腹部が張った感じが出現し、徐々に増悪したため受診した。喫煙歴と飲酒歴はない。常用薬やサプリメントの服用はない。意識は清明。眼瞼結膜に異常を認めない。眼球結膜に黄染を認める。前胸部のくも状血管拡張と手掌紅斑を認める。腹部は膨隆し波動を認める。下腿に浮腫を認める。血液所見:赤血球324万、Hb9.6g/dL、白血球6,700、血小板3.5万、PT-INR1.8(基準0.9~1.1)。血液生化学所見:総蛋白6.8g/dL、アルブミン3.4g/dL、IgG1,710mg/dL(基準861~1,747)、IgA342mg/dL(基準93~393)IgM980mg/dL(基準50~269)、総ビリルビン3.6mg/dL、AST42U/L、ALT36U/L、ALP393U/L(基準38~113)、Y-GT462U/L(基準9~32)、Cu124μg/dL(基準68~128)。免疫血清学所見:HBs抗原陰性、HCV抗体陰性。腹部超音波検査で多量の腹水を認め、肝辺縁は鈍化し、表面は不整、肝実質も不均一である。肝臓に腫瘤を認めない。肝内胆管の拡張を認めない。診断のために行うべき検査はどれか。 ",a. 腹部造影CT | b. 経皮的肝生検 | c. 薬剤リンパ球刺激試験 | d. 血清セルロプラスミン測定 | e. 抗ミトコンドリア抗体測定,False,e,この症例は皮膚瘙痒感、黄疸、腹水、肝機能異常、免疫グロブリンの異常上昇、特にigmの上昇といった特徴があり、これらは原発性胆汁性胆管炎（pbc）の典型的な症状です。pbcの診断には、抗ミトコンドリア抗体（ama）の測定が重要であるため、e. 抗ミトコンドリア抗体測定が選ばれます。,0.9,e,皮膚瘙痒感やalp・γ-gtの上昇，igm高値などから原発性胆汁性胆管炎（pbc）が疑われ，抗ミトコンドリア抗体測定が診断に最も有用であるため。,1.0,e,この症例は、閉経前後の女性に多い原発性胆汁性胆管炎（pbc）を示唆する。慢性的な皮膚の痒み、上昇したalp、γ-gtと高値のigm、そして肝硬変所見の存在が特徴であり、診断のための初期検査は抗ミトコンドリア抗体測定であるため。,1.0,e,この症例は原発性胆汁性胆管炎(pbc)を強く疑う所見が多数あります：,0.9,b,腹部膨満感、黄疸、くも状血管拡張、手掌紅斑、腹水、下腿浮腫、血小板減少、pt-inr上昇、alp/γ-gt上昇などから、肝硬変が疑われる。腹部超音波検査で肝臓の辺縁鈍化、表面不整、実質不均一とあることからも肝硬変の可能性が高い。原因精査のため、肝生検が有用である。aの腹部造影ctは腫瘍性病変の評価には有用だが、びまん性肝疾患の評価には肝生検がより有用である。cは薬剤性肝障害が疑われる場合に考慮する。dの血清セルロプラスミン測定はウィルソン病の疑いがある場合に行う。eの抗ミトコンドリア抗体測定は原発性胆汁性胆管炎(pbc)を疑う場合に行う。本症例ではigmが高値ではないため、pbcの可能性は低い。,0.9
119D37,"3歳の男児。低身長を主訴に母親に連れられて来院した。3歳児健康診査で低身長(-3.0SD)を指摘されたため受診した。在胎37週1日、体重2,460g、身長45.0cmで出生した。既往歴に特記すべきことはない。家族の身長は、父親168cm、母親156cm、姉(6歳)110cm。本人は身長82.1cm、体重9.5kg。体温36.5℃。口腔内に異常を認めない。甲状腺腫と頸部リンパ節とを触知しない。心音と呼吸音とに異常を認めない。腹部は平坦、軟で、肝·脾を触知しない。下腿に浮腫を認めない。血液生化学所見:総蛋白7.3g/dL、アルブミン4.3g/dL、AST31U/L、ALT15U/L、LD221U/L(基準190~365)、ALP450U/L(基準420~1,200)、CK60U/L(基準43~270)、尿素窒素12mg/dL、クレアチニン0.3mg/dL、総コレステロール178mg/dL、トリグリセリド53mg/dL、Na137mEq/L、K4.3mEq/L、Cl106mEq/L、Ca9.4mg/dL、P4.5mg/dL、TSH2.9μU/mL(基準0.2~4.0)、FT33.8pg/mL(基準2.3~4.3)、FT41.0ng/dL(基準0.8~2.2)、インスリン様成長因子-Ⅰ〈IGF-I>69ng/mL(基準155~588)。頭部MRIで異常を認めない。成長曲線(別冊No.13A)と、アルギニンによるGH分泌負荷試験の結果(別冊No.13B)とを別に示す。グルカゴンによるGH分泌負荷試験の結果も同様であった。診断はどれか。 ",a. 軟骨無形成症 | b. 家族性低身長症 | c. 甲状腺機能低下症 | d. 成長ホルモン分泌不全性低身長症 | e. SGA〈small-for-gestational-age>性低身長症,True,d,身長が-3sd以下で、インスリン様成長因子-ⅰ（igf-i）が低く、成長ホルモン（gh）分泌負荷試験で基準値を超えない点から、成長ホルモン分泌不全性低身長症が示唆されます。,1.0,d,gh分泌刺激試験で基準値を上回るgh分泌が認められず、かつigf-i値も低値であるため、成長ホルモン分泌不全性低身長症と判断した。,1.0,d,低身長と著明なigf-i低値に加え、アルギニン・グルカゴン負荷試験によりgh分泌に異常が認められるため、他の疾患（軟骨無形成、家族性低身長、甲状腺機能低下症、sga性低身長症）とは異なり成長ホルモン分泌不全性低身長症と診断される。,1.0,e,この症例はsga性低身長症と考えられます。その根拠として：,0.9,d,成長曲線から身長が-3sdを下回っており、gh分泌負荷試験でghの反応が基準値未満であることから、成長ホルモン分泌不全性低身長症が最も考えられる。,1.0
119D38,"47歳の女性(2妊2産)。下腹部痛と発熱を主訴に来院した。2日前から38℃台の発熱があり、昨日から下腹部痛も出現したため受診した。最終月経は2週間前。38歳時に右卵巣子宮内膜症性囊胞の診断で、右付属器摘出術を受けた。3年前に離婚し、現在は別のパートナーと同居している。身長155cm、体重52kg。体温38.3℃。脈拍84/分、整。血圧120/80mmHg。腹部は平坦、腸雑音は異常を認めない。触診で下腹部は硬く、左下腹部に圧痛と反跳痛を認める。内診では、子宮頸部の移動痛を認める。妊娠反応陰性。血液所見:赤血球430万、Hb12.9g/dL、Ht38%、白血球16,500(桿状核好中球12%、分葉核好中球75%、好酸球1%、単球3%、リンパ球8%)、血小板33万。血液生化学所見:AST25U/L、ALT10U/L、ALP110U/L(基準38~113)、アミラーゼ49U/L(基準44~132)。CRP9.5mg/dL。経度超音波検査で左付属器領域に径6×3cmの2房性腫瘤を認める。受診時の腹部造影CT(別冊No.14)を別に示す。診断はどれか。 ",a. 便秘 | b. 大腸癌 | c. 卵巢癌 | d. 大腸憩室炎 | e. 卵管留膿症,True,,,,e,発熱・下腹部痛と左付属器領域の腫瘤、頸部移動痛から骨盤内感染症が疑われ、画像所見も卵管留膿を示唆するため。,0.9,e,女性の下腹部痛、発熱、頸部運動痛に加え、超音波で認められる左付属器の2房性腫瘤は、性感染に起因する卵管炎から進展した卵管留膿症（すなわち、卵管や卵巣の膿瘍形成）を強く疑わせるため。,1.0,e,以下の所見から卵管留膿症が最も考えられます：,0.9,e,発熱、下腹部痛、左下腹部の圧痛と反跳痛、子宮頸部の移動痛、白血球増多、crp高値、およびct画像での左付属器領域の腫瘤から、卵管留膿症が最も可能性が高い。,0.9
119D39,"75歳の男性。腎機能低下のため来院した。20年前に高血圧症と糖尿病、10年前から糖尿病腎症と骨粗鬆症、2年前から腎性貧血を指摘され、自宅近くの診療所で複数の内服薬および皮下注射による治療を受けている。2週間前から全身倦怠感が出現し、血液検査で、クレアチニンが1か月前の2.0mg/dLから3.0mg/dLへ上昇したため、紹介受診した。身長165cm、体重70kg。脈拍72/分、整。血圧146/80mmHg。両下肢に軽度の浮腫を認める。尿所見:蛋白3+、糖1+、潜血(一)。血液所見:赤血球320万、Hb10.0g/dL、Ht29%、白血球6,300。血液生化学所見:総蛋白5.8g/dL、アルブミン3.4g/dL、尿素窒素48mg/dL、クレアチニン3.2mg/dL、血糖138mg/dL、HbAlc7.0%(基準4.9~6.0)、Na142mEq/L、K4.5mEq/L、Ca12.1mg/dL、P4.0mg/dL。動脈血ガス分析(roomair):pH7.41,PaCO236Torr,PaO290Torr,HCO321mEq/L.この患者の治療薬で中止すべきなのはどれか。 ",a. ループ利尿薬 | b. カルシウム拮抗薬 | c. 重炭酸ナトリウム | d. エリスロポエチン製剤 | e. 活性型ビタミンD製剤,False,e,本患者は高カルシウム血症（ca12.1mg/dl）を示しており、活性型ビタミンd製剤（選択肢e）はカルシウムの吸収を促進するため、高カルシウム血症を悪化させる可能性があります。そのため、中止すべき治療薬です。他の選択肢は、患者の腎機能低下や血液所見等を考慮した場合、中止すべき理由が明確ではありません。,0.9,e,血清カルシウム値が12.1mg/dlと高値であり、活性型ビタミンd製剤の使用による高カルシウム血症が疑われるため。,1.0,e,活性型ビタミンd製剤はカルシウムの腸管吸収を促進するため、既に高値のカルシウム（12.1mg/dl）が認められているこの患者では、さらなる高カルシウム血症と腎機能の悪化を引き起こす可能性があるため中止すべき。,0.95,e,この患者は血清ca値が12.1mg/dlと著明に上昇しており、高カルシウム血症を呈しています。活性型ビタミンd製剤は血清caを上昇させる作用があるため、現状では中止すべきです。高カルシウム血症は腎機能をさらに悪化させる可能性があり、早急な対応が必要です。他の薬剤（利尿薬、降圧薬、エリスロポエチン、重炭酸na）は現在の病態では継続が必要と考えられます。,0.9,e,高ca血症(ca 12.1mg/dl)のため、活性型ビタミンd製剤を中止すべき。腎機能低下により活性型ビタミンd製剤の効果が増強されている可能性も考慮する。,0.9
119D40,"6歳の女児。腰痛を主訴に母親に連れられて来院した。2週間前から腰痛が出現し、徐々に歩行困難となったため受診した。意識は清明。身長115cm、体重20kg。体温36.2℃。脈拍88/分、整。血圧88/60mmHg。SpO299%(roomair)。眼瞼結膜は貧血様で、眼球結膜に黄染を認めない。咽頭に発赤を認めない。腹部は平坦、軟で、肝·脾を触知しない。背部に発赤や腫脹を認めない。胸腰椎移行部に圧痛と叩打痛を認める。血液所見:赤血球298万、Hb8.2g/dL、Ht26%、網赤血球2%、白血球2,700(分葉核好中球17%、好酸球1%、好塩基球1%、単球4%、リンパ球66%、芽球11%)、血小板5.9万。血液生化学所見:総蛋白6.7g/dL、AST45U/L、ALT19U/L、LD465U/L(基準170~320)、ALP680U/L(基準460~1,250)、尿素窒素19mg/dL、クレアチニン0.4mg/dL、尿酸6.8mg/dL、Ca9.8mg/dL、P4.7mg/dL。CRP1.7mg/dL。脊椎エックス線写真(別冊No.15)を別に示す。基礎疾患の確定診断に有用な検査はどれか。 ",a. 骨髄検査 | b. 腰椎MRI | c. 脳脊髄液検査 | d. 骨シンチグラフィ | e. 腰椎骨塩定量検査,True,a,血液所見で芽球の増加があり、骨髄異常が疑われるため、基礎疾患の確定診断には骨髄検査が有用です。,0.9,a,芽球増加と汎血球減少を認め、急性白血病を疑うため、骨髄検査が基礎疾患の確定診断に最も有用である。,1.0,a,小児で骨痛や歩行困難、貧血、血小板減少、そして末梢血に芽球が認められる所見は、急性白血病（多くはall）を強く示唆します。基礎疾患の確定診断には骨髄検査が最も有用です。,1.0,a,この症例では、以下の所見から急性白血病が強く疑われます：,0.95,a,問題文より、貧血、血小板減少、白血球減少、芽球出現が認められる。脊椎x線写真では椎体の圧迫骨折を疑う所見がある。これらの所見から、血液疾患（白血病など）が疑われるため、確定診断には骨髄検査が有用である。,1.0
119D41,26歳の男性。右膝関節の可動域制限を主訴に来院した。3か月前にハンドボールの練習中に右膝を捻って痛みを感じたが、医療機関の受診はしなかった。約1週間で疼痛はなくなった。2か月前から身体の向きを変える時や、しゃがんだ状態から立ち上がる時などに右膝がガクッとして曲がったまま伸ばせないことが頻発するようになった。身長168cm、体重62kg。入室時の歩容は右膝軽度屈曲位で、跛行を認める。右膝関節に腫脹を認める。発赤と熱感はない。右膝関節外側に圧痛を認める。右膝関節可動域:伸展-30°、屈曲130°(健側は伸展0°、屈曲140°)。前方引き出しテスト陽性。右膝MRIの脂肪抑制T2*強調冠状断像(別冊No.16A)と脂肪抑制プロトン密度強調矢状断像(別冊No.16B)とを別に示す。適切な治療はどれか。 ,a. ギプス固定 | b. NSAID内服 | c. 関節鏡下手術 | d. 理学療法士による伸展訓練 | e. ヒアルロン酸ナトリウム製剤の関節内投与,True,c,前方引き出しテスト陽性と、右膝がガクっとして伸びない症状は半月板損傷が疑われます。また、mriで損傷が確認できる場合には関節鏡下手術が適切な治療法です。,0.9,c,mri所見や膝のロッキング症状から外側半月板の損傷・断裂が疑われ、関節鏡下手術による修復・切除が適切と考えられるため。,1.0,c,外傷後に徐々に現れたロッキングや伸展制限、前方引き出しテスト陽性という所見は、筋腱や靭帯だけでなく、関節内構造物、特にメニスカスの損傷（バケットハンドル断裂等）を示唆します。mri所見もこれを支持しており、若年者で機能障害があるため、関節鏡下手術による修復または部分切除が適切な治療となります。,1.0,c,この症例は前十字靭帯（acl）損傷を強く示唆します。根拠として：,0.9,c,mri画像から前十字靭帯断裂が考えられ、前方引き出しテストも陽性であることから、関節鏡下手術が適切である。,1.0
119D42,"68歳の男性。血糖コントロール及び合併症の精査のため紹介受診した。糖尿病は55歳時に指摘され、自宅近くの医療機関で血糖降下薬を処方されており、3年前からは注射薬への変更を勧められていたが、内服薬を継続していた。眼科で単純網膜症を指摘されており、歯科で歯周病の治療を行っている。身長168cm、体重64kg。体温36.4℃。脈拍60/分、整。血圧132/80mmHg。眼瞼結膜と眼球結膜とに異常を認めない。心音と呼吸音とに異常を認めない。腹部は平坦、軟。四肢に浮腫を認めない。腱反射はアキレス腱反射のみ両側で減弱を認め、両下肢内顆の振動覚の低下を認める。血液所見:赤血球468万、Hb13.9g/dL、Ht42%、白血球12,300、血小板21万。血液生化学所見:アルブミン3.9g/dL、AST28U/L、ALT26U/L、Y-GT62U/L(基準13~64)、尿素窒素12mg/dL、クレアチニン0.9mg/dL、尿酸6.9mg/dL、血糖168mg/dL、HbAlc7.8%(基準4.9~6.0)、総コレステロール216mg/dL、トリグリセリド160mg/dL、HDLコレステロール42mg/dL、Na136mEq/L、K4.4mEq/L、C197mEq/L。心電図に異常を認めない。この患者の腎合併症評価に必要な尿検査項目はどれか。 ",a. 尿潜血 | b. 尿比重 | c. 尿ケトン体 | d. 尿中アルブミン | e. 尿中β2-マイクログロブリン,False,d,糖尿病患者の腎合併症を評価する際には、微量アルブミン尿を検出するために尿中アルブミンを測定することが基本です。尿中アルブミンの増加は糖尿病性腎症の早期指標となります。他の選択肢は腎合併症の初期評価としては不適切です。,0.9,d,糖尿病性腎症の評価には尿中アルブミンの測定が必須であるため。,1.0,d,尿中アルブミンは初期の糖尿病性腎症（微量アルブミン尿）の評価において最も感受性が高く、腎合併症の早期発見に有用な検査項目です。,1.0,d,糖尿病性腎症のスクリーニングには尿中アルブミンの測定が最も適切です。早期腎症の段階から検出可能で、微量アルブミン尿（30-299mg/日）の検出は、糖尿病性腎症の早期診断に重要です。他の選択肢は腎機能評価に有用ですが、糖尿病性腎症の初期評価としては尿中アルブミンが最も感度と特異度が高いとされています。,0.9,d,糖尿病性腎症の評価には、尿中アルブミンが必須の検査項目である。初期の腎症では、尿蛋白が検出される前に微量アルブミン尿として検出されるため、尿中アルブミンを測定することが重要となる。,1.0
119D43,"33歳の女性(0妊0産)。下腹部痛と過多月経を主訴に来院した。5か月前から月経血量の増加と下腹部鈍痛が増悪し、早期の挙児希望もあるため受診した。2年前から避妊はしていない。月経周期は28日型、整、持続7日間。20年前から月経痛で市販の鎮痛薬を服用している。身長158cm、体重53kg。体温36.0℃。脈拍76/分、整。血圧112/72mmHg。内診で子宮は弾性硬で約10cmに腫大し、両側付属器は触知しない。血液所見:赤血球340万、Hb8.4g/dL、Ht28%、白血球6,200、血小板27万。血液生化学所見:総蛋白6.3g/dL、AST23U/L、ALT20U/L、LD175U/L(基準124~222)、CA12546U/mL(基準35以下)。骨盤部単純MRIのT2強調矢状断像(別冊No.17)を別に示す。適切な治療はどれか。 ",a. 子宮全摘出術 | b. 子宮動脈塞栓術 | c. 子宮内容除去術 | d. 子宮頸部円錐切除術 | e. 腹腔鏡下子宮筋腫核出術,True,e,子宮筋腫が疑われ、早期の挙児希望があるため、子宮を温存できる腹腔鏡下子宮筋腫核出術が適切です。mriと症状からも筋腫が示唆されます。,0.9,e,子宮筋腫が月経過多や疼痛の原因と考えられ、挙児希望があるため子宮を温存できる子宮筋腫核出術が適切と判断した。,1.0,e,この患者は、出血過多・下腹部痛、10cmに腫大した弾性硬の子宮、そしてmri所見から子宮筋腫が疑われ、さらに早期挙児希望があるため、子宮温存が重要です。腹腔鏡下子宮筋腫核出術は、低侵襲かつ将来の妊娠を考慮した適切な治療法です。,1.0,e,この症例は、以下の特徴から子宮筋腫が強く疑われます：,0.9,e,mri画像で子宮筋腫が確認でき、早期の挙児希望があるため、子宮筋腫核出術が適切である。,0.9
119D44,"73歳の女性。発熱を主訴に来院した。自宅近くの医療機関で甲状腺機能亢進症と診断され、1か月前から抗甲状腺薬を服用していた。5日前から37℃台の発熱と感冒様症状が出現し、2日前から39℃台の発熱が継続するため受診した。意識は清明。体温39.2℃。脈拍84/分、整。血圧108/62mmHg。呼吸数23/分。SpO294%(roomair)。眼瞼結膜と眼球結膜とに異常を認めない。咽頭に軽度の発赤を認める。甲状腺腫と頸部リンパ節とを触知しない。心音と呼吸音とに異常を認めない。腹部は平坦、軟で、肝·脾を触知しない。血液所見:赤血球370万、Hb11.1g/dL、Ht32%、白血球1,200(分葉核好中球1%、好酸球0%、好塩基球0%、単球21%、リンパ球78%)、血小板26万。血液生化学所見:AST32U/L、ALT26U/L、LD147U/L(基準124~222)、Y-GT37U/L(基準9~32)、尿素窒素10mg/dL、クレアチニン0.7mg/dL、TSH0.2μU/mL以下(基準0.2~4.0)、FT34.2pg/mL(基準2.3~4.3)、FT41.9ng/dL(基準0.8~2.2)。CRP27mg/dL.まず行うべき処置はどれか。 ",a. 顆粒球輸血 | b. 抗菌薬の投与 | c. 抗真菌薬の投与 | d. 抗甲状腺薬の継続 | e. 抗ウイルス薬の投与,False,b,発熱、白血球の著しい減少（特に分葉核好中球減少）とcrpの上昇は、感染の疑いが強く、抗甲状腺薬の副作用として無顆粒球症を生じた可能性がある。この場合、まずは抗菌薬の投与が適切である。,0.9,b,抗甲状腺薬による無顆粒球症が疑われる発熱・好中球減少の状態では、まず広域抗菌薬の投与を開始することが最優先となるため。,1.0,b,この症例は、抗甲状腺薬の副作用である顆粒球減少症が疑われる。極めて低い好中球割合により感染症リスクが高まっており、最も重要なのは直ちに抗菌薬を用いた感染症対策を行うことである。,1.0,b,"この症例は抗甲状腺薬による無顆粒球症と考えられます。白血球1,200/μlで分葉核好中球が1%と著明に低下しており、発熱を伴うことから、無顆粒球症による重症感染症の可能性が高いです。このような場合、まず広域抗菌薬の投与を開始し、感染症の進行を防ぐことが最優先されます。また、原因薬剤である抗甲状腺薬は中止する必要があります。",0.9,b,"白血球数が1,200と著しく低下しており、特に好中球が1%しかないことから、無顆粒球症が疑われる。抗甲状腺薬による副作用の可能性が高く、感染症のリスクが高まっている。そのため、直ちに抗菌薬を投与し、感染症への対応を開始する必要がある。",0.9
119D45,48歳の女性。頭痛を主訴に来院した。病歴、身体所見から緊張型頭痛と診断された。鼻茸があり、40歳ころに気管支喘息と診断され、血液検査で好酸球増多を認めている。2年前に鎮痛薬を内服して、重篤な発作を起こし、気管挿管されたことがある。現在は定期的に通院しておらず、呼吸困難時のみ気管支拡張薬を吸入している。この患者の頭痛でまず投与すべき薬剤はどれか。 ,a. 塩酸モルヒネ | b. インドメタシン | c. メトトレキサート | d. アセトアミノフェン | e. グルココルチコイド,False,d,患者は鎮痛薬でアレルギー反応を起こす恐れがあるため、nsaidsであるインドメタシンの投与は避けるべきです。アセトアミノフェンはnsaidsではなく、鎮痛薬の中では比較的安全に使用できるため、緊張型頭痛の治療においてまず選択されるべきです。その他の選択肢はこの状況では適切ではありません。,0.9,d,nsaidsによる重篤な発作既往があるため、まずアセトアミノフェンを投与するのが安全である。,1.0,d,この患者は鼻茸、喘息、好酸球増多の既往から、nsaidsによるアスピリン喘息（サムター症候群）が疑われるため、nsaids（例：インドメタシン）は禁忌です。緊張型頭痛の初期治療として安全な鎮痛薬であるアセトアミノフェンが適切です。,1.0,d,この患者は気管支喘息があり、過去にnsaidsで重篤な発作（アスピリン喘息の可能性が高い）を起こした既往があります。アセトアミノフェンは、nsaidsと比較して喘息発作を誘発するリスクが低く、緊張型頭痛に対して安全に使用できる鎮痛薬です。他の選択肢は、副作用リスクや適応の観点から不適切です。,0.9,d,アスピリン喘息の既往があるため、nsaidsであるインドメタシンは禁忌。モルヒネは頭痛に通常使用しない。メトトレキサート、グルココルチコイドは頭痛の第一選択薬ではない。アセトアミノフェンが安全に使用できる。,0.9
119D46,55歳の男性。息切れを主訴に来院した。2年前から階段を昇る際に息切れを自覚していたが、そのままにしていた。ここ1か月は平地歩行でも息切れを自覚するようになった。喫煙は40本/日を35年。この患者への説明で正しいのはどれか。 ,a. 「加熱式たばこに切り替えてください」 | b. 「禁煙するまで受診しないでください」 | c. 「すぐに入院して禁煙治療を開始します」 | d. 「たばこを1日20本までにしてください」 | e. 「たばこは息切れを起こす病気の原因になります」,False,e,喫煙が呼吸器疾患の主要な原因であり、息切れを引き起こす病気の直接的な要因となることは医学的に広く認識されています。この患者に正しく病気の原因を説明するためには、たばこ喫煙が息切れに関連する病気を引き起こすことを伝えることが重要です。他の選択肢は不適切または不十分です。,1.0,e,喫煙によりcopdなど呼吸器疾患が引き起こされ、息切れの原因となるから,1.0,e,この患者は長期大量喫煙歴があり、息切れはcopdなどの喫煙関連疾患の可能性が考えられます。他の選択肢は不適切または過剰な指導であり、喫煙が息切れを引き起こす疾患の原因となる事実を伝える選択肢eが正しいためです.,1.0,e,"喫煙は慢性閉塞性肺疾患(copd)などの呼吸器疾患の主要な原因であり、患者の症状との関連を説明することが重要です。他の選択肢は不適切な指導内容で、特にa,dは喫煙量を減らすだけでは不十分、bは受診拒否、cは過剰な対応となります。",0.9,e,喫煙は呼吸器疾患の主要な原因であり、息切れの症状を悪化させるため、喫煙と病気の関係を説明することが適切である。,1.0
119D47,"55歳の男性。胸痛と嘔吐を主訴に来院した。3日前から感冒様症状があり市販の総合感冒薬で様子を見ていたが、発熱と倦怠感が改善しなかった。本日午前中に15分程度の胸痛があり、その後2回嘔吐したため受診した。意識は清明。体温37.6℃。脈拍96/分、整。血圧106/58mmHg。呼吸数18/分。SpO294%(roomair)。咽頭に軽度の発赤を認める。頸静脈の怒張を認める。心音に異常は認めない。呼吸音はcoarse cracklesを聴取する。腹部は平坦、軟で、肝·脾を触知しない。腸雑音に異常を認めない。下腿に浮腫を認める。血液所見:赤血球460万、Hb13.3g/dL、Ht42%、白血球12,800、血小板21万。血液生化学所見:AST35U/L、ALT35U/L、LD286U/L(基準124~222)、CK488U/L(基準59~248)、尿素窒素12mg/dL、クレアチニン0.6mg/dL、血糖86mg/dL、BNP1,289pg/mL(基準18.4以下)。免疫血清学所見:CRP2.3mg/dL。心筋トロポニンT迅速検査陽性。12誘導心電図(別冊No.18A)と胸部エックス線写真(別冊No.18B)とを別に示す。この患者の診断に必要性が低い検査はどれか。 ",a. 心筋生検 | b. 心臟MRI | c. 心エコー検査 | d. 冠動脈造影検査 | e. MIBG交感神経心筋シンチグラフィ,True,e,mibg交感神経心筋シンチグラフィは心不全の評価に用いられることがあるが、急性冠症候群や心筋炎の診断において優先度は低い。他の検査は直接的な心筋障害や冠動脈の評価に関連しており、より必要性が高い。,0.9,e,心筋炎の診断においては心エコー、mri、冠動脈造影、場合によっては心筋生検などが優先される一方、mibgシンチグラフィは診断には必須ではないため。,0.9,e,急性心筋障害が疑われる場合、心エコー、心臓mri、冠動脈造影は、それぞれ心機能評価、炎症や組織所見の確認、虚血性心疾患の除外に有用です。一方、mibg交感神経心筋シンチグラフィは主に交感神経評価に用いられる検査であり、急性期の診断には通常必要とされません。,0.95,a,この症例は、感冒様症状後の胸痛、心筋トロポニンt陽性、bnp上昇、心不全症状（頸静脈怒張、下腿浮腫）を呈しており、急性心筋炎が強く疑われます。診断には心エコー検査、心臓mri、冠動脈造影（虚血性心疾患の除外）が重要です。mibgシンチグラフィも心機能評価に有用です。一方、心筋生検は侵襲的で、多くの心筋炎症例では臨床所見と非侵襲的検査で診断可能なため、必要性は低いと判断されます。,0.9,a,,0.9
119D48,52歳の男性。疲れやすく、仕事中に頭が回らないことを主訴に妻とともに来院した。5年前から、週に数回、就寝後約2時間すると大声をあげるようになり、起き上がって家具を倒すこともあった。3年前から疲れやすくなり、気分が憂うつになった。2年前から仕事中に頭が回らず、集中できなくなり、職場の上司から仕事のミスを指摘されるようになった。1年前から右手の震えに妻が気付いていた。日中に行動異常はない。薬は服用していない。身長163cm、体重56kg。Mini-Mental State Examination〈MMSE〉は29点(30点満点)。嗅覚が低下している。表情は乏しく、小声で、前傾姿勢が強い。右上肢に静止時振戦と筋強剛を認める。血液所見、血液生化学所見、脳波検査および頭部単純MRIに異常を認めない。この患者にみられるのはどれか。 ,a. チック | b. 常同行動 | c. 舞踏運動 | d. 複雑部分発作 | e. レム〈REM〉睡眠行動障害,False,e,この患者は、レム睡眠行動障害（rbd）の特徴である、就寝後約2時間で大声をあげ、家具を倒すような行動が見られます。さらに、嗅覚の低下、前傾姿勢、静止時振戦、筋強剛といった症状はパーキンソン病の典型的な症状であり、rbdはパーキンソン病に関連する症状として知られています。したがって、この患者に見られるのはレム睡眠行動障害です。,1.0,e,就寝後約2時間の叫び声と暴力的行動はレム睡眠行動障害を示唆し、パーキンソン病に随伴することが多い。,1.0,e,この患者はパーキンソン病の典型例であり、前触れとしてのrem睡眠行動障害（就寝後約2時間で大声をあげ、家具を倒す）および身体所見（静止時振戦、筋強剛、前傾姿勢、嗅覚低下）が認められるため。,1.0,e,この症例はレム睡眠行動障害（rbd）の典型的な特徴を示しています。主な根拠は：,0.9,e,問題文中の「就寝後約2時間すると大声をあげる」「家具を倒す」「日中に行動異常はない」という記述から、rem睡眠行動障害が疑われる。また、「右上肢に静止時振戦と筋強剛を認める」「表情は乏しく、小声で、前傾姿勢が強い」「嗅覚が低下している」という記述から、パーキンソン病との関連も示唆される。rem睡眠行動障害は、パーキンソン病の初期症状として現れることがある。,1.0
119D49,25歳の女性。突然の動悸、発汗、呼吸困難および窒息感の出現を主訴に来院した。1か月前、車を運転中に主訴が出現したため病院を受診し、血液検査、心電図検査および胸部エックス線撮影を受けたが異常は指摘されなかった。その後も、自宅で静養中に同様の症状が5回あったため、外出を控えるようになっている。受診時、意識は清明、受け答えもしっかりしている。仕事は在宅でしているという。治療薬はどれか。 ,a. α遮断薬 | b. 抗コリン薬 | c. 抗ヒスタミン薬 | d. ドパミン受容体遮断薬 | e. 選択的セロトニン再取込み阻害薬〈SSRI〉,False,e,この患者は、特にパニック発作によるパニック障害の症状を示していると考えられます。突然の動悸、発汗、呼吸困難などのエピソードは、パニック障害に典型的です。ssriはパニック障害の第一選択薬として広く用いられており、このケースでも最適な治療薬です。,0.9,e,繰り返されるパニック発作とそれに伴う回避行動からパニック障害が疑われ、第一選択薬はssriであるため。,1.0,e,この症例はパニック障害を示唆しており、パニック障害の第一選択薬はssriであるため。,1.0,e,この症例は典型的なパニック障害の症状を示しています。突然の動悸、発汗、呼吸困難、窒息感という身体症状が反復し、外出を控えるようになる（回避行動）という経過から、パニック障害と診断できます。パニック障害の第一選択薬は選択的セロトニン再取込み阻害薬（ssri）です。ssriは不安症状の改善に効果的で、副作用も比較的少ないとされています。,0.9,e,パニック障害の可能性が高く、ssriが有効である。,0.9
119D50,18歳の女子。初経がないことを心配して来院した。身長170cm、体重60kg。体温36.4℃。脈拍68/分、整。血圧118/70mmHg。呼吸数16/分。乳房発育はTannerⅣ度。腋毛を認めない。外性器は女性型で陰毛はTannerⅠ度。内診で雇は4cmの盲端で子宮腟部を認めない。左側鼠径部に径2cmの腫瘤を触知する。血液生化学所見:LH20mIU/mL(基準1.8~7.6)、FSH8.2mIU/mL(基準5.2~14.4)、プロラクチン12ng/mL(基準15以下)、エストラジオール40pg/mL(基準25~75)、テストステロン820ng/dL(基準30~90)。確定診断に最も有用な検査はどれか。 ,a. 頭部MRI | b. 染色体検査 | c. LHRH負荷試験 | d. 子宮卵管造影検査 | e. エストロゲン·プロゲステロン負荷試験,False,b,"症例からアンドロゲン不応症候群を疑います。この症候群では46,xyの男性型染色体を持ちながら、外見は女性型であり、性腺は通常、男性型（精巣）です。染色体検査を行えば、x染色体またはy染色体の異常（通常は46,xy）が確認でき、診断に有用です。",0.9,b,外性器が女性型で乳房発育はあるが子宮がなく、テストステロン値が非常に高いことから完全型アンドロゲン不応症が疑われるため、染色体検査が確定診断に最も有用である。,0.9,b,"この症例は、完全型男性化無効症（完全型ais）の典型例です。乳房発育があるにもかかわらず陰毛不発達、子宮・子宮頸部不在、さらに左鼠径部に腫瘤（未降下睾丸）が認められ、テストステロン値が非常に高いことから、46,xyであることが疑われます。確定診断のためには染色体検査によって46,xyの核型を確認することが最も有用です。",1.0,b,"この症例は、無月経、腋毛欠如、高テストステロン値、鼠径部腫瘤という特徴から、アンドロゲン不応症（精巣性女性化症候群）が強く疑われます。この疾患はx染色体上のアンドロゲン受容体遺伝子の異常により、xy染色体を持ちながら女性表現型を示します。確定診断には染色体検査（46,xyの確認）が最も有用です。",0.9,b,患者は原発性無月経であり、身体所見（腋毛なし、陰毛tannerⅰ度、子宮腟部を認めない）と検査所見（高テストステロン）から、アンドロゲン不応症（精巣女性化症候群）が疑われる。確定診断には染色体検査（核型分析）が最も有用である。,1.0
119D51,"26歳の女性。血便と腹痛を主訴に来院した。1週間前に家族で焼き肉を食べた。3日前から血便と腹痛が出現し、自宅で様子を見ていたが改善せず、反応が乏しくなったことを心配した家族に連れられて来院した。健康診断で異常を指摘されたことはない。意識レベルはJCSI-2。身長163cm、体重52kg。体温38.2℃。脈拍96/分、整。血圧96/60mmHg。SpO296%(roomair)。皮膚は乾燥している。腹部は平坦で、腸雑音は減弱している。下腹部正中に軽度の圧痛を認めるが、筋性防御は認めない。尿所見:蛋白(一)、糖(一)、ケトン体2+、潜血1+。血液所見:赤血球325万、Hb9.4g/dL、白血球8,700、血小板5.2万。血液生化学所見:総蛋白7.2g/dL、アルブミン3.8g/dL、総ビリルビン1.0mg/dL、AST19U/L、ALT19U/L、LD326U/L(基準124~222)、尿素窒素50mg/dL、クレアチニン4.2mg/dL、Na138mEq/L、K3.1mEq/L、Cl102mEq/L.CRP5.0mg/dL。末梢血塗抹標本で破砕赤血球を認める。診断はどれか。 ",a. 感染後糸球体腎炎 | b. 溶血性尿毒症症候群 | c. 急速進行性糸球体腎炎 | d. 播種性血管内凝固〈DIC〉 | e. 全身性エリテマトーデス〈SLE〉,False,b,患者の症状と検査結果は溶血性尿毒症症候群 (hus) に一致しています。husは、特に腸管出血性大腸菌の感染後に発生することがあり、血便、腹痛、溶血、急性腎障害が特徴です。尿所見のケトン体陽性と潜血、血液所見での赤血球数の低下と破砕赤血球の存在、腎機能障害（クレアチニンの上昇）など、husの典型的な所見が見られます。,0.9,b,血便を伴う腸管感染を契機とした溶血性尿毒症症候群（hus）の典型的所見（三徴：溶血性貧血・血小板減少・急性腎障害）を満たすため。,1.0,b,症例は下痢後の血便・腹痛、微小血管障害による破砕赤血球、低血小板、急性腎不全を呈しており、典型的な溶血性尿毒症症候群（hus）の三徴候を満たすため。,1.0,b,以下の所見から溶血性尿毒症症候群(hus)が最も考えられます：,0.9,b,血便、腹痛、腎機能障害（尿素窒素、クレアチニンの上昇）、血小板減少、破砕赤血球の存在から、溶血性尿毒症症候群(hus)が最も考えやすい。特に、既往歴がなく、1週間前に焼き肉を食べていることから、腸管出血性大腸菌感染によるhusが疑われる。,0.9
119D52,60歳の男性。前立腺癌(T2NOMO)の診断で骨盤内リンパ節郭清を伴うロボット支援腹腔鏡下前立腺摘除術を予定している。手術前の説明で正しいのはどれか。 ,a. 「骨盤底筋訓練は術後早期から行います」 | b. 「膀胱カテーテルは術後1か月目に抜去します」 | c. 「抗菌薬投与は術直前から術後2週間まで行います」 | d. 「深部静脈血栓症の予防は術後1日目から行います」 | e. 「リンパ浮腫への対策は術後6か月から開始します」,False,a,ロボット支援腹腔鏡下前立腺摘除術後、骨盤底筋訓練は尿失禁予防のために術後早期（通常、術後すぐ）から行うことが一般的です。膀胱カテーテルは通常、術後1週間程度で抜去されるため、選択肢bは誤り。抗菌薬の投与は通常、術前から術後短期間で行われるため、選択肢cも誤り。深部静脈血栓症の予防は術後すぐに行われますので、選択肢dは誤り。リンパ浮腫の対策は術後早期から始まることがありますので、選択肢eは適切ではありません。,0.9,a,前立腺摘除術後の尿失禁対策として骨盤底筋訓練は早期に開始することが一般的であるため。,0.9,a,骨盤底筋運動は、前立腺摘除後の尿失禁改善に有用であり、早期から開始するのが推奨されている。一方、カテーテル抜去は通常術後1〜2週間、抗菌薬の投与期間は術後24時間以内、リンパ浮腫対策も早期に行うため、他の選択肢は不適切です。,1.0,a,骨盤底筋訓練（ケーゲル体操）は、術後の尿失禁予防のために術前から指導し、術後早期から開始することが推奨されます。他の選択肢について、膀胱カテーテルは通常1-2週間で抜去、抗菌薬は予防的投与のみ（24時間以内）、dvt予防は術前から開始、リンパ浮腫対策も術前から必要に応じて行います。,0.9,a,,0.9
119D53,"73歳の女性。意識障害のため救急車で搬入された。かかりつけ医に高血圧症と2型糖尿病で通院している。2か月前に浮腫に対してサイアザイド系利尿薬を処方された。浮腫は改善したが、2週間前から倦怠感が強くなり、食事量が減っていた。今朝から呼びかけへの反応が乏しくなったため、夫が救急車を要請した。意識レベルはJCSⅡ-10。身長152cm、体重47kg。心拍数72/分、整。血圧146/80mmHg。胸腹部に異常を認めない。両下腿に浮腫を認めない。尿所見:蛋白十、潜血(一)。尿中Na163mEq/L、尿中K32mEq/L、尿中Cl190mEq/L。尿浸透圧722mOsm/L(基準50~1,300)。血液所見:赤血球393万、Hb11.9g/dL、Ht35%、白血球6,300、血小板17万。血液生化学所見:尿素窒素22mg/dL、クレアチニン1.2mg/dL、血糖86mg/dL、HbAlc6.6%(基準4.9~6.0)、Na116mEq/L、K3.3mEq/L、C189mEq/L。血清浸透圧240mOsm/L(基準275~288)。まず行うべき治療はどれか。 ",a. 飲水制限 | b. ループ利尿薬の内服 | c. 5%ブドウ糖液の輸液 | d. 高張(3%)食塩液の輸液 | e. バソプレシンV2受容体拮抗薬の内服,False,d,患者は低ナトリウム血症（血清na=116meq/l）で意識障害を示しています。原因はサイアザイド系利尿薬によるものと考えられ、高張食塩液（3%食塩水）によって速やかに血清ナトリウムを補正することが必要です。他の選択肢はこの状況には適していません。,0.9,d,意識障害を伴う重度低na血症(116meq/l)ではまず高張食塩液(3%食塩液)でのナトリウム補正が必要となるため。,0.9,d,この症例はサイアザイド系利尿薬使用後の重度の低ナトリウム血症（血清na116meq/l）により意識障害が生じており、症候性の低ナトリウム血症ではまず高張(3%)食塩液の輸液で迅速に治療するのが最優先となるため。,1.0,d,この症例は低na血症(na 116meq/l)による意識障害と考えられます。血清浸透圧が低く(240mosm/l)、尿中naが高値(163meq/l)であることから、siadhやサイアザイド系利尿薬の副作用による低na血症が疑われます。意識障害を伴う重症の低na血症では、まず3%食塩液の投与により速やかにna値を是正する必要があります。他の選択肢は、重症例での初期治療としては適切ではありません。,0.9,d,,0.9
119D54,"日齢3の男児。腹部膨満と胆汁性嘔吐を認めたため産科診療所から紹介され受診した。在胎39週、体重3,300gで出生した。日齢1から母乳を開始し、日齢2から腹部膨満が出現し、夜間から胆汁性嘔吐を認めた。身長52cm、体重3,100g。体温37.2℃。脈拍112/分、整。血圧80/48mmHg。呼吸数30/分。大泉門の軽度陥凹を認めた。心音と呼吸音とに異常を認めない。腹部は膨満している。立位の腹部エックス線写真(別冊No.19A)と注腸造影像(別冊No.19B)とを別に示す。診断はどれか。 ",a. 鎖肛 | b. 腸回転異常症 | c. Hirschsprung | d. 新生児壊死性腸炎 | e. 先天性小腸閉鎖症,True,b,日齢3の男児で、腹部膨満と胆汁性嘔吐があることから、腸回転異常症が疑われる。画像では「ダブルバブルサイン」が見られることからも、腸回転異常症が考えられる。鎖肛やhirschsprung病、新生児壊死性腸炎、先天性小腸閉鎖症はこの症状や画像所見とは一致しない。,0.9,b,立位腹部x線と注腸造影で盲腸の位置異常が示唆され、日齢早期の胆汁性嘔吐・腹部膨満をきたす腸回転異常症が最も可能性が高いため,0.9,e,出生後に母乳摂取を開始してから急激に腹部膨満と胆汁性嘔吐が現れる所見は、上部と下部消化管の使用経験の乏しさに伴う微小結腸を呈する先天性小腸閉鎖症と整合する。なお、腸回転異常（b）は急激な血行障害を伴いやすく、鎖肛（a）は肛門の異常所見が認められるほか、hirschsprung（c）や新生児壊死性腸炎（d）は臨床像が異なるため、最も適切な診断はeである。,0.9,b,新生児期の胆汁性嘔吐と腹部膨満は腸閉塞を示唆する重要な症状です。特に生後数日で発症し、胆汁性嘔吐を伴う場合、腸回転異常症を強く疑います。腸回転異常症は中腸の回転異常により、十二指腸や小腸が閉塞を起こす疾患で、新生児期に発症することが多く、緊急手術を要する疾患です。症状の経過（日齢1からの症状出現）と臨床所見（腹部膨満、胆汁性嘔吐）が典型的です。,0.9,e,注腸造影で結腸が途中で途絶している像が見られるため、先天性小腸閉鎖症が最も考えやすい。,1.0
119D55,"44歳の男性。下腹部痛を主訴に来院した。昨日落馬して会陰部を打撲した後から排尿を認めない。意識は清明。体温36.4℃。脈拍88/分、整。血圧142/86mmHg。会陰部の皮下に出血斑を認める。血液所見:赤血球348万、Hb11.4g/dL、Ht33%、白血球8,800、血小板20万。血液生化学所見:総蛋白6.8g/dL、アルブミン3.6g/dL、尿素窒素22mg/dL、クレアチニン0.9mg/dL。CRP0.4mg/dL。腹部超音波検査で多量の尿で拡張している膀胱を認める。逆行性尿道造影検査で膀胱は描出されなかった。適切な対応はどれか。 ",a. 骨盤MRI | b. 膀胱鏡検査 | c. 膀胱瘻造設 | d. NSAID投与 | e. 膀胱カテーテル留置,False,c,患者は会陰部を打撲し、逆行性尿道造影検査で膀胱が描出されなかったため、尿道損傷が考えられます。この場合、通常の膀胱カテーテル留置は危険ですので、膀胱瘻造設が適切な対応です。骨盤mriやnsaid投与は適切ではなく、膀胱鏡検査もリスクが高いため選択肢から外れます。,0.9,c,逆行性尿道造影で膀胱不描出のため尿道損傷が疑われ，尿道カテーテルの盲目的な挿入は危険なため，膀胱瘻造設が適切である。,1.0,c,この患者は会陰部打撲による外傷性尿道損傷が疑われ、逆行性尿道造影で膀胱が描出されなかったため、経尿道的カテーテル留置は再損傷のリスクがある。したがって、膀胱瘻造設（経腹的に膀胱にカテーテルを留置する方法）が適切である。,1.0,c,この症例は外傷性尿道損傷が強く疑われます。逆行性尿道造影で膀胱が描出されないことは尿道の完全断裂を示唆します。このような場合、尿道カテーテルの挿入は禁忌であり、尿路変更として膀胱瘻造設が適切な初期対応となります。これにより尿路確保と二次的な尿道損傷の予防が可能となります。,0.9,c,逆行性尿道造影で膀胱が描出されないことから尿道損傷が考えられ、膀胱カテーテル留置は尿道損傷を悪化させる可能性がある。したがって、膀胱瘻造設が適切な対応となる。,0.9
119D56,75歳の女性。急速に進行する認知機能の低下を主訴に来院した。1年前の認知症検診では改訂長谷川式簡易知能評価スケール29点(30点満点)であった。6週間前ごろに目の前にある眼鏡がないと騒ぐようになった。同時期から歩行が不安定となった。5週間前には自分の名前が言えなくなり、4週間前には自身の足から何かを払いのけるような動作がみられるようになった。3週間前には会話と歩行ができなくなった。1週間前からはほぼ寝たきりとなり、時々全身をぴくつかせる運動がみられるようになった。食事も摂れなくなったため家族とともに受診した。頭部単純MRIの拡散強調像(別冊No.20)を別に示す。診断はどれか。 ,a. 結核性髄膜炎 | b. 単純ヘルペス脳炎 | c. Lewy小体型認知症 | d. Creutzfeldt-Jakobe病 | e. 進行性多巣性白質脳症,True,d,急速に進行する認知機能低下、視覚の異常、ミオクローヌス（全身をぴくつかせる運動）が特徴であり、mriの拡散強調像における異常所見は、creutzfeldt-jakob病の典型的な所見です。,0.9,d,数週から1か月程度で急速に進行する認知機能低下、ミオクローヌス、拡散強調像の高信号域（皮質リボン徴候）が典型的であるため。,1.0,d,患者は短期間（数週間）で認知機能の激しい低下、運動障害、言語障害、そして全身のぴくつ（ミオクローヌス）を呈しており、拡散強調像（dwi）にも特徴的な所見が認められることから、急速進行性認知症の代表例であるcreutzfeldt-jakobe病と診断されるため。,1.0,d,この症例は、creutzfeldt-jakob病(cjd)に特徴的な臨床経過を示しています。,0.9,d,急速に進行する認知機能低下、ミオクローヌス、mri拡散強調像での大脳皮質の高信号からcreutzfeldt-jakob病が疑われる。,0.9
119D57,"75歳の男性。突然の左下肢の痛みとしびれを主訴に来院した。健康診断で心房細動を指摘されたが医療機関を受診していなかった。意識は清明。脈拍104/分、不整。血圧152/84mmHg。呼吸数16/分。SpO295%(roomair)。頭静脈の怒張を認めない。心音と呼吸音とに異常を認めない。左鼠径部、左足背で動脈を触知しない。左下肢に冷感およびチアノーゼを認める。血液所見:赤血球442万、Hb14.0g/dL、Ht41%、白血球4,400、血小板26万、Dダイマー8.7μg/mL(基準1.0以下)。FDP8.0μg/mL(基準10以下)。血液生化学所見:AST62U/L、ALT34U/L、LD254U/L(基準124~222)、CK480U/L(基準59~248)、尿素窒素22mg/dL、クレアチニン1.0mg/dL、BNP134pg/mL(基準18.4以下)。12誘導心電図で心房細動を認める。骨盤動脈のディジタルサブトラクション血管造影〈DSA〉像(別冊No.21)を別に示す。この患者の治療で適切でないのはどれか。 ",a. 血栓回収術 | b. 血栓溶解療法 | c. ヘパリンの持続静注 | d. 下大静脈フィルター留置術 | e. 直接経口抗凝固薬〈DOAC〉内服,True,,,,d,本症は急性動脈塞栓による下肢虚血であり、下大静脈フィルター留置術は静脈血栓塞栓症対策で用いるため不適切である。,1.0,d,ivフィルターは深部静脈血栓症などの静脈性血栓塞栓症の予防に用いられるものであり、本例の心房細動による動脈塞栓性急性下肢虚血の治療には適さないため。,1.0,d,この症例は心房細動による急性動脈塞栓症（左下肢動脈塞栓）と考えられます。下大静脈フィルター留置術は深部静脈血栓症からの肺塞栓症予防に用いられる治療法であり、動脈塞栓症の治療としては適切ではありません。適切な治療には、血栓の除去（血栓回収術や血栓溶解療法）、抗凝固療法（ヘパリン、doac）が含まれます。,0.9,e,急性動脈閉塞に対してdoacは不適切。doacは慢性期の抗凝固療法に用いられる。,1.0
119D58,"日齢14の男児。哺乳量の低下を主訴に母親に連れられて来院した。出生後から哺乳量の低下が認められていた。哺乳時に息苦しそうになり、途中で哺乳をやめてしまう。妊娠経過は異常なく、在胎38週5日、体重2,660g。身長49cm。Apgarスコア8点(1分)、8点(5分)で出生した。意識は清明。体温37.2℃。脈拍140/分、整。血圧80/40mmHg。呼吸数60/分。SpO285%(roomair)。心音と呼吸音とに異常を認めない。心エコー検査で先天性心疾患が疑われ、心臓カテーテル検査が行われた。検査結果を表に示す。酸素飽和度(%)は次の通り。右心房:85.7% 右心室:85.6% 肺動脈:85.3% 左心房:85.1% 左心室:84.8% 大動脈:84.3%。12誘導心電図でⅠ度房室ブロックを認める。胸部エックス線写真診断はどれか。 ",a. Ebstein奇形 | b. Fallot四徴症 | c. 大動脈離断症 | d. 完全大血管転位症 | e. 総肺静脈還流異常症,False,d,この症例は、出生後からの哺乳量低下、哺乳時の息苦しさ、低酸素血症（spo2 85%）、心エコーで先天性心疾患が疑われ、心臓カテーテル検査の酸素飽和度が全ての部屋でほぼ同じであることが特徴的です。これらは完全大血管転位症（tga）に一致し、特に大動脈が右心室から、肺動脈が左心室から出ているために酸素化が不十分である際に生じる状態の可能性が高いです。したがって、胸部エックス線写真診断は「完全大血管転位症」と考えます。,0.9,e,全ての心腔で酸素飽和度がほぼ同じであることから、肺静脈血と体静脈血が心内で混合していると考えられる。胸部x線写真では“snowman sign”が特徴的で、総肺静脈還流異常症が疑われる。,1.0,d,右心系と左心系で酸素飽和度がほぼ同一であるのは、二つの循環が別々に走り、限られた部位（例：心房中隔欠損）でのみ混合している完全大血管転位症（tga）の特徴です。胸部エックス線では「卵形心（egg on a string）」と表現される狭い縦隔が見られるため、他の選択肢（ebstein奇形は右心拡大、fallot四徴症はブーツ状心、総肺静脈還流異常症はスノーマン様、また大動脈離断症は重症不安定型）とは明確に鑑別できます。,0.95,e,以下の理由から総肺静脈還流異常症が最も適切です：,0.9,e,酸素飽和度が右心系と左心系でほぼ同じ値であり、肺静脈が心臓に戻らずに右心系に還流している可能性が最も高い。したがって、総肺静脈還流異常症が疑われる。,0.9
119D59,"53歳の女性。心窩部痛と食欲不振を主訴に来院した。1か月前に心窩部痛が出現し、1週間前から食欲不振を伴うようになったため受診した。喫煙歴と飲酒歴はない。身長152cm、体重49kg。体温37.0℃。脈拍76/分、整。血圧116/68mmHg。眼球結膜に黄染を認める。心窩部に圧痛を認めるが、筋性防御は認めない。血液所見:赤血球388万、Hb12.4g/dL、Ht36%、白血球5,180、血小板16万。血液生化学所見:総蛋白6.6g/dL、アルブミン4.0g/dL、総ビリルビン6.0mg/dL、直接ビリルビン4.8mg/dL、AST38U/L、ALT36U/L、LD176U/L(基準124~222)、ALP2051U/L(基準38~113)、Y-GT180U/L(基準9~32)、アミラーゼ63U/L(基準44~132)、CK38U/L(基準41~153)、尿素窒素10mg/dL、クレアチニン0.5mg/dL、尿酸3.9mg/dL、血糖103mg/dL、HbAlc5.9%(基準4.9~6.0)。CEA0.3ng/mL(基準5以下)、CA19-973U/mL(基準37以下)。免疫血清学所見:HBs抗原陰性、HCV抗体陰性。MRCP像(別冊No.22)を別に示す。この患者の閉塞性黄疸の原因はどれか。 ",a. 胆囊癌 | b. 肝細胞癌 | c. 膵頭部癌 | d. 肝門部胆管癌 | e. 十二指腸乳頭部癌,True,,,,c,mrcp で胆嚢が大きく拡張し，胆管が末梢まで拡張している所見は，胆嚢管合流部よりも遠位での閉塞を示唆する．加えて ca19-9 の軽度上昇や心窩部痛を伴うことから膵頭部癌による閉塞と考えるのが最も妥当である．,0.9,d,この患者は閉塞性黄疸を呈しており、血液検査では直接型高ビリルビン、非常に高いalpおよびγ-gtが認められ、ca19-9の上昇も見られます。mrcp像は膨張した胆管と狭窄部の存在を示唆しており、これらの所見は肝門部胆管癌（klatskin腫瘍）の典型的な所見と一致するため、dを選択しました。,0.95,d,この症例では以下の点から肝門部胆管癌が最も考えられます：,0.8,d,mrcp像で肝門部胆管の狭窄と上流の胆管拡張が見られるため、肝門部胆管癌が最も考えやすい。,0.9
119D60,81歳の女性。右胸部痛を主訴に救急車で搬入された。自宅の階段で5段の高さから転落し、右胸部をぶつけ倒れているところを家族に発見された。痛みで立ち上がれないため、家族が救急車を要請した。意識は清明。体温36.6℃。心拍数88/分、整。血圧136/78mmHg。呼吸数24/分。SpO292%(roomair)。動揺胸郭を認めない。心音に異常を認めない。右胸部の呼吸音が対側と比べ減弱している。右前胸部から側胸部にかけて皮下気腫を認める。胸部単純CT(別冊No.23)を別に示す。まず行うべき治療はどれか。 ,a. 開胸止血術 | b. 肋骨固定術 | c. 胸腔ドレナージ | d. 人工呼吸器管理 | e. 心囊ドレナージ,True,c,画像所見および臨床症状から、気胸や血胸が疑われます。右側の呼吸音減弱と皮下気腫があるため、胸腔内病変がある可能性が高く、胸腔ドレナージがまず行うべき治療です。,0.9,c,右胸部の呼吸音減弱と皮下気腫から外傷性気胸が疑われ、まず胸腔ドレナージによる減圧が必要なため。,0.95,c,この患者は右胸部打撲後、呼吸音低下と皮下気腫が認められるため、気胸の合併が疑われます。ct所見もこれに一致し、まずは胸腔内の空気（または血液）の除去を目的とした胸腔ドレナージが最も適切な初期治療となります。,1.0,c,症状（右胸部の呼吸音減弱、皮下気腫）と画像所見から気胸の存在が強く疑われます。気胸に対する緊急処置として、胸腔ドレナージが最優先の治療となります。これにより、肺の再膨張を図り、呼吸状態の改善を目指します。他の選択肢は現時点での緊急性や必要性が低いと判断されます。,0.9,c,CT画像では右気胸と皮下気腫が認められるため、まず胸腔ドレナージを行うべきである。,0.9
119D61,1歳の女児。コイン型リチウム電池を飲み込んだかもしれないため両親に連れられて来院した。1時間前に、母親が台所で家事をしているときに足元で遊んでいた。患児がオエっと吐きそうになっているところに母親が気付き、取り出そうとしたが、何かを飲み込んでしまったという。近くにキッチンタイマーが落ちており、蓋が開いてコイン型リチウム電池が一つなくなっていた。来院時は、意識清明で機嫌はよく笑顔がみられ、咳嗽、流涎および嘔吐は認めない。脈拍120/分、整。呼吸数24/分。SpO298%(roomair)。皮膚色は良好で、チアノーゼを認めない。口腔内や咽頭に異常を認めない。心音と呼吸音とに異常を認めない。腹部は平坦、軟で、圧痛を認めない。まず行う対応はどれか。 ,a. 動脈血ガス分析 | b. 上部消化管造影検査 | c. 胸腹部エックス線撮影 | d. 上部消化管内視鏡検査 | e. 自宅での経過観察を指示,False,c,コイン型リチウム電池の誤飲が疑われる場合、早急な対応が必要です。電池が食道に留まっている場合、電池からの漏液や電流により食道に重大な損傷を引き起こす可能性があるため、まずは胸腹部エックス線撮影を行って電池の位置を確認することが重要です。内視鏡による除去は次のステップとして考慮されます。,0.9,c,ボタン電池の位置を早期に確認するため、まず胸腹部エックス線撮影で所在を確認することが最初の対応となる。,1.0,c,コイン型リチウム電池摂取が疑われた場合、まず胸腹部エックス線撮影により電池の位置や状態を確認し、必要な処置の判断材料を得ることが重要であるため。,1.0,c,コイン型リチウム電池の誤飲が疑われる場合、まず胸腹部x線撮影で電池の位置を確認することが最優先です。電池は金属製で放射線不透過性のため、x線で容易に確認できます。また、電池の存在部位によって緊急性と対応方法が変わるため、位置確認が重要です。特にリチウム電池は化学熱傷や組織壊死を引き起こす可能性があり、食道に停滞している場合は緊急で摘出が必要となります。,0.9,c,コイン型リチウム電池の誤飲が疑われる場合、まず位置を確認するために胸腹部x線撮影を行う。電池の位置によっては緊急内視鏡的除去が必要となるため、迅速な対応が求められる。,1.0
119D62,52歳の男性。人間ドックの上部消化管造影検査で異常を指摘され来院した。自覚症状はない。身長165cm、体重60kg。脈拍72/分、整。血圧124/76mmHg。眼瞼結膜と眼球結膜とに異常を認めない。腹部は平坦、軟で、肝·脾を触知しない。上部消化管内視鏡検査を施行したところ、萎縮性胃炎を認め、迅速ウレアーゼ試験は陽性であった。Helicobacter pyloriの除菌をしたことはない。①*ペニシリン系抗菌薬*、②*マクロライド系抗菌薬*、および③*酸分泌抑制薬*の内服による除菌療法を提案したところ、「除菌を是非お願いしたいが、子供のころに呼吸が苦しくなって救急車で運ばれ入院し、ペニシリンアレルギーであろうと言われた」という申し出があった。この患者へ除菌療法を行う際、現時点の対応で適切なのはどれか。 ,a. ①②③の服用 | b. ②のみ服用 | c. ③のみ服用 | d. 迅速ウレアーゼ試験の再検査 | e. ペニシリンアレルギーの精査,False,e,現在の医学的ガイドラインでは、ヘリコバクター・ピロリの除菌にはペニシリン系抗菌薬（アモキシシリン）が推奨されますが、患者はペニシリンアレルギーの可能性があるため、ペニシリンを使用することは危険です。このため、ペニシリンアレルギーの精査を行うことが適切な対応です。他の選択肢はアレルギーの精査を考慮しておらず、患者の安全を確保する措置とは言えません。,0.9,e,ペニシリンアレルギーの真偽を確認してから除菌療法を選択するため。,1.0,e,h. pyloriの除菌療法の基本はペニシリン（アモキシシリン）、マクロライド（クラリスロマイシン）、酸分泌抑制薬（ppi）の3剤併用療法である。しかし、本例の患者は子供の頃のエピソードによるペニシリンアレルギーの疑いがあるため、まずはそのアレルギーの真偽を精査することが適切である。ペニシリンアレルギーが確認されれば代替療法を考えるが、誤認であれば標準療法が可能となるため、選択肢eが正しい。,1.0,e,この症例では、患者が幼少期にペニシリンアレルギーの可能性を指摘されていますが、確定診断を受けていません。h. pylori除菌療法では、ペニシリン系抗菌薬が標準的な治療レジメンの重要な構成要素となっています。不確実な過去の病歴に基づいてペニシリン系薬を除外するのではなく、まずペニシリンアレルギーの有無を正確に精査することが、適切な治療方針を決定する上で最も重要です。アレルギーが否定されれば標準的な除菌療法が可能となり、確定された場合は代替療法を検討できます。,0.9,e,ペニシリンアレルギーの既往があるため、ペニシリン系抗菌薬を含む除菌療法は避けるべきである。マクロライド系抗菌薬と酸分泌抑制薬のみでは除菌効果が期待できないため、まずはペニシリンアレルギーの精査を行い、代替薬の選定を検討する必要がある。迅速ウレアーゼ試験の再検査は不要である。,1.0
119D63,80歳の男性。皮疹を主訴に来院した。3週間前から、体幹および四肢に水疱やびらんが出現し、徐々に増数、拡大してきたため受診した。皮膚生検組織のH-E染色標本(別冊No.24)を別に示す。蛍光抗体直接法で表皮基底膜部にIgGとC3との線状沈着を認める。食塩水処理皮膚を用いた蛍光抗体間接法で表皮側にIgGの陽性反応を認める。診断はどれか。 ,a. 尋常性天疱瘡 | b. 水疱性類天疱瘡 | c. Hailey-Hailey病 | d. 後天性表皮水疱症 | e. 先天性表皮水疱症,True,b,蛍光抗体直接法で基底膜部にiggとc3の線状沈着、間接法で表皮側にiggの陽性反応が見られることから、水疱性類天疱瘡が疑われます。,0.9,b,蛍光抗体所見（基底膜部へのigg・c3の線状沈着、食塩水処理皮膚での表皮側陽性）から水疱性類天疱瘡と判断できる。,1.0,d,患者は高齢者で、皮疹は主に体幹および四肢に散在する水疱・びらんで、h-e染色所見や蛍光抗体直接法で表皮基底膜部にiggとc3の線状沈着が認められ、食塩水処理皮膚での蛍光抗体間接法で表皮側にiggが陽性となる所見は、後天性表皮水疱症（いわゆる水疱性類天疱瘡ではなく、bullous pemphigoid）の特徴的なパターンであるため。,1.0,b,高齢発症、水疱・びらん、蛍光抗体直接法で基底膜部のiggとc3の線状沈着、食塩水処理皮膚での表皮側igg陽性は、水疱性類天疱瘡の典型的な特徴です。特に基底膜部の線状沈着パターンは水疱性類天疱瘡の特徴的な所見です。尋常性天疱瘡では細胞間に沈着が見られ、他の選択肢では自己抗体による沈着パターンは見られません。,0.9,b,表皮基底膜部へのiggとc3の線状沈着、食塩水処理皮膚を用いた蛍光抗体間接法で表皮側にigg陽性反応を認めることから、水疱性類天疱瘡が最も考えられる。,1.0
119D64,"2歳の男児。発熱と左膝痛を主訴に母親に連れられて来院した。2週間前から弛張熱、跛行および下腿の皮疹がみられるようになった。1週間前から左膝を痛がるようになった。抗菌薬を内服しても解熱しないため受診した。身長84.2cm、体重10.3kg。体温38.5℃。脈拍168/分、整。血圧106/62mmHg。皮膚は両側の下腿に径2cmの淡紅色の紅斑を認める。眼瞼結膜と眼球結膜とに異常を認めない。口腔内にアフタを認めない。咽頭に発赤はなく、扁桃に腫大を認めない。両側の頸部に径1.5cmのリンパ節を3個ずつ触知する。心音と呼吸音とに異常を認めない。腹部は平坦、軟で、右肋骨弓下に肝を2cm、左季肋下に脾を3cm触知する。左膝関節の腫脹と圧痛とを認めるが、可動域制限はない。赤沈90mm/1時間。血液所見:赤血球390万、Hb9.8g/dL、Ht32%、白血球10,400(桿状核好中球1%、分葉核好中球77%、好酸球1%、好塩基球1%、単球8%、リンパ球12%)、血小板38万、血液生化学所見:総蛋白5.8g/dL、アルブミン3.0g/dL、AST33U/L、ALT6U/L、LD248U/L(基準195~400)、CK57U/L(基準43~293)、尿素窒素6mg/dL、クレアチニン0.2mg/dL、Na137mEq/L、K4.3mEq/L、Cl100mEq/L。免疫血清学所見:CRP3.2mg/dL、matrixmetalloproteinase-3〈MMP-3>196ng/mL(基準37~121)、リウマトイド因子〈RF〉陰性、抗核抗体陰性。両膝MRIの脂肪抑制造影T1強調水平断像(別冊No.25)を別に示す。考えられる疾患はどれか。 ",a. 川崎病 | b. IgA血管炎 | c. リウマチ熱 | d. 化膿性関節炎 | e. 若年性特発性関節炎〈JIA〉,True,e,発熱、関節炎、皮疹、リンパ節腫脹、肝脾腫、mmp-3の上昇などが若年性特発性関節炎に合致する。川崎病ではアフタ、結膜炎、口腔粘膜の変化が見られるが、それらはない。iga血管炎では通常血小板は正常か低下し、紅斑は紫斑傾向があるが、記載とは異なる。,0.9,e,弛張熱、紅斑、脾肝腫大、高い炎症所見、rf・ana陰性であることから、全身型若年性特発性関節炎が最も考えられるため。,0.9,e,この症例は2週間にわたる発熱に加え、膝関節の腫脹・痛み、皮疹、両側頸部リンパ節腫脹、肝脾腫が認められるため、全身性若年性特発性関節炎（システミックjia：systemic juvenile idiopathic arthritis）の特徴を示しています。抗菌薬に反応しない点や、rf、抗核抗体陰性、mmp-3の上昇もjiaで認められる炎症所見と一致するため、この診断が最も考えられます。,0.95,e,この症例は若年性特発性関節炎（jia）の特徴的な所見を多く示しています：,0.9,e,2歳男児、弛張熱、跛行、下腿の皮疹、膝関節の腫脹、肝脾腫、リンパ節腫脹、mmp-3上昇、rf陰性、抗核抗体陰性、mriでの関節炎所見より、若年性特発性関節炎〈jia〉が最も考えやすい。川崎病は5歳未満に多く、上記の症状に加えて、眼球結膜充血、口唇・口腔内の異常、不定形発疹、四肢末端の変化、頸部リンパ節腫脹のうち5項目以上を満たす必要がある。iga血管炎は紫斑を特徴とする。リウマチ熱は先行感染を伴う。化膿性関節炎は通常、急性発症で高度な炎症所見を伴う。,0.8
119D65,69歳の男性。もの忘れを主訴に来院した。3か月前に昼食中に急に声を上げたため家族が様子を見に行ったところ、座ったまま動かなかった。約3分経過して「大丈夫」だと返答するようになったが、その後もしばらく反応が鈍かった。翌日以降は以前と変わりがなかったが、1週間前から最近の出来事を家族が質問しても正しく答えることができないことが複数回あったため家族とともに受診した。意識は清明。改訂長谷川式簡易知能評価スケールは正常であったが、3か月前のエピソードの記憶は全くないという。神経診察で異常を認めない。頭部MRIで異常所見は認めない。脳波検査で左側頭部に鋭波を認める。この患者で認めるのはどれか。 ,a. 音過敏 | b. 閃輝暗点 | c. 口部自動症 | d. 静止時振戦 | e. 線維束性収縮,False,c,患者の症状と背景から、部分発作が疑われます。特に、側頭葉てんかんは口部自動症を伴うことがあり、脳波検査の結果もそれを示唆しています。他の選択肢はてんかん発作の臨床像には直接関連がないため、「口部自動症」が最も適切です。,0.9,c,左側頭葉てんかん（部分てんかん）では意識減損を伴う発作時に口部自動症を認めることがあるため。,0.9,c,この患者は短い意識障害とその後の記憶喪失があり、さらに左側頭部の鋭波が認められることから、側頭葉に起因する複雑部分発作（複雑部分てんかん）が疑われる。複雑部分発作では口部自動症（例：口をもぐもぐする、リップスマッキングなど）が典型的な自動症として現れるため、cを選択した。,1.0,c,この症例は側頭葉てんかんの典型的な症状を示しています。主な根拠は：,0.9,a,脳波で左側頭部に鋭波を認めることから、てんかん発作の可能性が高い。3ヶ月前のエピソードはてんかん発作による一過性の意識障害と考える。側頭葉てんかんでは、音過敏を認めることがある。,0.8
119D66,54歳の女性。乳がん検診で異常を指摘され来院した。42歳から1高血圧症で、降圧薬を内服中である。喫煙歴はない。飲酒は機会飲酒。2母は乳癌のため58歳で死亡した。3初経は12歳。4出産は2回。5BMI20.3。マンモグラフィでは高濃度腫瘤陰影と集簇した多形性の微細石灰化像を認めた。下線部のうち、想定される疾患のリスクファクターはどれか。 ,a. 1 | b. 2 | c. 3 | d. 4 | e. 5,False,b,選択肢の2は「母は乳癌のため58歳で死亡した」とあり、これは乳がんのリスクファクターとしての家族歴に該当します。親族に乳がんの罹患歴があることは乳がんリスクを高める要因の一つです。他の選択肢はリスクファクターとして明確ではありません。,0.9,b,乳がんの主なリスク因子には、家族歴（母親や姉妹が乳がん）や遺伝的素因等が含まれ、本問では母親が乳がんで死亡したことが該当するため。,1.0,b,乳癌の発症リスクとして、家族歴（特に一次近親者の乳癌）は有名です。他の項目（高血圧、初経12歳、出産経験、bmi20.3）は乳癌リスクに影響する要因としては認められていません。,1.0,b,乳癌のリスクファクターとして、第一度近親者（特に母親）の乳癌の家族歴は重要な因子です。母親が58歳で乳癌により死亡しているという家族歴（下線部2）は、明確なリスクファクターとなります。高血圧症、初経年齢、出産回数（2回は比較的リスクを下げる方向）、正常範囲内のbmiは、乳癌の主要なリスクファクターとはなりません。,0.9,b,母が乳癌で死亡したという家族歴は、乳癌のリスクファクターとなる。,1.0
119D67,"53歳の男性。10日前からの発熱を主訴に来院した。海外渡航歴はない。意識は清明。体温38.4℃。脈拍96/分、整。血圧116/70mmHg。心音と呼吸音とに異常を認めない。腹部は平坦、軟で圧痛を認めないが、右季肋部に叩打痛を認める。血液所見:赤血球468万、Hb13.9g/dL、白血球21,900、血小板28万。血液生化学所見:総ビリルビン1.2mg/dL、AST125U/L、ALT83U/L、LD338U/L(基準124~222)、Y-GT163U/L(基準13~64)。CRP29mg/dL。腹部造影CT(別冊No.26)を別に示す。超音波ガイド下に穿刺し、得られた液体は無臭でアンチョビペースト状であった。血液および穿刺液の培養で細菌は検出されなかった。この患者の感染経路を確認する上で重要な質問はどれか。 ",a. 「覚醒剤を使ったことはありますか」 | b. 「キツネを触ったことはありますか」 | c. 「ダニに咬まれたことはありますか」 | d. 「同性間で性交渉をしたことはありますか」 | e. 「シカやイノシシなどの獣肉を食べたことはありますか」,True,e,症状やct画像、穿刺液の特徴から、肝膿瘍が考えられます。アンチョビペースト状の液体で、細菌が培養されないことから、アメーバ性肝膿瘍の可能性が高いです。この感染症は獣肉を生で食べることが関連するため、獣肉摂取の有無が重要です。,1.0,d,アメーバ性肝膿瘍は海外渡航歴がなくても男性同性間性的接触が感染経路として重要であるため。,0.9,d,本症例は右季肋部の叩打痛とアンチョビペースト状の液体（培養陰性）から、アメーバ性肝膿瘍を疑う。渡航歴がない場合、近年、先進国でも男性同性愛者間での経口‐肛門性接触による感染が増加しているため、同性間での性交渉の有無を確認することが重要です。,1.0,b,この症例は肝膿瘍の特徴を示しており、画像所見とアンチョビペースト状の穿刺液から、アメーバ性肝膿瘍が強く疑われます。しかし、海外渡航歴がないことから、国内感染を考える必要があります。日本国内では、エキノコックス症（多包虫症）の感染源としてキツネが重要で、特に北海道での感染リスクが知られています。キツネとの接触歴を確認することは、感染経路の特定に重要です。,0.9,e,ct画像から肝膿瘍を疑う。アンチョビペースト状の液体はアメーバ性肝膿瘍を疑わせる。アメーバ性肝膿瘍は、赤痢アメーバが経口感染し、大腸から肝臓へ移行して発症することがある。シカやイノシシなどの獣肉を生で食べることによって感染する可能性がある。,0.9
119D68,65歳の男性。徐々に増大する左頸部の腫瘤と嚥下障害を主訴に来院した。喫煙は20本/日を30年間。飲酒は日本酒4合/日を45年間。左頸部に径2.5cmのリンパ節を触知し、同部位の穿刺吸引細胞診で扁平上皮癌と診断された。喉頭内視鏡像(別冊No.27)を別に示す。最も考えられるのはどれか。 ,a. 喉頭癌 | b. 上咽頭癌 | c. 中咽頭癌 | d. 下咽頭癌 | e. 頸部食道癌3,True,,,,d,左頸部リンパ節腫大と嚥下障害を呈し、内視鏡所見から梨状陥凹部の病変が示唆されるため、下咽頭癌が最も考えられる。,0.9,d,本症例は、長期にわたる喫煙・飲酒歴のある65歳男性で、嚥下障害と左頸部の腫瘤（転移性リンパ節）が認められ、穿刺吸引細胞診により扁平上皮癌と診断されています。下咽頭癌は、同様の危険因子を有し、初期には原発部位で無症状または軽微な症状を呈し、頸部への転移が目立つことが多いため、最も考えられると判断されます。,1.0,d,下咽頭癌が最も考えられる理由：,0.9,d,画像所見から、喉頭蓋谷に腫瘍を認める。嚥下障害の症状も合わせて考えると下咽頭癌が最も考えやすい。,0.9
119D69,28歳の女性。動悸を主訴に来院した。午前10時ごろ、事務仕事中に突然、動悸を自覚した。安静にしていても症状が治まらないため受診した。過去に学校健診で心電図異常を指摘され、当院を受診したが経過観察となっていた。その時の12誘導心電図(別冊No.28A)を別に示す。既往歴に気管支喘息があり、吸入薬を使用しているが、年に数回発作を繰り返している。意識は清明。体温36.2℃。脈拍164/分、整。血圧120/82mmHg。呼吸数18/分。SpO299%(roomair)。心音と呼吸音とに異常を認めない。来院時の12誘導心電図(別冊No.28B)を別に示す。まず最初に行うべき対応はどれか。 ,a. 電気ショック | b. Valsalva手技 | c. ジゴキシン投与 | d. 硫酸マグネシウム投与 | e. アデノシン三リン酸投与,True,b,心電図と症状から、psvt（発作性上室性頻拍）が考えられます。意識が清明で血行動態が安定しているため、まずはvalsalva手技を試みるのが適切です。,0.95,b,安定している発作性上室性頻拍が疑われる場合、まずは迷走神経刺激（valsalva手技）を行うのが第一選択となるため。,0.9,b,この症例は、心電図で確認される狭心症性頻脈（svt）を示唆しており、患者は血行動態的に安定しているため、最初の対応は不随意性の方法であるvalsalva手技（自律神経反射を用いて洞房結節の伝導を遅延）を試みるのが適切です。気管支喘息の既往があるため、2次治療のアデノシン投与は更なる気管支収縮を招く恐れがあり、まずはvalsalva手技を実施します。,1.0,b,この症例は発作性上室性頻拍(psvt)の特徴を示しています。突然発症の整脈性頻拍で、心拍数160前後であることから、psvtが最も考えられます。psvtの初期治療として、非侵襲的で安全なvalsalva手技が第一選択となります。これは迷走神経を刺激することで頻拍を止める可能性があり、副作用のリスクが低く、まず試すべき方法です。他の選択肢は、より侵襲的であるか、この段階では適切ではありません。,0.9,e,来院時の心電図は発作性上室性頻拍（psvt）であり、血圧が保たれているため、まずはアデノシン三リン酸投与を行う。,1.0
119D70,27歳の女性。頸部腫大を主訴に来院した。6か月前から体重が減少し、汗をかきやすいことを自覚している。身長164cm、体重47kg(6か月前は52kg)。脈拍112/分、整。血圧120/76mmHg。頸部の外観写真(別冊No.29A)と甲状腺超音波像(カラードプラ)(別冊No.29B)とを別に示す。この患者の血液検査で高値なのはどれか。2つ選べ。 ,a. CRP | b. FT3 | c. TSH | d. 可溶性IL-2受容体 | e. 抗TSH受容体抗体〈TRAb〉,True,be,患者はバセドウ病を疑う症状（体重減少、頻脈、発汗など）を示しており、甲状腺機能亢進症が考えられます。この場合、血中のft3（遊離トリヨードサイロニン）と抗tsh受容体抗体〈trab〉が高値になります。,1.0,be,体重減少や腱反射亢進、脈拍数増加などの症状および超音波での血流増加所見からbasedow病(graves病)が疑われ、ft3と抗tsh受容体抗体(trab)が高値となるため。,1.0,be,この若い女性は体重減少、発汗、頻脈、頸部腫大といったgraves病の典型的な所見を呈しており、自己免疫性甲状腺刺激抗体（trab）の上昇およびそれに伴うft3の上昇が認められるため。tshは負のフィードバックにより低値となる。,1.0,bd,この症例は、バセドウ病の典型的な症状を示しています：,0.9,be,頸部腫大、体重減少、発汗過多、頻脈などの症状から、甲状腺機能亢進症が疑われる。超音波検査で甲状腺血流が増加していることからも、その可能性が高い。甲状腺機能亢進症では、ft3が上昇し、trabが陽性になることが多い。,1.0
119D71,"75歳の女性。介護老人保健施設に入所中で、寝たきりの状態である。嘔吐と発熱を主訴に救急車で搬入された。昨日午後10時に嘔吐と38℃台の発熱が出現した。本日午前7時に、頻呼吸となったため、施設の職員が救急車を要請した。脳梗塞の既往があり左片麻痺を認める。意識は清明。身長143cm、体重38kg。体温38.4℃。心拍数108/分、整。血圧76/48mmHg。呼吸数20/分。SpO297%(roomair)。皮膚は湿潤。眼瞼結膜と眼球結膜とに異常を認めない。口腔内は乾燥している。咽頭に発赤を認めない。心音と呼吸音とに異常を認めない。腹部は平坦、軟で、肝·脾を触知しない。右肋骨脊柱角叩打痛を認める。尿所見:蛋白1+、糖(一)、ケトン体(一)、潜血2+、沈渣に白血球多数/HPFを認める。血液所見:赤血球368万、Hb12.4g/dL、Ht40%、白血球12,800、血小板20万。血液生化学所見:総蛋白7.8g/dL、アルブミン3.8g/dL、CK322U/L(基準41~153)、尿素窒素20mg/dL、クレアチニン0.8mg/dL、血糖182mg/dL,Na131mEq/L、K4.8mEq/L、C196mEq/L.CRP15mg/dL。動脈血ガス分析(roomair):pH7.49、PaCO229Torr、PaO284Torr、HCO3-21mEq/L。腹部単純CT(別冊No.30)を別に示す。輸液と昇圧薬投与を開始した。次に行うべき治療はどれか。2つ選べ。 ",a. 血液透析 | b. 抗菌薬投与 | c. 右腎摘除術 | d. 右尿管結石摘出術 | e. 右尿管ステント留置術,True,be,尿検査と右肋骨脊柱角叩打痛から尿路感染症を示唆し、抗菌薬投与が必要。また、画像での明確な結石の除去が必要で、特に尿路閉塞が疑われる場合に右尿管ステント留置術が行われることがある。,0.9,be,尿管閉塞を伴う腎盂腎炎が疑われるため、抗菌薬投与と尿路のドレナージ（ステント留置）が必要となる。,1.0,be,本症例は尿路系感染症による敗血症を疑い、右側の尿管結石による閉塞性尿路感染症（腎盂腎炎）の可能性が高い。既に輸液と昇圧薬による初期治療を行っているため、次のステップは感染源のコントロールであり、抗菌薬投与による感染症治療と、尿路閉塞の解除のための右尿管ステント留置術が適切である。,0.95,be,この症例は以下の所見から尿路感染症による敗血症性ショックと考えられます：,0.9,be,患者は高齢者であり、寝たきりの状態である。嘔吐、発熱、頻呼吸、低血圧、右肋骨脊柱角叩打痛、尿所見での白血球多数、crp高値から、右腎盂腎炎による敗血症性ショックが疑われる。ct画像からも右腎の腫大が確認できる。ショック状態に対して輸液と昇圧薬投与を開始しているが、感染源のコントロールが必要である。そのため、抗菌薬投与が適切である。また、尿管結石による閉塞性腎盂腎炎の可能性も考慮し、右尿管ステント留置術も選択肢として適切である。血液透析は、腎機能障害の程度が不明であり、緊急性は低い。右腎摘除術と右尿管結石摘出術は、現時点では適応とならない。,1.0
119D72,80歳の男性。1か月間持続する咳嗽、血痰、微熱および体重減少を主訴に来院した。胸部エックス線写真で右上葉に空洞を伴う浸潤影を認め、喀痰の抗酸菌塗抹、結核菌PCR検査および抗酸菌培養が陽性で、肺結核と診断された。その後、抗結核薬による標準治療が開始され、2か月が経過した。治療効果の判定に用いられる検査はどれか。2つ選べ。 ,a. ツベルクリン反応 | b. 喀痰抗酸菌塗抹検査 | c. 喀痰抗酸菌培養検査 | d. 喀痰抗酸菌PCR検査 | e. 結核菌特異的全血インターフェロンィ遊離測定法〈IGRA〉,False,bc,抗結核薬治療の効果判定には、喀痰の抗酸菌塗抹検査と抗酸菌培養検査が用いられるのが標準的です。塗抹検査によって治療の進行状況を迅速に確認でき、培養検査により培養可能な結核菌の有無による治療効果の確認が行われます。その他の選択肢は治療開始前の診断に関与するものであり、治療効果の判定には不適切です。,1.0,bc,治療効果の判定には、排菌の消失を確認するために喀痰抗酸菌塗抹検査および喀痰抗酸菌培養検査が用いられる。ツベルクリン反応やigraは治療効果判定には適さない。,1.0,bc,治療効果の判定には、実際に生存している結核菌の除去が確認できる喀痰抗酸菌塗抹検査と、培養検査が用いられるため。ツベルクリン反応やigraは感染の既往反応を示し、pcr検査は死菌のdnaも検出可能なため、治療効果の評価には適さない。,1.0,bc,結核治療の効果判定には、喀痰中の菌の消失を確認することが最も重要です。喀痰抗酸菌塗抹検査(b)と培養検査(c)は、生きた菌の有無を直接確認できる方法です。一方、ツベルクリン反応(a)やigra(e)は感染の有無を判定する検査で、治療効果の判定には適しません。pcr検査(d)は死菌のdnaも検出するため、治療効果の判定には適していません。,0.9,bc,肺結核の治療効果判定には、喀痰中の抗酸菌の有無を調べる塗抹検査と培養検査が用いられる。塗抹検査は迅速に結果が得られるが、菌数が少ない場合は陰性となることがある。培養検査は、塗抹検査よりも感度が高いが、結果が出るまでに時間がかかる。,1.0
119D73,53歳の男性。右眼の視力低下を主訴に来院した。2か月前から右眼が見えにくくなり、様子を見ていたが改善しないため来院した。多忙のため、20年来、医療機関を受診していない。意識は清明。身長172cm、体重68kg。体温36.2℃。脈拍72/分、整。血圧162/90mmHg。視力は右が眼前手動弁(矯正不能)、左0.1(0.6×-3.0D)。眼圧は右18mmHg、左20mmHg。両眼の前眼部に異常を認めない。右の眼底は透見不能である。左の眼底写真(別冊No.31A)と蛍光眼底造影写真(別冊No.31B)とを別に示す。尿所見:蛋白2+、糖4+、ケトン体(一)、潜血(一)。血液生化学所見:総蛋白5.9g/dL、アルブミン3.3g/dL、尿素窒素20mg/dL、クレアチニン1.3mg/dL、血糖255mg/dL、HbAlc11.4%(基準4.9~6.0)。まず行うべき治療はどれか。2つ選べ。 ,a. 白内障手術 | b. 汎網膜光凝固 | c. 血糖コントロール | d. ステロイドパルス療法 | e. 副腎皮質ステロイド点眼,True,bc,患者は高血糖と糖尿病の症状を示しており、蛍光眼底造影写真から糖尿病性網膜症が示唆されます。したがって、まず血糖コントロールと汎網膜光凝固が重要です。,1.0,bc,増殖糖尿病網膜症に対しては汎網膜光凝固と血糖コントロールが優先されるため。,1.0,bc,この症例は、20年にわたる未治療の糖尿病により、網膜新生血管を伴う糖尿病網膜症（右眼は硝子体出血の可能性もあり、左眼では蛍光眼底造影で新生血管の所見が認められる）と考えられる。糖尿病網膜症の進行を抑えるためには、まず血糖コントロール（c）を行うとともに、網膜新生血管の治療として汎網膜光凝固（b）が必要である。その他の選択肢は本症例に適応されない。,1.0,bc,この患者は未治療の重症糖尿病（hba1c 11.4%）があり、糖尿病性網膜症を発症していると考えられます。右眼は既に重症で透見不能、左眼の眼底写真で増殖性糖尿病網膜症の所見が認められます。したがって、まず血糖コントロールを行い、同時に網膜症の進行を防ぐために汎網膜光凝固が必要です。白内障手術やステロイド治療は本症例では適応がありません。,0.9,bc,右眼は透見不能だが、左眼の眼底写真および蛍光眼底造影写真から糖尿病網膜症が考えられる。hba1cが11.4%と高値であることから、血糖コントロールが重要である。また、網膜症に対して汎網膜光凝固も考慮される。,1.0
119D74,38歳の経産婦(4妊2産)。妊娠28週で周産期管理を目的に自宅近くの医療機関から周産期母子医療センターを紹介され受診した。30歳および33歳時に、それぞれ骨盤位および既往帝王切開の適応で選択的帝王切開術が施行され、36歳時に稽留流産に対し子宮内容除去術が施行されている。今回は、続発性不妊症に対し生殖補助医療が実施され、妊娠した。妊娠32週に行われた骨盤MRIのT2強調矢状断像(別冊No.32)を別に示す。考えられるのはどれか。2つ選べ。 ,a. 前置血管 | b. 前置胎盤 | c. 癒着胎盤 | d. 絨毛膜下血腫 | e. 常位胎盤早期剝離,True,,,,bc,既往帝王切開術を2回受けており、高齢で体外受精妊娠でもあるため、前置胎盤と癒着胎盤のリスクが高い。またmri像でも前置胎盤を示唆し、筋層への癒着が疑われる所見が認められるため。,0.95,bc,この症例は、既往の帝王切開や子宮内容除去術、さらに生殖補助医療を受けた背景があり、これらは胎盤が子宮内に異常に接着（癒着胎盤）しやすい状況を作り出し、また前置胎盤のリスク因子ともなるため。,1.0,bc,この症例で以下の理由からbとcを選択します：,0.9,bc,mri画像で胎盤が子宮口を覆っていることと、既往帝王切開があることから、前置胎盤と癒着胎盤が考えられる。,0.9
119D75,54歳の男性。健康診断で肝障害を指摘され来院した。自覚症状はない。喫煙は1年前まで加熱式たばこを20本/日。飲酒はビール350mL/日を週に2~3回。職業はデスクワークが主体の会社員で、午前7時に起床し自家用車で通勤している。昼食は麺類を好んで食べている。夕食は午後9時過ぎに自宅で食べ、午後11時ごろに就寝している。既往歴に特記すべきことはない。身長171cm、体重82kg、腹囲98cm。脈拍84/分、整。血圧134/80mmHg。心音と呼吸音とに異常を認めない。腹部は平坦、軟で、肝·脾を触知しない。健康診断時の血液生化学所見:AST60U/L、ALT82U/L、Y-GT90U/L(基準13~64)、尿酸6.8mg/dL、血糖98mg/dL、トリグリセリド346mg/dL、HDLコレステロール42mg/dL、LDLコレステロール128mg/dL。免疫血清学所見:HBs抗原陰性、HCV抗体陰性。腹部超音波検査では肝腎コントラストの増強を認めた。この患者に対する指導で正しいのはどれか。3つ選べ。 ,a. 「体重を減らしましょう」 | b. 「栄養指導を受けましょう」 | c. 「身体活動量を増やしましょう」 | d. 「もう少し早めに就寝しましょう」 | e. 「まず中性脂肪を下げる薬を飲みましょう」,False,abc,この患者は肝障害があり、体重過多（bmiが28程度）であり、脂肪肝の可能性が高いです。肝腎コントラストの増強は脂肪肝を示唆します。そのため、体重減少（a）、栄養指導（b）、身体活動量の増加（c）が肝機能改善に重要です。薬物療法に関しては、まず生活習慣の改善が推奨され、薬物治療は対象ではありません（e）。また、就寝時間の指導は直接的な改善策として優先されません（d）。,0.9,abc,nafldの管理では減量や栄養指導、運動療法が基本となり薬物療法はまず行わないため。,1.0,abc,この患者は肥満、腹囲の増加および高トリグリセリド血症など、生活習慣病に起因するnafldが疑われます。標準治療は生活習慣の改善であり、体重減少（a）、栄養指導（b）、身体活動量の増加（c）が推奨されます。一方、就寝時刻の調整（d）は主要な治療方針ではなく、脂質降下薬（e）もまずは生活習慣改善を優先するため適応外です。,1.0,abc,この患者は以下の特徴から非アルコール性脂肪性肝疾患(nafld)が疑われます：,0.9,abc,,1.0
