question_number,question_text,choices,has_image,gpt-4o_answer,gpt-4o_explanation,gpt-4o_confidence,claude_answer,claude_explanation,claude_confidence,gemini_answer,gemini_explanation,gemini_confidence,o1_answer,o1_explanation,o1_confidence,o3-mini_answer,o3-mini_explanation,o3-mini_confidence
119E1,症候と疾患の組合せで誤っているのはどれか。 ,a. 排尿障害 - 腰部脊柱管狭窄症 | b. 歩行障害 - 頸椎性脊髄症 | c. 腰背部痛 - 解離性大動脈瘤 | d. 下肢の冷感 - 深部静脈血栓症 | e. 膝関節腫脹 - 偽痛風,False,d,深部静脈血栓症（dvt）では通常、下肢の腫脹や疼痛が見られます。下肢の冷感は、むしろ動脈閉塞や血流不全を示唆する症状であり、dvtでは一般的ではありません。他の選択肢は、関連する症状として妥当です。,1.0,e,偽痛風は主に膝関節に発症する結晶誘発性関節炎であり、膝関節の腫脹は典型的な症状の一つです。この組み合わせは正しいため、誤っているものを選ぶという問題の趣旨から、これは答えではありません。他の組み合わせを見ると、全て正しい関連性があります：排尿障害は腰部脊柱管狭窄症の症状、歩行障害は頸椎性脊髄症の症状、腰背部痛は解離性大動脈瘤の典型的症状、下肢の冷感は深部静脈血栓症でよく見られる症状です。したがって、選択肢eは誤った組み合わせではありません。,0.8,d,深部静脈血栓症では、下肢の腫脹、疼痛、発赤などが一般的であり、冷感はむしろ動脈閉塞を示唆する症状であるため。,0.9,d,深部静脈血栓症では下肢の腫脹や発赤、熱感を伴うことが多く、冷感は急性動脈閉塞を疑う症候であるため。,1.0,d,深部静脈血栓症は、下肢の浮腫や発赤、温感などが主な症状であり、冷感は特徴的ではないため。,1.0
119E2,不当な差別、偏見その他の不利益が生じないように、その取扱いに特に配慮を要する個人情報はどれか。 ,a. 学歴 | b. 国籍 | c. 病歴 | d. 肌の色 | e. 職業的地位,False,c,個人情報において、病歴は健康状態に関する情報として特にセンシティブな情報とされ、不当な差別や偏見が生じやすいため、その取扱いに特に配慮が必要です。学歴、国籍、肌の色、職業的地位も差別に関連する情報ですが、医療において病歴は非常に重要かつセンシティブな情報です。,0.9,c,病歴は要配慮個人情報として個人情報保護法で特別に定められています。病歴は個人の健康状態に関する機微な情報であり、差別や偏見につながる可能性が高いため、特に慎重な取り扱いが必要とされます。他の選択肢も個人情報ですが、法律上の要配慮個人情報には該当しません。,0.9,c,病歴は、不当な差別や偏見につながる可能性が最も高い個人情報であるため、取扱いに特に配慮が必要です。国籍や肌の色も差別につながる可能性はありますが、病歴は個人の健康状態というデリケートな情報であり、より慎重な取り扱いが求められます。学歴や職業的地位は、差別につながる可能性はありますが、病歴ほどではないと考えられます。,1.0,c,日本の個人情報保護法において「要配慮個人情報」に該当する代表例の一つが「病歴」であるため。,1.0,c,病歴は個人の健康に関わる極めてセンシティブな情報であり、不当な差別や不利益が生じるリスクが高いため、特に配慮すべき個人情報とされる。,0.95
119E3,医療倫理の4原則に含まれないのはどれか。 ,a. 正義 | b. 善行 | c. 無危害 | d. 自律尊重 | e. 共同意思決定,False,e,医療倫理の4原則とは、1) 正義（公正）、2) 善行（利益を最大化）、3) 無危害（有害を最小化）、4) 自律尊重（患者の自己決定権の尊重）です。選択肢eの「共同意思決定」は、これらの4原則には含まれません。,1.0,e,医療倫理の4原則は、「自律尊重（autonomy）」「無危害（non-maleficence）」「善行（beneficence）」「正義（justice）」の4つです。共同意思決定（shared decision making）は重要な医療概念ですが、4原則には含まれていません。,0.95,e,医療倫理の4原則は、正義、善行、無危害、自律尊重です。共同意思決定は、これらの原則を実践する上での重要なプロセスですが、4原則そのものではありません。,1.0,e,医療倫理の4原則は「自律尊重」「善行」「無危害」「正義」であり、「共同意思決定」は含まれないため。,0.9,e,医療倫理の4原則は「正義」「善行」「無危害」「自律尊重」であり、「共同意思決定」は含まれないため。,1.0
119E4,性感染症が疑われる患者に対して、性交渉歴に関する病歴聴取を行う場合に正しいのはどれか。 ,a. 初診時には聴取をしない。 | b. 性交渉相手の人数を確認する。 | c. 未成年の患者では保護者を同席させる。 | d. 配偶者との性交渉については聴取しない。 | e. 経口避妊薬を服用している患者には聴取しない。,False,b,性感染症が疑われる患者に対しては、適切な治療と予防策を講じるために詳細な性交渉歴を聴取することが重要です。特に、性交渉相手の人数を確認することは感染経路を明らかにし、適切な管理を行うために必要です。他の選択肢は不適切または不十分です。,0.9,b,性感染症の診断と治療のためには、感染リスクの評価が重要です。性交渉相手の人数は感染リスクを評価する上で重要な情報であり、適切な治療方針の決定に必要です。他の選択肢は、医療者として適切な対応とは言えません。特に、初診時の聴取回避、保護者の強制的な同席、配偶者との性交渉の除外、避妊薬服用者への聴取回避は、正確な診断の妨げとなる可能性があります。,0.9,b,性感染症が疑われる場合、感染経路やリスク評価のために性交渉歴の聴取は重要です。性交渉相手の人数はリスク評価に直接関わるため、確認する必要があります。,1.0,b,性感染症のリスク評価においては性的パートナーの人数を把握することが重要であるため。,1.0,b,性感染症が疑われる場合、性交渉相手の人数を確認することでリスク評価ができるため、初診時でも丁寧に聴取する必要があります。他の選択肢は、プライバシーの保護や正確な情報を得るために適当でないため誤りです。,1.0
119E5,ナルコレプシーの患者の訴えはどれか。 ,a. 「会議中に突然眠ってしまいます」 | b. 「毎日、明け方になるまで眠れません」 | c. 「毎晩、眠れないのではないかと不安になります」 | d. 「眠っている間に足がぴくぴく動いていると妻に言われます」 | e. 「夜中に知らないうちに冷蔵庫の中のものを食べているみたいです」,False,a,ナルコレプシーは、日中に強い眠気や突然の睡眠発作を引き起こす睡眠障害であり、選択肢aの「会議中に突然眠ってしまいます」は典型的な症状です。他の選択肢は、他の睡眠障害や行動の問題を示唆しています。,0.9,a,"ナルコレプシーは、日中の過度の眠気が特徴的な睡眠障害です。患者は、会議や運転中など不適切な状況で突然眠り込んでしまう症状（睡眠発作）を示します。他の選択肢は、不眠症（b,c）、むずむず脚症候群（d）、睡眠時摂食障害（e）の症状を示しています。",0.9,a,ナルコレプシーは、日中の過度の眠気が主な症状であり、会議中など状況に関わらず突然眠ってしまうことが特徴的である。,1.0,a,ナルコレプシーでは日中に突然眠り込む発作が特徴的であるため。,1.0,a,ナルコレプシーは日中の強い眠気と突然の睡眠発作が特徴です。「会議中に突然眠ってしまいます」という症状がこれに該当します。,1.0
119E6,腰椎穿刺法による脳脊髄液検査を行う。成人患者への説明で誤っているのはどれか。 ,a. 「うつぶせの姿勢で行います」 | b. 「事前に血液検査を行います」 | c. 「下肢に痛みが走ることがあります」 | d. 「事前に眼底検査か頭部画像検査を行います」 | e. 「検査後に立位で悪化する頭痛が起きることがあります」,False,a,腰椎穿刺法は通常、患者を横向きに寝かせて行うため、「うつぶせの姿勢で行います」という説明は誤っています。他の選択肢は一般的に正しい説明です。,1.0,a,腰椎穿刺は通常、側臥位（横向き）または座位で行われ、うつぶせ（腹臥位）では行いません。側臥位の場合は膝を胸に引き寄せ、背中を丸める姿勢をとります。これにより椎間が開き、穿刺が容易になります。その他の説明は全て正しい内容です（血液検査による出血傾向の確認、神経根刺激による放散痛の可能性、頭蓋内圧亢進の除外、術後髪頭痛の可能性）。,0.9,a,腰椎穿刺は通常、側臥位または座位で行われる。うつ伏せで行うことは一般的ではないため、誤りである。,1.0,a,腰椎穿刺は通常、側臥位または座位で行われるため。,1.0,a,成人の腰椎穿刺は通常、側臥位（横向き）または座位で行われるため、うつぶせで行うという説明は誤っています。,1.0
119E7,医師のプロフェッショナリズムで誤っているのはどれか。 ,a. 科学的根拠を追究する。 | b. 自己の利益を追求する。 | c. 社会のニーズに応える。 | d. 患者の感情に共感を示す。 | e. 医療資源の有限性に配慮する。,False,b,医師のプロフェッショナリズムでは、患者の利益と社会のニーズを第一に考えることが求められます。「自己の利益を追求する」という選択肢は、プロフェッショナリズムの精神に反しているため誤っています。,1.0,b,医師のプロフェッショナリズムは、患者の利益を最優先し、自己の利益追求を抑制することが基本原則です。他の選択肢は全て、医師として求められる適切な態度や行動（科学的根拠に基づく医療、社会貢献、患者への共感、医療資源の適切な活用）を示しています。,0.95,b,医師のプロフェッショナリズムは、患者の利益を最優先に考えるべきであり、自己の利益を追求することはこれに反する。,1.0,b,医師のプロフェッショナリズムは患者の利益や社会のニーズを優先するため、自己の利益追求は誤りである。,1.0,b,医師のプロフェッショナリズムは、患者や社会の利益を最優先とし、科学的根拠に基づく診療を行うべきであり、自己の利益を追求することはその本質に反するため。,1.0
119E8,ある患者の採血結果で、血清K値が7.0mEq/Lであると検査室から連絡があった。血液検査の再検に加えて、まず行うべき検査はどれか。 ,a. 血糖測定 | b. 腹部単純 | c. TC心エコー検査 | d. 12誘導心電図検査 | e. 胸部エックス線撮影,False,d,高カリウム血症（血清k値が7.0meq/l）は、致命的な不整脈を引き起こす可能性があるため、即時の対応が必要です。まず行うべき検査は、心電図を用いて心臓の電気的活動を確認し、不整脈のリスクを評価することです。そのため、12誘導心電図検査が最も適しています。,0.9,d,高k血症(>6.5meq/l)は致死的な不整脈を引き起こす可能性がある緊急事態であり、まず心臓への影響を評価する必要がある。12誘導心電図検査は、高k血症による特徴的な変化（尖鋭t波、p波の平坦化、qrs幅の延長など）を迅速に確認できる非侵襲的な検査である。,0.9,d,高カリウム血症は心臓に影響を及ぼし、不整脈を引き起こす可能性があるため、心電図検査で心臓の状態を評価する必要がある。,1.0,d,重度の高k血症では致命的な不整脈の可能性があるため、心電図により速やかに心臓の状態を評価することが最優先となる。,1.0,d,高カリウム血症は心筋の興奮性や伝導に影響を与え、命に関わる不整脈を引き起こす可能性があるため、まず心電図で心臓の状態を確認する必要がある。,1.0
119E9,強迫性障害〈強迫症〉の患者にみられる強迫行為で正しいのはどれか。 ,a. 症状に日内変動がある。 | b. 強迫行為中の記憶がない。 | c. 患者は強迫行為を合理的であると考えている。 | d. 「手を洗いなさい」などの命令性幻聴に従って行われる。 | e. 強迫観念によって生じる不安を予防あるいは緩和する目的で行われる。,False,e,強迫性障害における強迫行為は、通常、強迫観念によって引き起こされる不安やストレスを緩和するために行われます。他の選択肢は強迫性障害の特徴とは異なります。例えば、日内変動や記憶の喪失、行為を合理的と考えるなどは典型的ではありません。したがって、正しい選択肢は、不安を予防または緩和するための行動であるeです。,1.0,e,強迫性障害における強迫行為は、強迫観念によって引き起こされる不安や苦痛を軽減するために行われる行動です。患者は自身の行為が不合理だと理解していますが、不安を和らげるために行為を繰り返さざるを得ません。これは幻聴による命令や記憶喪失とは無関係で、意識的な行動です。,0.9,e,強迫行為は、強迫観念によって引き起こされる不安や苦痛を軽減するために行われる行動です。,1.0,e,強迫行為は、強迫観念によって生じる不安や苦痛を和らげるために行われる行動であるため。,1.0,e,強迫症では、強迫観念によって生じる不安や苦痛を緩和するために、強迫行為（例：過度な手洗いなど）を行うのが特徴です。その他の選択肢は、ocdの特徴として認められないため、正解はeです。,1.0
119E10,チーム医療で正しいのはどれか。 ,a. 事務職員も参加できる。 | b. 医師の指示が最優先される。 | c. 医療機関の経営業績の向上が目的である。 | d. チーム全員の意見が一致する必要がある。 | e. 単一の医療機関内で完結することが推奨されている。,False,a,チーム医療とは、医師、看護師、薬剤師、理学療法士、事務職員など様々な職種が協力して患者の治療に当たる医療の形態です。したがって、事務職員もチーム医療に参加することができるため、選択肢aが正しいです。他の選択肢は、例えばbは医師の指示が最優先されるというよりも、全員が意見を出し合う協力関係が重視されます。,0.9,a,チーム医療は、医療の質を向上させるために、医療専門職だけでなく事務職員を含む多職種が協働するシステムです。医師の指示が絶対ではなく、各職種の専門性を活かした意見交換が重要で、必ずしも全員の意見一致は必要ありません。また、地域連携も重要で、単一機関での完結を推奨しているわけではありません。経営業績向上は副次的な効果であり、主目的は患者へのより良い医療の提供です。,0.9,a,チーム医療は多職種がそれぞれの専門性を活かし、患者中心の医療を提供することを目的とする。事務職員もチームの一員として、その専門性を活かして貢献できる。,0.9,a,チーム医療は職種を問わず必要に応じて参加する体制であり，事務職員も情報共有や調整などで貢献しうるため。,0.9,a,チーム医療は医師だけでなく看護師、薬剤師、リハビリテーション職、事務職員など多職種が協働するため、事務職員も参加できるのが正しい。,1.0
119E11,腎盂腎炎の診察に有用なのはどれか。 ,a. 振水音の聴診 | b. Traube三角の打診 | c. 鼠径リンパ節の触診 | d. 腹部血管雑音の聴診 | e. 肋骨脊柱角の叩打診,False,e,腎盂腎炎の診察に最も有用なのは、肋骨脊柱角（cva: costovertebral angle）の叩打診（叩打痛の有無を確認すること）です。これは、腎臓の部位に炎症がある場合に痛みが誘発されるため、診断に用いられます。他の選択肢は腎盂腎炎の診断には直接結びつきません。,1.0,e,腎盂腎炎では腎臓の炎症による叩打痛が特徴的で、肋骨脊柱角（cva：costovertebral angle）の叩打痛（cva tenderness）は重要な診察所見です。これは腎盂腎炎の診断に高い感度と特異度を持つ身体所見として広く認識されています。,0.9,e,腎盂腎炎は腎臓の炎症であり、肋骨脊柱角の叩打診で疼痛を誘発することが診断に有用である。,1.0,e,腎盂腎炎では肋骨脊柱角（cva）の叩打痛の有無が診察に有用であるため。,1.0,e,肋骨脊柱角の叩打診は、腎盂腎炎でしばしば認められるコストオーバーテバーサル（腎臓周囲の圧痛）を確認するため、有用な診察所見です。他の選択肢は腎盂腎炎の診察に特有のものではありません。,1.0
119E12,手指のエックス線写真(別冊No.11~5)を別に示す。骨折を認めるのはどれか。 ,a. 1 | b. 2 | c. 3 | d. 4 | e. 5,True,de,④と⑤の画像では、骨折線が明確に確認できる。特に⑤では粉砕骨折のような形態を示している。一方、①、②、③の画像では骨折線は認められない。,0.95,d,エックス線写真4番では、第5中手骨に明確な骨折線が認められます。骨折は骨の連続性が断たれた状態として特徴的なx線所見を示し、この画像では骨折線が明瞭に確認できます。他の画像では明らかな骨折所見は認められません。,0.9,e,写真5では、明らかに骨の連続性が失われており、骨折と判断できる。,1.0,e,5番の像で骨片が多数に分かれており明らかな骨折が認められるため,1.0,d,x線所見を比較したとき、別冊の写真の中で、4番の画像に明らかな骨皮質の連続性の乱れや骨片のずれが認められ、骨折の特徴がみられるため。,0.9
119E13,症候と疾患の組合せで正しいのはどれか。 ,a. 嚥下障害膵炎 | b. 黄疸腸閉塞 | c. 吐血潰瘍性大腸炎 | d. 腹部膨隆胃食道逆流症 | e. 便通異常過敏性腸症候群,False,e,過敏性腸症候群（ibs）は便通異常が主な症状の一つとして知られています。他の選択肢は、一般的には関連性のある症状ではありません。,1.0,e,過敏性腸症候群(ibs)の主症状は便通異常（下痢や便秘、またはその交代）であり、この組み合わせは正しいです。他の選択肢は誤りで、例えば潰瘍性大腸炎の主症状は血便であり吐血ではありません。また、胃食道逆流症の主症状は胸焼けや呑酸であり、腹部膨隆ではありません。,0.9,e,便通異常は過敏性腸症候群の主要な症状の一つであるため。,1.0,e,過敏性腸症候群は便通異常が主症状の一つであるため。,1.0,e,過敏性腸症候群は主要な症状として便通異常（下痢や便秘など）を呈するため、この組合せが正しい。その他の選択肢は、症候と疾患の典型的な関連性が認められない。,1.0
119E14,長時間の砕石位による合併症で誤っているのはどれか。 ,a. 視力障害 | b. 下肢の神経損傷 | c. 深部静脈血栓症 | d. 接地部の圧迫性潰瘍 | e. 体位解除後の低血圧,False,a,砕石位は、手術中に患者の下肢を上げて股関節と膝を屈曲させた体位を指します。この体位は、下肢や骨盤周辺の手術でよく使用されますが、長時間の砕石位によって以下のような合併症が起こり得ます：下肢の神経損傷（下肢が圧迫されることによる）、深部静脈血栓症（血流が停滞しやすい体位による）、接地部の圧迫性潰瘍（局所的な圧迫）、体位解除後の低血圧（体位変換による血圧変動）。しかし、視力障害は砕石位による特徴的な合併症ではありません。,1.0,a,長時間の砕石位による合併症として、視力障害は一般的ではありません。一方、他の選択肢は全て砕石位の典型的な合併症です。下肢の神経損傷（特に総腓骨神経）、深部静脈血栓症（下肢の静脈うっ滞による）、圧迫部位の潰瘍形成、体位解除後の低血圧（下肢への血液再灌流による）は、全て砕石位の既知の合併症です。,0.9,a,長時間の砕石位では、下肢への圧迫による神経損傷、深部静脈血栓症、圧迫性潰瘍、体位変換後の低血圧などが起こりやすい。視力障害は砕石位に直接関連する合併症とは考えにくい。,0.9,a,長時間の砕石位で生じやすいのは下肢神経損傷や深部静脈血栓症、圧迫性潰瘍、体位解除後の低血圧などであり、視力障害は通常想定される合併症ではないため。,0.9,a,長時間の砕石位では、下肢の神経損傷、深部静脈血栓症、接地部の圧迫性潰瘍、体位解除後の低血圧といった合併症が実際に報告されていますが、視力障害は通常認められていないため誤りとなります。,1.0
119E15,喫煙と関連が乏しいのはどれか。 ,a. 歯周病 | b. 大動脈瘤 | c. 1型糖尿病 | d. 冠動脈疾患 | e. 慢性閉塞性肺疾患,False,c,喫煙は多くの疾患と関連していますが、1型糖尿病は自己免疫疾患であり、喫煙の影響が乏しいとされています。その他の選択肢は、喫煙と関連があることが知られています。,0.9,c,1型糖尿病は自己免疫疾患であり、主な発症要因は遺伝的素因と環境因子（ウイルス感染など）です。他の選択肢（歯周病、大動脈瘤、冠動脈疾患、copd）は全て喫煙が重要なリスク因子として確立されています。,0.9,c,喫煙は歯周病、大動脈瘤、冠動脈疾患、慢性閉塞性肺疾患のリスク因子である。1型糖尿病は自己免疫疾患であり、喫煙との関連は乏しい。,0.9,c,1型糖尿病は自己免疫性疾患であり、喫煙は他の選択肢に比べて発症リスクに大きく寄与しないため。,1.0,c,1型糖尿病は自己免疫疾患であり、他の選択肢のように喫煙による直接的な影響が認められていないため。,1.0
119E16,小脳機能の評価に用いないのはどれか。 ,a. 膝踵試験 | b. 指鼻試験 | c. 鼻指鼻試験 | d. 回内回外試験 | e. 上肢Barré試験,False,e,小脳機能の評価には運動の協調性や平衡感覚を確認する試験が用いられます。a. 膝踵試験、b. 指鼻試験、c. 鼻指鼻試験、d. 回内回外試験はすべて小脳機能の評価に関連していますが、e. 上肢barré試験は主に錐体路の障害を評価するための試験であり、小脳機能の直接的な評価には用いません。,0.9,e,上肢barré試験は錐体路障害（筋力低下）の評価に用いる検査であり、小脳機能の評価には用いません。他の選択肢（膝踵試験、指鼻試験、鼻指鼻試験、回内回外試験）はいずれも協調運動を評価する小脳機能検査です。,0.9,e,上肢barré試験は錐体路障害の評価に用いる。その他は小脳機能の評価に用いる。,1.0,e,上肢barré試験は錐体路の評価に用いられるため、小脳機能の評価には使わない。,1.0,e,上肢barré試験は、上位運動ニューロンの病変による軽度な筋力低下の評価に用いられ、小脳の協調運動障害を評価する検査ではないため。その他の膝踵試験、指鼻試験、および鼻指鼻試験は、小脳機能の評価に使われ、回内回外試験は速い交互運動（ジスディアドコキネシア）を調べるため小脳評価の一部とされる。,1.0
119E17,最も多くの遺伝子を含む染色体はどれか。 ,a. 1番染色体 | b. 16番染色体 | c. 18番染色体 | d. 21番染色体 | e. X染色体,False,a,人間の染色体の中で最も多くの遺伝子を含んでいるのは1番染色体であることが知られている。1番染色体は他の染色体と比べて大きく、遺伝子の数が多い。,0.9,a,"1番染色体は人間の染色体の中で最大のもので、約2,000-3,000個の遺伝子を含んでおり、他のどの染色体よりも多くの遺伝子を保持しています。サイズも約249メガベース対と最大で、遺伝子密度も高いことが知られています。",0.95,a,一般的に、染色体番号が小さいほどサイズが大きく、遺伝子数も多い。1番染色体が最も大きい染色体であり、最も多くの遺伝子を含む。,1.0,a,1番染色体はヒト染色体の中で最大であり、最も多くの遺伝子を含むため。,0.9,a,1番染色体はヒトの染色体中で最も大きく、多くの遺伝子を含むため。,1.0
119E18,皮膚開放創の消毒に用いることができるのはどれか。 ,a. エタノール | b. グルタールアルデヒド | c. 次亜塩素酸ナトリウム | d. ポビドンヨード | e. ホルマリン,False,d,皮膚開放創の消毒に適した薬剤は、刺激が少なく、殺菌作用があるものが望ましい。エタノールは皮膚を刺激するため不適切であり、グルタールアルデヒドとホルマリンは強力な消毒剤であるが、外用には適していない。次亜塩素酸ナトリウムも腐食性があるため適さない。ポビドンヨードは皮膚への刺激が少なく、適切な消毒剤であるため、開放創の消毒に用いることができる。,0.9,d,ポビドンヨードは皮膚開放創の消毒に最適で、広い抗菌スペクトルを持ち、組織毒性が低く、創傷治癒を阻害しにくいです。他の選択肢は、エタノールは組織を刺激し、グルタールアルデヒド、次亜塩素酸ナトリウム、ホルマリンは強い組織毒性があり開放創には不適切です。,0.9,d,ポビドンヨードは皮膚や粘膜の消毒に広く用いられる。エタノールは刺激が強く、開放創には適さない。グルタールアルデヒド、次亜塩素酸ナトリウム、ホルマリンは毒性が強く、皮膚の消毒には通常用いられない。,0.9,d,ポビドンヨードは開放創の皮膚消毒に使用可能な代表的な消毒薬であるため。,1.0,d,ポビドンヨードは、開放創にも使用できる抗菌作用を持ち、かつ組織への刺激が比較的少ないため、傷口の消毒に適している。エタノールは正常皮膚の消毒には用いられるが、開放創には強い刺激性がある。グルタールアルデヒドは器具消毒用で、次亜塩素酸ナトリウムやホルマリンは傷口には毒性が強いため使用されない。,1.0
119E19,幻覚を強く示唆する患者の発言はどれか。 ,a. 「(人から見られている場面で)とても緊張します」 | b. 「(道を歩きながら)知らない人が私を見て笑うのです」 | c. 「(通常の食事をしながら)砂を噛んでいるように感じます」 | d. 「(天井のしみを見ながら)あれは私を殺そうとしているサインです」 | e. 「(鳴っていない携帯電話を見せながら)今もこの電話の着信音がやまないのです」,False,e,幻覚とは実際には存在しないものが知覚されることを指します。eは、実際には鳴っていない携帯電話の着信音が聞こえているという発言であり、これは聴覚幻覚を示唆しているため、最も幻覚を示唆する発言です。他の選択肢は誤った解釈や錯覚の可能性があるが、直接的な幻覚とは言えません。,1.0,e,幻覚とは、実際の外的刺激がないにもかかわらず知覚体験が生じる状態です。選択肢eは、実際には鳴っていない携帯電話の着信音が聞こえるという幻聴の典型例です。他の選択肢は、bは被害関係念慮、cは体感異常、dは妄想的解釈、aは社交不安を示唆する症状です。,0.9,e,幻聴を示唆する発言であるため。,0.9,e,実際には鳴っていない電話の着信音が聞こえているという発言は聴覚幻覚を示唆するため。,1.0,e,患者が鳴っていない携帯電話を見せながら「今もこの電話の着信音がやまないのです」と述べた発言は、実際には存在しない音を知覚しているため、明確に幻聴（聴覚的幻覚）を示唆しています。,1.0
119E20,鼠径部レベル以下の全感覚消失の脊髄損傷レベルはどれか。 ,a. 第4頸髄 | b. 第5胸髄 | c. 第10胸髄 | d. 第1腰髄 | e. 脊髄円錐部,False,c,鼠径部レベルの感覚は、通常第10胸髄レベル（t10）と関連しており、このレベル以下の損傷で感覚消失が生じます。したがって、鼠径部レベル以下の感覚消失は第10胸髄の損傷と一致します。,0.9,c,"鼠径部（そけいぶ）は概ねt10（第10胸髄）の皮膚分節（デルマトーム）に相当します。t10より上位の損傷では、その高位以下の感覚が消失するため、鼠径部以下の全感覚消失を来すのはt10の損傷となります。t10より下位（d,e）では鼠径部の感覚は保たれ、より上位（a,b）では鼠径部より上の部分も感覚が消失します。",0.9,e,鼠径部はl1レベルであるため、それ以下の全感覚消失は脊髄円錐部の損傷が考えられる。,1.0,d,一般にt10は臍レベル，t12～l1が鼠径部レベルに相当し，選択肢ではl1が最も鼠径部に対応するため。,0.9,c,鼠径部（inguinal region）の感覚はt12～l1に相当しますが、脊髄損傷では感覚消失部位が実際の損傷部位より2セグメント下方となるため、鼠径部レベル（t12～l1）の全感覚消失は、脊髄損傷レベルがt10であることを示唆します。,0.95
119E21,喀痰検体で質が低いのはどれか。 ,a. うがいをした後に採取した検体 | b. 喀痰の膿性部分が入っている検体 | c. 食塩水吸入で誘発して採取した検体 | d. Gram染色の鏡検で白血球が多い検体 | e. Gram染色の鏡検で上皮細胞が多い検体,False,e,喀痰検体の質の評価において、上皮細胞が多い検体は唾液の混入が多く、質が低いとされます。これに対し、白血球が多い検体は感染を反映しており、質が良いと判断されます。そのため、選択肢eが質の低い検体と考えられます。,0.9,e,喀痰検体の質の評価において、上皮細胞が多い検体は唾液の混入が多く、下気道由来の検体として不適切です。良質な喀痰検体は、下気道由来の白血球や膿性部分を含み、上皮細胞（口腔内の細胞）が少ないものとされています。,0.9,e,喀痰検査において、上皮細胞が多い検体は、喀痰ではなく唾液の混入が疑われ、質が低いと判断される。,1.0,e,gram染色で上皮細胞が多く認められる検体は口腔内からの唾液混入が多く、質の低い痰検体と判断されるため。,0.9,e,gram染色で上皮細胞が多いというのは、口腔内由来の細胞が多く混入していることを示し、下気道の喀痰ではなく、質の低い検体と判断されるため。,1.0
119E22,生活習慣の改善を促すために有効なアプローチはどれか。 ,a. 解釈モデルを確認する。 | b. 行動目標は医師主導で設定する。 | c. 患者が不安になる情報提供は控える。 | d. 専門用語を積極的に用いて説明する。 | e. 標準化された指導内容を画一的に行う。,False,c,患者の不安を増すような情報提供を控え、安心させることは、生活習慣の改善に向けて患者が前向きになれるよう支援するために重要です。,0.9,a,患者の生活習慣改善には、患者自身の病気や健康に対する理解（解釈モデル）を確認し、それに基づいて介入することが効果的です。医師主導ではなく患者中心のアプローチが重要で、患者の価値観や生活背景を考慮した個別化された支援が必要です。b～eの選択肢は、一方的で画一的なアプローチであり、患者の主体性や個別性を無視しているため適切ではありません。,0.9,a,生活習慣改善には、患者自身の解釈モデル（病気や健康に対する考え方）を理解し、それに基づいてアプローチすることが重要です。,0.9,a,患者の認識や考え方を把握し、それを踏まえてサポートすることが生活習慣改善の促進に有効であるため。,1.0,a,患者が抱く健康や病気の解釈モデルを確認することで、個々の考え方に沿った具体的な生活習慣の改善指導が可能となり、効果的な行動変容を促せるため。,1.0
119E23,ある検査におけるReceiver Operating Characteristic〈ROC〉曲線(別冊No.2)を別に示す。これを参考にカットオフ値を設定することとした。偽陰性率が最も低いのはどれか。 ,a. 1 | b. 2 | c. 3 | d. 4 | e. 5,True,a,偽陰性率が最も低い点は、感度が最も高い点です。このroc曲線では、感度が最も高いのは点1です。,0.9,e,roc曲線において、偽陰性率は1-感度（縦軸）で表されます。カットオフ値5の位置では感度が最も高く（約0.95）、したがって偽陰性率（1-0.95=0.05）が最も低くなります。他のカットオフ値と比較して、点5の位置が最も縦軸の上方にあることから、これが正解となります。,0.9,a,偽陰性率は (1 - 感度) で表される。roc曲線において、最も左上に近い点ほど感度が高く、偽陰性率は低くなる。したがって、選択肢の中で最も左上にある点である1が偽陰性率が最も低い。,1.0,a,偽陰性率は (1 − 感度) に相当し，感度が最も高い①で偽陰性率が最も低くなるため。,1.0,a,roc曲線においては、検査陽性と判定されるためのしきい値が低いほど感度が向上し、偽陰性率（＝1－感度）が低下します。したがって、選択肢の中ではカットオフ値1が最も偽陰性率が低いと考えられます。,1.0
119E24,ある患者の処方箋(別冊No.3)を別に示す。この患者が1日に服用する錠剤の個数はどれか。 ,a. 1 | b. 2 | c. 3 | d. 4 | e. 5,True,e,処方された2種類の薬の1日当たりの服用総数を計算した結果、5錠となる。,1.0,d,一般的な処方箋問題では、1日の服用回数と1回の服用量から総数を計算します。典型的なパターンとして、1日2-3回の服用で、1回1-2錠というケースが多く、合計で4錠となることが多いため、4錠を選択しました。ただし、実際の処方箋が確認できないため、確信度は中程度としています。,0.6,e,,1.0,e,フロセミド10mg錠2錠/日＋ベラパミル塩酸塩40mg錠3錠/日 = 1日合計5錠,1.0,c,処方箋（別冊no.3）の内容から、1回の服用量が1錠で、1日に3回服用するよう指示されているため、1日あたりの錠剤数は3となります。,1.0
119E25,薬物投与で皮疹が出現した場合に、添付文書でまず確認するのはどれか。 ,a. 効能又は効果 | b. 用法及び用量 | c. 相互作用 | d. 副作用 | e. 薬物動態,False,d,薬物投与後に皮疹が出現した場合、まず確認すべき情報はその薬物の「副作用」です。これにより皮疹がその薬剤の副作用として知られているかどうかを判断できます。他の選択肢（効能、用量、相互作用、薬物動態）は、皮疹の直接的な情報とは関係が薄いです。,1.0,d,薬物による皮疹は副作用の一種であり、添付文書の「副作用」の項目に、発現頻度や重篤度、対処方法などの重要な情報が記載されているため、まずここを確認するべきです。他の項目は皮疹の直接的な情報源としては適切ではありません。,0.9,d,薬物投与による皮疹は副作用の可能性が高いため、添付文書でまず確認すべきは「副作用」の項目である。,1.0,d,皮疹が副作用として記載されているかをまず確認するため。,1.0,d,薬物投与後に皮疹が発現した場合、副作用としての可能性が高いため、まずは添付文書の副作用欄を確認するのが適切です。,1.0
119E26,42歳の男性。職場の健康診断で1高血圧を指摘され来院した。仕事は2事務職で、1年前から仕事が忙しく、3過食気味で体重が8kg増加した。既往歴に特記すべきことはない。喫煙歴はない。飲酒はビール350mL/日。身長172cm、体重80kg。4脈拍72/分、整。血圧144/92mmHg。身体診察に異常を認めない。血液生化学所見:血糖72mg/dL、HbAlc5.8%(基準4.9~6.0)、トリグリセリド190mg/dL、HDLコレステロール62mg/dL、5LDLコレステロール146mg/dL。体重の減量を目的に食事療法を行う。下線部のうち、推定エネルギー必要量(kcal/日)の算出に必要なのはどれか。 ,a. 1 | b. 2 | c. 3 | d. 4 | e. 5,False,a,推定エネルギー必要量を算出するためには、基礎代謝率を元に活動レベルを考慮する必要があります。この場合、選択肢の「1高血圧」は年齢と活動レベルに関連している可能性があるため、活動レベルの指標と考えられる。よって、「1高血圧」（年齢）が他の選択肢よりも関連性が高いと考えました。,0.8,b,推定エネルギー必要量の算出には、性別、年齢、身長、体重、身体活動レベル（pal）が必要です。下線部2の「事務職」は身体活動レベルを判断するための重要な情報となります。事務職は一般的に低～中程度の身体活動レベル（pal）として分類され、これによって適切な活動係数を設定することができます。,0.9,a,推定エネルギー必要量の算出には、活動量や基礎代謝量を推定するために、血圧やコレステロール値よりも、高血圧の有無が重要となるため。,1.0,b,推定エネルギー必要量の算出には身体活動量を考慮する必要があり，事務職という活動量の情報が含まれる選択肢2が必要となるため。,1.0,b,推定エネルギー必要量を算出する際は、基礎代謝量に加え身体活動レベルを考慮します。選択肢の中で、身体活動レベルの指標として事務職（2）が該当するため、食事療法におけるエネルギー計算に必要な情報となります。,1.0
119E27,"65歳の女性。右変形性膝関節症のため、右人工膝関節置換術が予定されている。術前評価のため受診した。6か月前から右膝の痛みが出現し、徐々に悪化し、歩けなくなった。整形外科を受診し、手術適応となった。3か月前に乳癌の手術を受け、薬物による抗癌治療中である。仕事は事務職でデスクワークが主体である。意識は清明。身長149cm、体重68kg。体温36.0℃。脈拍84/分、整。血圧150/70mmHg。呼吸数20/分。SpO296%(roomair)。頸静脈の怒張を認めない。心音と呼吸音とに異常を認めない。右下肢に圧痕性浮腫を認める。血液所見:赤血球414万、Hb11.3g/dL、Ht36%、血小板23万、PT-INR0.9(基準0.9~1.1)、Dダイマー9.0μg/mL(基準1.0以下)。血液生化学所見:尿素窒素30mg/dL、クレアチニン2.0mg/dL、血糖105mg/dL、Na140mEq/L、K4.6mEq/L、Cl107mEq/L,Ca9.2mg/dL.CRP0.8mg/dL.この時点で実施すべき検査はどれか。 ",a. 腹部単純CT | b. 腎シンチグラフィ | c. 下肢動脈造影検査 | d. 下肢静脈超音波検査 | e. 足関節上腕血圧比〈ABI〉,False,d,脚の圧痕性浮腫と高いdダイマー値は深部静脈血栓症（dvt）の可能性を示唆しているため、下肢静脈超音波検査が適切である。,0.9,d,この患者は以下のリスク因子と所見から深部静脈血栓症(dvt)が強く疑われます：,0.9,d,dダイマー高値と右下肢の浮腫から深部静脈血栓症(dvt)の可能性が高い。下肢静脈超音波検査はdvtの診断に有用である。,0.9,d,dダイマー高値と下肢浮腫から深部静脈血栓症を疑い，下肢静脈超音波検査による評価が必要である。,1.0,d,患者は術前評価中に、右下肢の圧痕性浮腫と著明に上昇したd‐ダイマー（9.0μg/ml）が認められており、深部静脈血栓症（dvt）の可能性が高い。そのため、まずは下肢静脈超音波検査でdvtの有無を評価する必要がある。,1.0
119E28,80歳の男性。発熱、咳嗽および呼吸困難のため救急車で搬入された。既往歴に脳梗塞があり、右片麻痺と失語がある。体温38.6℃。心拍数108/分、不整。血圧142/100mmHg。呼吸数24/分。SpO290%(鼻カニューラ2L/分酸素投与下)。右背側にcoarse cracklesを聴取する。検査の結果、肺炎と診断され、抗菌薬投与のため末梢静脈路確保を行うこととした。この患者の末梢静脈路確保に最も適切な静脈はどれか。 ,a. 左肘正中皮静脈 | b. 右肘正中皮静脈 | c. 左橈側皮静脈 | d. 右橈側皮静脈 | e. 右大伏在静脈,False,a,右片麻痺があるため、麻痺していない左側の静脈を選ぶべきです。左肘正中皮静脈はアクセスがしやすく、末梢静脈路確保に適しています。,0.9,a,この患者は右片麻痺があるため、左側の血管を選択するべきです。また、静脈路確保には太い血管の方が確実で、肘正中皮静脈は太く、確保しやすい部位です。橈側皮静脈より肘正中皮静脈の方が太く、大伏在静脈は感染リスクが高いため、左肘正中皮静脈が最適です。,0.9,a,右片麻痺があるため、健側である左側を選択する。肘正中皮静脈は橈側皮静脈より一般的に穿刺しやすい。,0.9,a,右片麻痺があるため健側である左側の静脈を選択しやすい。一般的に肘正中皮静脈は穿刺しやすく、安定したルート確保が可能であるため最も適切と考えられる。,0.9,a,患者は右側に麻痺があり、合併症発見が困難になるため、麻痺のない左側を確保するのが適切です。さらに、肘正中皮静脈は太く安定しており、抗菌薬投与に適した末梢静脈として選ばれます.,1.0
119E29,65歳の男性。背部痛を主訴に来院した。肺癌の骨転移で治療を受けている。疼痛コントロール目的で入院となった。外来ではモルヒネ徐放製剤を内服していたが、指導医と相談の上、投与経路を皮下注射に変更することになった。塩酸モルヒネ注製剤と生理食塩液を混合して5mg/mLの溶液を調整した。1日投与量を24mg/日としたい。この注射薬を持続皮下注射する場合の投与速度はどれか。 ,a. 0.1mL/時間 | b. 0.2mL/時間 | c. 0.4mL/時間 | d. 0.5mL/時間 | e. 0.8mL/時間,False,b,1日24mgを5mg/mlの濃度で調整した溶液から皮下注射する場合、1日の総投与量（24mg）を濃度（5mg/ml）で割ると必要な総量（24mg ÷ 5mg/ml = 4.8ml）が求まる。これを24時間で投与するための速度は4.8ml ÷ 24時間 = 0.2ml/時間となる。したがって、正しい選択肢はb. 0.2ml/時間である。,1.0,b,計算手順：,0.95,b,24mg/日 ÷ 24時間 = 1mg/時間。5mg/mlの溶液なので、1mg/時間 ÷ 5mg/ml = 0.2ml/時間。,1.0,b,24mg/日を5mg/mlの製剤で投与すると、24mg ÷ 5mg/ml = 4.8ml/日であり、1時間あたり 4.8ml ÷ 24時間 = 0.2ml/時間となる。,1.0,b,24 mg/日を投与するには、5 mg/mlの溶液で4.8 mlを1日で投与する必要があり、24時間で割ると0.2 ml/時間となるため。,1.0
119E30,72歳の男性。右眼の視力低下を主訴に来院した。2年前に左眼が同様の症状となり、手術を受けたという。視力は右0.5(矯正不能)、左1.0(矯正不能)。眼圧は右15mmHg、左14mmHg。右眼の細隙灯顕微鏡写真(別冊No.4)を別に示す。両眼とも眼底に異常を認めない。右眼の疾患はどれか。 ,a. 内反症 | b. 白内障 | c. 円錐角膜 | d. 急性緑内障発作 | e. 原発開放隅角緑内障,True,b,画像からは水晶体が濁っている様子が見られ、典型的な白内障の兆候です。視力低下の主訴は白内障に合致し、眼圧も正常範囲内であることから、他の疾患の可能性は低いです。,0.95,b,72歳の高齢者で徐々に進行する視力低下、対側眼の手術歴、正常眼圧、矯正不能な視力低下という臨床所見は白内障に典型的です。また、細隙灯顕微鏡写真で水晶体の混濁が観察できることから、白内障と診断できます。他の選択肢（内反症、円錐角膜、緑内障）は症状や所見が一致しません。,0.95,b,写真から水晶体が混濁していることがわかる。2年前に左眼の手術歴があることからも白内障が考えられる。,1.0,b,手術歴や水晶体混濁像から白内障が最も適切と判断した。,1.0,b,高齢者で両眼とも眼底所見に異常がなく、矯正不能な視力低下が認められる点、また2年前に左眼が同様の症状で手術されていることから、最も疑われるのは白内障であるため。,1.0
119E31,38歳の初妊婦(1妊0産)。妊娠37週4日、家庭血圧で150/100mmHgを認めたため受診した。妊娠28週の妊婦健康診査で診察室血圧136/80mmHgであったため、家庭血圧測定が開始されていた。来院時、血圧160/110mmHg、随時尿で尿蛋白/Cr比は0.9g/gCrであったため入院管理となった。病棟到着時、意識消失とけいれんを認めた。まず投与すべき薬剤はどれか。 ,a. グルコン酸カルシウム | b. ドパミン | c. ニトログリセリン | d. フロセミド | e. 硫酸マグネシウム,False,e,妊娠後期の重症高血圧と蛋白尿を伴い、意識消失とけいれんを呈しているこの症例は、子癇が疑われます。子癇の急性発作の管理には、硫酸マグネシウムが第一選択薬として使用されます。硫酸マグネシウムは、抗けいれん作用があり、子癇の予防と治療に有効です。したがって、正しい選択は硫酸マグネシウムです。,1.0,e,妊娠高血圧症候群に伴う子癇発作の症例です。子癇発作に対する第一選択薬は硫酸マグネシウムです。硫酸マグネシウムには抗けいれん作用があり、中枢神経系の興奮を抑制します。また、子癇発作の予防にも有効で、母体と胎児の両方に安全な薬剤です。,0.95,e,妊娠37週、高血圧、蛋白尿、けいれんから、子癇と診断できる。子癇に対しては硫酸マグネシウムが第一選択薬である。,1.0,e,子癇（エクラムプシー）では、まず硫酸マグネシウムを投与するのが第一選択である。,1.0,e,本例は妊娠高血圧症候群の重症例で、意識消失とけいれんを認めたため、子癇と考えられる。子癇の初期治療として硫酸マグネシウムが第一選択薬であるため。,1.0
119E32,49歳の男性。健康診断で初めて高血圧を指摘され来院した。普段から味の濃い食べ物を好み、塩分の摂りすぎを気にしている。減塩はしていない。喫煙歴はない。飲酒は機会飲酒。身長172cm、体重72kg。体温36.4℃。脈拍68/分、整。血圧146/92mmHg。この患者の行動変容のステージに基づく指導で適切なのはどれか。 ,a. 「減塩しなければ脳出血になります」 | b. 「塩分の取りすぎが高血圧の原因です」 | c. 「味の濃い食べ物を摂るのを控えましょう」 | d. 「どのようにしたら減塩できると思いますか」 | e. 「その気になるまで減塩する必要はありません」,False,d,患者は塩分の摂りすぎを気にしており、行動変容の準備段階にあると考えられる。準備段階では具体的な行動に向けた支援が適切であり、「どのようにしたら減塩できると思いますか」という質問は患者自身が行動の計画を立てる手助けをするため、適切な指導である。,1.0,d,"この患者は塩分摂取過多を自覚しており（関心期）、減塩の必要性は理解しているものの、まだ実行に移せていない状態です。行動変容ステージでは、患者自身に解決策を考えてもらう開放型の質問が効果的です。脅かしや一方的な指導（a,b,c）、放置（e）は不適切で、患者自身の行動変容への動機づけを引き出す対話（d）が最適です。",0.9,d,血圧が指摘されたばかりで、減塩を特に意識していないことから、行動変容ステージは準備期または関心期と考えられる。「どのようにしたら減塩できると思いますか」と問いかけることで、患者自身に解決策を考えさせ、行動への意欲を高めることが適切である。,0.9,d,患者は塩分過多を認識しつつ行動に移せていない段階（熟考期）にあり、自発的な行動変容を促すため「どのように減塩できると思いますか」と患者自身に方法を考えさせるアプローチが適切であるため。,0.9,d,患者は高血圧の指摘を受け、塩分摂取が多いことを認識しているものの、まだ具体的な減塩行動を起こしていません。行動変容のステージでは、意識が芽生えた「熟考期」にあり、患者自身に変化の方法を考えさせる質問が効果的です。したがって、「どのようにしたら減塩できると思いますか」という選択肢が適切です。,1.0
119E33,50歳の男性。頭痛を主訴に救急外来を受診した。頭痛は6時間前に出現し現在は軽快している。これまでに経験したことのない激しい頭痛であったため来院した。来院時、意識は清明。身長162cm、体重55kg。体温36.9℃。脈拍84/分、整。血圧156/92mmHg。呼吸数18/分。緊急性を判断するために確認すべき徴候はどれか。 ,a. 耳鳴 | b. 結膜充血 | c. 項部硬直 | d. 閃輝暗点 | e. 四肢のしびれ,False,c,突発的で激しい頭痛の訴えがある場合、くも膜下出血の可能性を考慮し、項部硬直の有無を確認することが重要です。項部硬直は、くも膜下出血の征候の一つであり、鑑別において重要な情報となります。したがって、この症例で緊急性を判断するために確認すべき徴候は項部硬直です。,0.9,c,突然の激しい頭痛の場合、くも膜下出血の可能性を考慮する必要があります。項部硬直は髄膜刺激症状の一つで、くも膜下出血の重要な診断所見です。緊急性の判断において、生命の危険に直結する可能性のあるくも膜下出血の除外は最優先事項となります。,0.9,c,経験したことのない激しい頭痛であり、くも膜下出血の可能性を考慮する必要がある。項部硬直は髄膜刺激症状を示唆し、緊急性の高い徴候である。,0.9,c,突発的な激しい頭痛ではくも膜下出血を疑い，項部硬直の有無が緊急性を判断するために重要だから。,0.99,c,項部硬直はくも膜下出血など、髄膜刺激症状を伴う緊急疾患で見られる重要な徴候であるため。,1.0
119E34,72歳の男性。食道癌で訪問診療を受けている。3年前に食道癌の手術を受けた。6か月前に肺と骨に多発転移が見つかり、余命数か月と告知を受けた。本人の強い希望で積極的な治療はせず、自宅で在宅療養をしている。ここ1か月で嚥下障害が進行し、体重が著しく減少した。本人は訪問診療に訪れた医師に「尊厳死宣言文書」を提示して「痛みがつらくて寝られないから早く死なせて欲しい」と訴えている。家族は本人の意向を尊重したいと言っている。行うべき対応はどれか。 ,a. 胃瘻造設 | b. 経過観察 | c. 筋弛緩薬静注 | d. 高カロリー輸液 | e. 疼痛コントロール,False,e,患者は痛みを訴えており、尊厳死を希望していますが、医師はまず患者の苦痛を和らげるための疼痛コントロールを行うべきです。疼痛コントロールは患者のqolを改善し、尊厳死を希望する背景にある痛みや不快感を軽減するための重要なステップです。他の選択肢は患者の希望や状態、倫理的観点から適切ではないです。,0.9,e,終末期患者の訴えに対して、安楽死（積極的な死の促進）は違法です。この場合、患者の主訴は「痛みがつらくて寝られない」であり、適切な疼痛コントロールによって苦痛を緩和することが最優先されます。緩和医療の基本原則に従い、患者のqolを改善することが重要です。,0.95,e,患者は疼痛を訴えており、まずは疼痛コントロールを行うことが適切である。「尊厳死宣言文書」の提示や家族の意向を尊重することも重要だが、現時点で最も優先すべきは患者の苦痛の緩和である。,1.0,e,痛みに対する十分な緩和ケア(疼痛コントロール)を行うことが最重要であり、我が国では安楽死や積極的な安楽死は法律で認められていないため。,0.9,e,この患者は末期状態であり、延命治療を希望せず在宅療養中で、痛みなどの症状緩和が最優先されるべきです。疼痛コントロールによる緩和ケアが、本人・家族の意向を尊重する対応となります。,1.0
119E35,157歳の男性。呼吸困難を主訴に来院した。3日前から咳嗽があり、昨日から発熱、本日から呼吸困難が出現した。2同居家族にも発熱と咳嗽を認める。既往歴に特記すべきことはない。意識レベルはJCS1-3。3体温38.2℃。脈拍104/分、整。血圧110/68mmHg。呼吸数28/分。4SpO290%(roomair)。口腔内と皮膚は乾燥している。5右胸部にcoarse cracklesを聴取する。胸部エックス線写真で右中肺野に浸潤影を認めた。下線部のうち、意識レベルと口腔内·皮膚所見に加えて入院が必要と判断する要素はどれか。 ,a. 1 | b. 2 | c. 3 | d. 4 | e. 5,False,d,入院が必要と判断する要素として、spo2の低下は重要な指標です。この患者はspo2が90%と低下しており、酸素療法が必要な状態を示しています。そのため、選択肢dのspo2 90%が入院判断の要素と考えられます。,0.9,d,spo2 90%(room air)という所見は重要な入院基準の1つです。一般的に、spo2が90%以下の場合は重症と判断され、入院の適応となります。特に呼吸数も28/分と頻呼吸を示しており、呼吸不全の状態を示唆します。年齢(57歳)、同居家族の症状、体温、脈拍、聴診所見は重要な情報ですが、spo2低下ほど入院の必要性を直接的に示す指標ではありません。,0.9,d,spo2 90% (room air) は呼吸不全を示唆し、入院が必要な要素となる。他の要素は、年齢、家族歴、バイタルサインの一部、身体所見の一部であり、緊急入院の絶対的な適応とはならない。,1.0,d,spo2が90％と低下していることは入院適応となる重要な所見であるため。,0.9,d,本例は肺炎と考えられ、既に意識レベルの低下（jcs1‐3）および口腔内・皮膚の乾燥（脱水を示唆）といった入院適応の所見がある中、他に入院を判断する要素としては、低酸素血症が挙げられる。spo₂が90%（room air）である点は、呼吸不全の可能性を示し、入院管理が必要と判断できるため、選択肢「4」が正解である。,1.0
119E36,1歳の男児。灯油を誤飲したため救急車で搬入された。父親が石油ストーブの給油タンクに灯油を入れる準備中に、灯油吸引用ポンプを舐めてしまった。一緒にいた父親が救急車を要請した。意識は清明。体温36.5℃。心拍数120/分、整。血圧90/50mmHg。呼吸数30/分。SpO298%(roomair)。口腔内から灯油臭がしている。呼吸音に異常を認めない。父親への説明で適切なのはどれか。 ,a. 「吐かせましょう」 | b. 「胃洗浄をしましょう」 | c. 「牛乳を飲ませましょう」 | d. 「人工呼吸管理にしましょう」 | e. 「入院して経過をみましょう」,False,e,灯油を誤飲した場合、特に呼吸音に異常がない場合、嘔吐を誘発する行為は誤嚥リスクを高めるため避けるべきです。また、胃洗浄や牛乳の飲用は効果的でない場合が多いです。人工呼吸の必要性も現時点では認められないため、入院して誤嚥性肺炎やその他の症状が現れるか経過観察するのが適切です。,0.9,e,炭化水素（灯油など）の誤飲では、嘔吐させることで誤嚥のリスクが高まるため禁忌です。また、胃洗浄や中和目的の牛乳投与も推奨されません。現時点で呼吸状態は安定していますが、化学性肺炎のリスクがあるため、入院して慎重な経過観察が必要です。,0.9,e,灯油誤飲の場合、少量でも肺炎を起こす可能性があるため、入院して経過観察が必要。催吐や胃洗浄は、誤嚥性肺炎のリスクを高めるため禁忌。牛乳は吸収を促進する可能性があるため推奨されない。呼吸音に異常がないため、現時点で人工呼吸管理は不要。,1.0,e,誤嚥による肺障害のリスクがあり、症状や呼吸状態を観察する必要があるため、入院して経過をみるのが適切である。,0.9,e,灯油誤飲の場合、誤嚥により化学性肺炎を引き起こすリスクがあるため、催吐や胃洗浄、牛乳摂取は禁忌です。現在無症状であっても、経過観察のため入院して慎重に経過を見ることが適切です。,1.0
119E37,"53歳の女性。脂質異常症と診断され、食事療法と運動療法を行っている。本日の外来までに2か月で体重は1kg減ったものの脂質異常は改善せず、担当医は患者と相談し脳血管障害を予防するために内服薬を開始することとした。患者は「脳卒中にはなりたくない。でも治療費はなるべく低く抑えたい。」と言っている。脂質異常症に対する内服薬の脳血管障害発症予防効果および年間薬剤費の表を示す。なお、脂質異常症に対する効果はいずれの内服薬も同程度とする。 薬①: 脳血管障害の発症率10%減らす, 年間薬剤費20,000円 薬②: 脳血管障害の発症率10%減らす, 年間薬剤費12,000円 薬③: 脳血管障害の発症率10%減らす, 年間薬剤費4,000円 薬④: 脳血管障害の発症率不変, 年間薬剤費20,000円 薬⑤: 脳血管障害の発症率不変, 年間薬剤費4,000円 費用対効果の視点を踏まえて、この患者に開始する内服薬はどれか。 ",a. ① | b. ② | c. ③ | d. ④ | e. ⑤,False,c,"脳血管障害の発症を予防するためには発症率を減らすことが重要であり、その上で費用をできるだけ抑えたいという患者の希望を考慮する必要があります。薬③は、脳血管障害の発症率を10%減らし、年間薬剤費が4,000円と最も低コストです。したがって、費用対効果の点でも最適です。",1.0,c,"薬①、②、③は同じ効果（脳血管障害発症率10%減）を示しますが、年間薬剤費が異なります。薬④、⑤は効果がないため除外できます。患者は治療費を抑えたいと希望しており、同じ効果であれば最も安価な選択肢を選ぶべきです。したがって、年間薬剤費が4,000円と最も安価で、かつ効果のある薬③が最も費用対効果に優れた選択となります。",0.9,c,脳血管障害の発症率を同程度減らす効果があるならば、年間薬剤費が最も低い薬③が費用対効果が高い。,1.0,c,脳血管障害発症率を同等に下げられる薬の中で最も年間薬剤費が低いため。,1.0,c,脳血管障害発症予防効果がある薬剤は①、②、③ですが、どれも同程度の効果を有するため、最も年間薬剤費が低い薬③が費用対効果の観点で最適である。,1.0
119E38,1歳の男児。全身の皮疹を主訴に母親に連れられて来院した。2週間前に感冒様症状があり、その後、感冒様症状は改善したが、1週間前から下肢の皮疹が出現した。2日前から全身に皮疹を認めるようになったため受診した。腹痛および関節痛は認めない。関節内出血や筋肉内出血の既往はない。家族歴に特記すべきことはない。身長80cm、体重10kg。体温36.5℃。脈拍120/分、整。呼吸数32/分。顔色良好、眼瞼結膜と眼球結膜とに異常を認めない。咽頭に発赤を認めない。頸部リンパ節を触知しない。心音と呼吸音とに異常を認めない。腹部は平坦、軟で、肝·脾を触知しない。皮疹は上からガラス板で圧迫しても退色しない。頰部、腹部および左下腿の皮疹の写真(別冊No.5A~C)を別に示す。予想される血液検査値はどれか。 ,a. PT延長 | b. APTT延長 | c. 血小板数低値 | d. Dダイマー高値 | e. フィブリノゲン低値,True,c,上記の症例は血小板減少性紫斑病（itp）が疑われます。圧迫しても退色しない皮疹は紫斑の特徴であり、血小板数の低下が予想されます。他の血液凝固関連の異常はこの症例では少ないと考えられます。,0.9,c,この症例は、典型的なitp（特発性血小板減少性紫斑病）の臨床像を示しています。主な根拠は：,0.9,c,皮疹が圧迫しても退色しないことから、紫斑病が考えられる。紫斑病の原因として血小板減少が最も可能性が高い。,1.0,c,ウイルス感染後に生じる急性itpが疑われ、血小板数の低下のみが特徴的だから。,1.0,c,この1歳児は、感冒後に発症する皮膚出血性病変（非退色性の点状出血または紫斑）がみられ、関節痛や腹痛などの全身症状が乏しいため、特に凝固異常は認められず、血小板の自己免疫的破壊による特発性血小板減少性紫斑病（itp）が最も疑われます。,1.0
119E39,65歳の女性。めまいを主訴に来院した。今朝、起床時に寝返りを打ったところ天井がぐるぐる回り、悪心を伴ったため、ベッド上で安静にしていた。めまいと悪心は1分程度で消失した。その後、朝食の準備中に振り向いた際に同様のめまいと悪心が再び出現したため、心配になり受診した。安静時のめまいはない。頭痛、耳鳴および難聴はない。意識は清明。体温36.5℃。脈拍72/分、整。血圧122/76mmHg。神経診察で異常を認めない。良性発作性頭位めまい症の診断予測スコアを表1に、その診断スコア合計点別の尤度比を表2に示す。 表1 良性発作性頭位めまい症の診断予測スコア めまいの持続時間2分以内: スコア1 寝返りで誘発される: スコア2 安静時にめまいがある: スコア-1 表2 診断スコア合計点別の尤度比 スコア合計-1点: 陽性尤度比0.1 スコア合計0点: 陽性尤度比0.2 スコア合計1点: 陽性尤度比1.3 スコア合計2点: 陽性尤度比2.8 スコア合計3点: 陽性尤度比6.8 この患者における良性発作性頭位めまい症の事前確率が40%である場合、この患者における良性発作性頭位めまい症の事後確率に最も近いのはどれか。 ,a. 8% | b. 19% | c. 47% | d. 65% | e. 82%,False,c,この患者の場合、めまいの持続時間が2分以内であるためスコア1が与えられ、寝返りで誘発されるためスコア2が追加されます。安静時にはめまいがないため、スコアは減算されません。したがって、スコア合計は3点です。このスコアに対応する陽性尤度比は6.8です。事前確率40%、陽性尤度比6.8を用いて、事後確率は計算できます。オッズ=事前確率/(1-事前確率)より、0.4/0.6=0.6666。事後オッズ=0.6666×6.8=4.5333。事後確率=事後オッズ/(1+事後オッズ)=4.5333/5.5333=0.8192。よって、この患者の事後確率は約82%となり、最も近い選択肢はc. 47%です。,0.9,d,解答手順は以下の通りです：,0.9,d,,0.9,e,診断スコアが3点であり、陽性尤度比は6.8となる。事前確率40%（オッズ0.67）に6.8を乗じるとオッズは約4.56となり、それを確率に戻すと約82%となる。,1.0,e,患者は「めまいの持続時間2分以内」(+1)と「寝返りで誘発される」(+2)のため、合計スコアは3点となります。表2によりスコア3点での陽性尤度比は6.8です。事前確率40%の場合、オッズ＝0.4/0.6=0.67、これに6.8を乗じると事後オッズは約4.53、事後確率は4.53/(1+4.53)≒82%となるため、正解は選択肢eです。,1.0
119E40,48歳の女性。腰痛と両下肢痛を主訴に来院した。昨日の朝、ごみ出しをした後から腰痛が出現し、両下肢にも痛みとしびれがみられた。市販の鎮痛薬を内服して様子をみていた。今朝1ベッドから起き上がるときに痛みが増強した。また、2今朝から尿が出にくくなった。3最近顔がほてったりする。48年前に子宮頸癌に対する手術を受けた。喫煙歴はない。飲酒は夫と週にワイン1本を飲む。5この1年間で体重が4kg増加した。意識は清明。身長152cm、体重68kg。体温36.8℃。脈拍80/分、整。血圧124/76mmHg。呼吸数22/分。SpO298%(roomair)。頭頸部と胸腹部に異常を認めない。肛門括約筋の収縮は減弱している。両側足関節底屈筋力の低下を認める。会陰部に知覚障害がある。腰部に強い痛みがあり、両臀部から大腿後面にかけて強い痛みとしびれを認める。上肢腱反射は正常。下肢では両側のアキレス腱反射が減弱している。下線部の病歴のうち、緊急性が高いのはどれか。 ,a. 1 | b. 2 | c. 3 | d. 4 | e. 5,False,b,本症例において、最も緊急性が高いのは「今朝から尿が出にくくなった」ことであり、これは急性の馬尾症候群を示唆する可能性がある。この状態は緊急外科的介入が必要となることがあり、すぐに評価と治療を開始する必要がある。このため、選択肢「2」に関連する尿が出にくくなったことが緊急に対処すべき事象であると判断した。,0.9,b,尿が出にくい（排尿障害）という症状は、馬尾症候群を示唆する重要な警告症状です。腰痛と両下肢痛に加えて、排尿障害、肛門括約筋の機能低下、会陰部の知覚障害がある場合、馬尾症候群を疑う必要があります。これは緊急手術の適応となる状態で、治療が遅れると永続的な神経障害を引き起こす可能性があるため、最も緊急性が高い症状です。,0.9,b,腰痛と下肢痛に加えて排尿困難が出現していることから、馬尾症候群が疑われる。馬尾症候群は緊急手術の適応となるため、最も緊急性が高い。,1.0,b,今朝からの排尿困難は馬尾症候群などの緊急性を示唆するから,1.0,b,今朝からの尿の出にくさは、馬尾症候群の急性進行を示唆しており、早急な対応が必要な緊急症状であるため選択しました。,1.0
119E41,52歳の女性。腹部造影CT検査のために来院した。現病歴:2週間前の健康診断で実施された腹部超音波検査で肝臓の結節性病変を指摘されたため、精査目的で受診した。医師から造影CT検査について説明を受け、静脈路確保後に腹部造影CT検査が施行された。造影CT検査前の意識は清明で、バイタルサインに異常は認めなかったが、検査を終了してから5分後に息苦しさと気分不快が出現した。既往歴:脂質異常症で食事療法を行っている。生活歴:会社で事務職をしている。夫と2人暮らし。喫煙歴はない。飲酒は機会飲酒。ペットは飼育していない。家族歴:父が肺癌。現症:意識レベルはJCSⅡ-10。身長160cm、体重56kg。体温35.0℃。脈拍112/分、整。血圧76/48mmHg。呼吸数28/分。SpO296%(roomair)。毛細血管再充満時間は3秒である。冷感と皮膚の湿潤を認める。眼瞼結膜と眼球結膜とに異常を認めない。顔面に浮腫、胸腹部に発赤と腫脹を認める。心音に異常を認めない。発声は可能であるが、吸気性喘鳴を認める。 ,a. アドレナリン | b. アトロピン | c. グルココルチコイド | d. グルコン酸カルシウム | e. ジアゼパム,False,a,患者は造影ct検査後に急性のアレルギー反応、特にアナフィラキシーショックを示している可能性があります。アナフィラキシーショックの初期対応として、アドレナリンが最も効果的です。患者の低血圧、頻脈、皮膚の発赤と腫脹、吸気性喘鳴はアナフィラキシーの典型的な症状です。,0.9,a,この症例は造影剤によるアナフィラキシーショックの典型的な症状を呈しています。症状として、意識障害、低血圧（76/48mmhg）、頻脈（112/分）、呼吸困難（吸気性喘鳴）、皮膚症状（顔面浮腫、胸腹部の発赤と腫脹）が認められます。アナフィラキシーショックの第一選択薬はアドレナリンであり、早急な投与が必要です。アドレナリンは血管収縮作用、気管支拡張作用、心収縮力増強作用があり、アナフィラキシーの諸症状を改善します。,0.9,a,造影ct検査後の症状から、造影剤によるアナフィラキシーショックが疑われる。血圧低下、頻脈、呼吸困難、吸気性喘鳴、皮膚症状（発赤、腫脹）、意識レベル低下などの症状はアナフィラキシーショックに合致する。アドレナリンはアナフィラキシーショックの第一選択薬である。,1.0,a,造影剤使用後の急性アナフィラキシーショックが疑われ、第一選択薬としてアドレナリン投与が最も重要だから。,1.0,a,この症例は造影剤投与後、短時間で呼吸困難、低血圧、皮膚の発赤や腫脹、吸気性喘鳴が出現していることから、造影剤によるアナフィラキシーショックが疑われます。アナフィラキシーの初期治療の第一選択はエピネフリン（アドレナリン）投与であるため、選択肢aが正解です。,1.0
119E42,52歳の女性。腹部造影CT検査のために来院した。現病歴:2週間前の健康診断で実施された腹部超音波検査で肝臓の結節性病変を指摘されたため、精査目的で受診した。医師から造影CT検査について説明を受け、静脈路確保後に腹部造影CT検査が施行された。造影CT検査前の意識は清明で、バイタルサインに異常は認めなかったが、検査を終了してから5分後に息苦しさと気分不快が出現した。既往歴:脂質異常症で食事療法を行っている。生活歴:会社で事務職をしている。夫と2人暮らし。喫煙歴はない。飲酒は機会飲酒。ペットは飼育していない。家族歴:父が肺癌。現症:意識レベルはJCSⅡ-10。身長160cm、体重56kg。体温35.0℃。脈拍112/分、整。血圧76/48mmHg。呼吸数28/分。SpO296%(roomair)。毛細血管再充満時間は3秒である。冷感と皮膚の湿潤を認める。眼瞼結膜と眼球結膜とに異常を認めない。顔面に浮腫、胸腹部に発赤と腫脹を認める。心音に異常を認めない。発声は可能であるが、吸気性喘鳴を認める。 経過観察のために入院となったが、症状は消失し、翌日に退院した。入院中に病歴を再度聴取したところ、以前にヨード造影剤を静注した際に気分不快が出現したことが判明した。この患者における有害事象の再発防止に必要なのはどれか。 ,a. クリニカルパスを作成する。 | b. 医療事故調査制度を利用する。 | c. 医療安全支援センターを利用する。 | d. 使用した造影剤の製薬会社に報告する。 | e. 患者の診療録上の所定の位置に有害事象を記録する。,False,e,患者は以前にヨード造影剤を使用した際に気分不快を経験しており、今回もヨード造影剤によるアレルギー反応と思われる有害事象が発生しています。このような有害事象が再発しないようにするためには、診療録にアレルギー反応があったことをはっきりと記録し、次回使用時に適切な注意を払うことが重要です。他の選択肢は、直接的な再発防止策とは言えません。,0.9,e,この症例は造影剤によるアレルギー反応（造影剤アナフィラキシー）を起こした事例です。患者には以前にもヨード造影剤で気分不快の既往があったことが判明しており、再発防止のためには、診療録に造影剤アレルギーの既往を明確に記録し、今後の医療従事者が確実に確認できるようにすることが最も重要です。これにより、将来の検査時に適切な予防措置を講じることができ、同様の有害事象を防ぐことができます。,0.9,e,ヨード造影剤による有害事象（アナフィラキシー）の既往があるため、再発防止には診療録にその旨を明記し、今後の検査時に注意を促すことが最も重要である。,1.0,e,造影剤によるアナフィラキシー様反応の既往を、診療録上の定められた場所に明確に記載することで、今後の検査や治療時に再び同様の有害事象を起こすリスクを減らすために必要だから。,0.9,e,患者は以前にヨード造影剤に対する有害事象を経験しているため、同じ造影剤が再使用されるのを防ぐには、その情報を診療録の所定の位置に確実に記録することが最も重要です。これにより、将来の検査時に適切な措置が取られることが期待されます。,1.0
119E43,"74歳の女性。感冒様症状を主訴に来院した。現病歴:現在、医療機関に通院していない。2週間前から、微熱と咳嗽が続き、①*食欲が低下*している。市販の感冒薬を服用したが、改善しないため受診した。既往歴:小学生の時に気管支喘息、22歳時に虫垂炎、54歳時に胆石症、68歳時に脊椎圧迫骨折、70歳時に悪性リンパ腫。生活歴:喫煙歴と飲酒歴はない。家族歴:母は乳癌で死亡。現症:意識は清明。身長160cm、体重58kg。体温36.3℃。脈拍84/分、整。血圧120/78mmHg。呼吸数20/分。SpO286%(roomair)。眼瞼結膜と眼球結膜とに異常を認めない。②*頸静脈の怒張*を認める。頸部リンパ節を触知しない。心音に異常を認めない。③*両肺野にcoarse cracklesを聴取*する。腹部は腸雑音に異常を認めない。④*肋骨弓下に肝を1cm触知する*。⑤*両下肢に圧痕性の浮腫*を認める。検査所見:尿所見:蛋白(一)、糖(一)、ケトン体(一)、潜血(一)、沈渣に異常を認めない。血液所見:赤血球454万、Hb13.2g/dL、Ht42%、白血球7,000、血小板18万、Dダイマー2.6μg/mL(基準1.0以下)。血液生化学所見:アルブミン3.9g/dL、総ビリルビン1.2mg/dL、AST24U/L、ALT18U/L、LD182U/L(基準124~222)、CK62U/L(基準41~153)、尿素窒素14mg/dL、クレアチニン0.9mg/dL、尿酸6.9mg/dL、血糖84mg/dL、HbAlc5.8%(基準4.9~6.0)、卜リグリセリド74mg/dL、HDLコレステロール36mg/dL、LDLコレステロール76mg/dL、Na132mEq/L、K4.0mEq/L、BNP356pg/mL(基準18.4以下)。CRP0.3mg/dL。心電図に異常を認めない。胸部エックス線写真で心胸郭比56%、軽度のうっ血を認める。心エコー検査で左室駆出率32%であった。 下線部のうち、左心不全に特徴的な徴候はどれか。 ",a. ① | b. ② | c. ③ | d. ④ | e. ⑤,False,c,左心不全に特徴的な徴候の一つは、肺うっ血によって生じる「coarse crackles（粗雑な捻髪音）」です。これは心不全における典型的な肺の聴診所見です。両肺野でこの音が聴取されることから、左心不全の存在が強く示唆されます。他の徴候も考慮に入れる必要がありますが、「頸静脈怒張」や「圧痕性浮腫」は右心不全でよくみられる徴候です。,0.9,a,左心不全の特徴的な初期症状として、食欲低下（早期満腹感）が挙げられます。これは左心不全により肺うっ血が生じ、胃の圧迫や消化管のうっ血が起こるためです。一方、②頸静脈怒張、④肝腫大、⑤下肢浮腫は右心不全の徴候であり、③両肺野のcoarse cracklesは左心不全による肺うっ血の所見ですが、必ずしも特異的ではありません。,0.9,c,左心不全により肺うっ血が起こり、coarse crackles（粗い断続性ラ音）が聴取される。頸静脈怒張、肝腫大、下腿浮腫は右心不全の所見。食欲低下は心不全全般で見られる可能性があるが、左心不全に特徴的なものではない。,1.0,c,左心不全では肺うっ血による両肺野のcoarse cracklesが特徴的であるため。,0.9,c,左心不全は肺うっ血を引き起こし、両肺野でcoarse crackles（細かいラ音）が聴取されるため、左心不全に特徴的な徴候となる。,1.0
119E44,"74歳の女性。感冒様症状を主訴に来院した。現病歴:現在、医療機関に通院していない。2週間前から、微熱と咳嗽が続き、1食欲が低下している。市販の感冒薬を服用したが、改善しないため受診した。既往歴:小学生の時に気管支喘息、22歳時に虫垂炎、54歳時に胆石症、68歳時に脊椎圧迫骨折、70歳時に悪性リンパ腫。生活歴:喫煙歴と飲酒歴はない。家族歴:母は乳癌で死亡。現症:意識は清明。身長160cm、体重58kg。体温36.3℃。脈拍84/分、整。血圧120/78mmHg。呼吸数20/分。SpO286%(roomair)。眼瞼結膜と眼球結膜とに異常を認めない。2頸静脈の怒張を認める。頸部リンパ節を触知しない。心音に異常を認めない。3両肺野にcoarse cracklesを聴取する。腹部は腸雑音に異常を認めない。4肋骨弓下に肝を1cm触知する。5両下肢に圧痕性の浮腫を認める。検査所見:尿所見:蛋白(一)、糖(一)、ケトン体(一)、潜血(一)、沈渣に異常を認めない。血液所見:赤血球454万、Hb13.2g/dL、Ht42%、白血球7,000、血小板18万、Dダイマー2.6μg/mL(基準1.0以下)。血液生化学所見:アルブミン3.9g/dL、総ビリルビン1.2mg/dL、AST24U/L、ALT18U/L、LD182U/L(基準124~222)、CK62U/L(基準41~153)、尿素窒素14mg/dL、クレアチニン0.9mg/dL、尿酸6.9mg/dL、血糖84mg/dL、HbAlc5.8%(基準4.9~6.0)、卜リグリセリド74mg/dL、HDLコレステロール36mg/dL、LDLコレステロール76mg/dL、Na132mEq/L、K4.0mEq/L、BNP356pg/mL(基準18.4以下)。CRP0.3mg/dL。心電図に異常を認めない。胸部エックス線写真で心胸郭比56%、軽度のうっ血を認める。心エコー検査で左室駆出率32%であった。 薬剤性の心筋障害を疑った場合、既往歴のうち特に詳細に聴取すべき病歴はどれか。 ",a. 気管支喘息 | b. 虫垂炎 | c. 胆石症 | d. 脊椎圧迫骨折 | e. 悪性リンパ腫,False,e,患者の左室駆出率の低下から薬剤性の心筋障害が疑われています。既往歴の中で、心筋障害を引き起こす可能性のある治療を受けた可能性を考えると、抗がん剤治療が関与することがある悪性リンパ腫に関する情報が重要です。このため、悪性リンパ腫について詳細に聴取すべきです。,0.9,e,悪性リンパ腫の治療では、アントラサイクリン系抗がん剤（ドキソルビシンなど）が使用されることが多く、これらは心毒性があり、晩期合併症として心不全を引き起こす可能性があります。現在の症状（心不全症状）と検査所見（bnp上昇、左室駆出率低下）は、過去の化学療法による心筋障害の可能性を示唆しています。他の既往歴は、一般的に心筋障害との関連性が低いです。,0.9,e,薬剤性の心筋障害を疑う場合、抗癌剤治療の既往が重要となる。悪性リンパ腫の治療で使用された薬剤が心筋障害を引き起こした可能性があるため。,0.9,e,悪性リンパ腫に対する化学療法歴（アントラサイクリン系抗がん剤など）が心筋障害のリスクとなるため。,1.0,e,悪性リンパ腫の治療には、アントラサイクリン系などの心毒性薬剤が用いられることが多く、これらが心筋障害の原因となるため、詳細に聴取する必要がある。,1.0
119E45,"32歳の男性。腹痛を主訴に来院した。現病歴:本日起床時から腹痛が出現した。悪心を伴い朝食を食べられなかった。出社時間となっても症状が改善しないため受診した。既往歴:小学生時に気管支喘息のため吸入薬を使用していた。生活歴:広告会社で勤務している。喫煙は10本/日を10年間。飲酒は機会飲酒。4年前に結婚し、妻と1歳の男児の3人暮らし。3年前から猫を2匹飼っている。海外渡航歴はない。家族歴:父が60歳時に胃癌で手術。母が糖尿病で服薬治療中。現症:身長178cm、体重68kg。体温37.3℃。脈拍72/分、整。血圧132/78mmHg。眼瞼結膜と眼球結膜とに異常を認めない。甲状腺と頸部リンパ節を触知しない。心音と呼吸音とに異常を認めない。腹部は平坦。腸雑音はやや亢進している。肝·脾を触知しない。腹部正中に軽度の圧痛を認める。下腿に浮腫を認めない。検査所見:尿所見:蛋白(一)、糖(一)、ケトン体1+、潜血(一)、沈渣に白血球を認めない。血液所見:赤血球488万、Hb14.6g/dL、Ht44%、白血球12,300、血小板21万。血液生化学所見:総蛋白7.6g/dL、アルブミン3.9g/dL、総ビリルビン0.9mg/dL、AST28U/L、ALT16U/L、LD177U/L(基準124~222)、ALP83U/L(基準38~113)、r-GT32U/L(基準13~64)、アミラーゼ50U/L(基準44~132)、CK60U/L(基準59~248)、尿素窒素19mg/dL、クレアチニン0.9mg/dL、尿酸6.2mg/dL、血糖98mg/dL、Na134mEq/L、K4.4mEq/L、C198mEq/L。CRP1.6mg/dL。 検査結果を説明後に、患者から「幼い子供がいるので、うつる病気かどうか心配です」と発言があった。この発言に対する適切な問診はどれか。 a「夜は眠れますか」 b「便秘はありますか」 c「おなかの張りはありますか」 d「手足のしびれはありますか」 e「周りに同じ症状の人はいますか」 ",,False,e,患者が「うつる病気かどうか心配」という発言をしており、感染症を心配していることが示唆されます。そのため、周辺の人々に同様の症状があるかを確認することが重要です。この情報は感染症の可能性を判断する助けとなります。他の選択肢は直接的に感染性の可能性を探るための質問ではありません。,0.9,e,この状況では、患者が感染性疾患を心配していることが明確です。「周りに同じ症状の人はいますか」という質問は、感染性胃腸炎などの可能性を評価する上で最も適切な問診となります。他の選択肢（睡眠、便秘、腹部膨満感、しびれ）は、患者の感染への懸念に直接応えるものではありません。,0.9,e,患者が感染症を心配しているため、周りに同様の症状の人がいるかを確認することで、感染症の可能性を評価できる。他の選択肢は、現在の症状の原因を特定するのに役立つかもしれないが、感染症の可能性を評価するという患者の直接的な懸念には対応していない。,0.9,e,他者からの感染や周囲への伝播が疑われる場合は、同様の症状の人が身近にいるかどうかを確認することが重要なため。,1.0,e,患者は感染の可能性について心配しており、「周りに同じ症状の人はいますか」という問診は、感染症の流行状況を把握するために適切だからです。,1.0
119E46,"32歳の男性。腹痛を主訴に来院した。現病歴:本日起床時から腹痛が出現した。悪心を伴い朝食を食べられなかった。出社時間となっても症状が改善しないため受診した。既往歴:小学生時に気管支喘息のため吸入薬を使用していた。生活歴:広告会社で勤務している。喫煙は10本/日を10年間。飲酒は機会飲酒。4年前に結婚し、妻と1歳の男児の3人暮らし。3年前から猫を2匹飼っている。海外渡航歴はない。家族歴:父が60歳時に胃癌で手術。母が糖尿病で服薬治療中。現症:身長178cm、体重68kg。体温37.3℃。脈拍72/分、整。血圧132/78mmHg。眼瞼結膜と眼球結膜とに異常を認めない。甲状腺と頸部リンパ節を触知しない。心音と呼吸音とに異常を認めない。腹部は平坦。腸雑音はやや亢進している。肝·脾を触知しない。腹部正中に軽度の圧痛を認める。下腿に浮腫を認めない。検査所見:尿所見:蛋白(一)、糖(一)、ケトン体1+、潜血(一)、沈渣に白血球を認めない。血液所見:赤血球488万、Hb14.6g/dL、Ht44%、白血球12,300、血小板21万。血液生化学所見:総蛋白7.6g/dL、アルブミン3.9g/dL、総ビリルビン0.9mg/dL、AST28U/L、ALT16U/L、LD177U/L(基準124~222)、ALP83U/L(基準38~113)、r-GT32U/L(基準13~64)、アミラーゼ50U/L(基準44~132)、CK60U/L(基準59~248)、尿素窒素19mg/dL、クレアチニン0.9mg/dL、尿酸6.2mg/dL、血糖98mg/dL、Na134mEq/L、K4.4mEq/L、C198mEq/L。CRP1.6mg/dL。 外来受診後、自宅で安静にしていたが、夕方になり腹痛が増悪したため再受診した。腹痛の部位が移動し、右下腹部に圧痛を認めた。この患者に認める可能性の高い所見はどれか。 ",a. 黄疸 | b. 下血 | c. 波動 | d. 金属音 | e. 反跳痛,False,e,患者の症状は進行する腹痛であり、右下腹部の圧痛があるため、急性虫垂炎が疑われます。急性虫垂炎では反跳痛（blumberg徴候）が見られることが多いため、可能性が高い所見として選択しました。,0.95,e,この症例は典型的な急性虫垂炎の経過を示しています。初期の心窩部痛から、時間経過とともに右下腹部への痛みの移動が見られ、これは虫垂炎の特徴的な症状経過です。虫垂炎が進行すると、腹膜刺激症状として反跳痛が出現します。他の選択肢（黄疸、下血、波動、金属音）は、この症例の経過や検査所見からは考えにくい症状です。,0.9,e,右下腹部に圧痛が移動していることから、虫垂炎が疑われる。虫垂炎で認めやすい所見は反跳痛である。,0.9,e,痛みの移動と右下腹部の圧痛を伴う急性虫垂炎が疑われ、局所腹膜刺激徴候である反跳痛が最も可能性が高い。,0.9,e,この患者は初期の痛みが腹部全体から右下腹部に移行するなど、急性虫垂炎の典型的な経過を示しています。反跳痛は腹膜刺激徴候として急性虫垂炎に認められる所見であり、他の選択肢（黄疸、下血、波動、金属音）はこの症例においては認められにくいです。,1.0
119E47,"75歳の女性。呼吸困難を主訴に救急車で搬入された。現病歴:8年前に認知症と診断され、現在は直前の出来事も記憶していない。1週間前から咳嗽が増加し、市販の咳止めを内服したが改善しなかった。昨夜から呼吸困難が強くなり、喘鳴が家族にも聴取できるようになった。かかりつけ医に処方されていた吸入薬を使用したが今朝になっても改善しないため、家族が救急車を要請した。既往歴:認知症のほかに、40歳時から気管支喘息で発作時の吸入薬を処方されている。生活歴:喫煙歴と飲酒歴はない。家族歴:父が80歳時に脳梗塞で死亡。母が65歳時に胃癌で死亡。現症:ベッド上で仰臥位となっている。会話は可能だが見当識に関連する質問には回答できない。身長143cm、体重46kg。体温36.6℃。心拍数92/分、整。血圧146/68mmHg。呼吸数20/分。SpO299%(マスク5L/分酸素投与下)。頸静脈の怒張を認めない。口腔内と咽頭とに異常を認めない。両側全肺野で呼気時にwheezesを聴取する。腹部は平坦、軟で、肝·脾を触知しない。四肢に浮腫を認めない。検査所見:尿所見:蛋白(一)、糖(一)、ケトン体(一)、潜血(一)。血液所見:赤血球452万、Hb13.8g/dL、Ht41%、白血球5,440(好中球43%、好酸球12%、好塩基球1%、単球6%、リンパ球38%)、血小板21万。血液生化学所見:総蛋白7.3g/dL、アルブミン3.7g/dL、総ビリルビン0.5mg/dL、直接ビリルビン0.1mg/dL、AST19U/L、ALT10U/L、LD230U/L(基準124~222)、CK40U/L(基準41~153)、尿素窒素10mg/dL、クレアチニン0.6mg/dL、尿酸5.3mg/dL、血糖98mg/dL、Na139mEq/L、K4.2mEq/L、Cl106mEq/L、Ca8.9mg/dL、P4.0mg/dL.CRP0.4mg/dL。動脈血ガス分析(マスク5L/分酸素投与下):pH7.46、PaCO231Torr、PaO292Torr、HCO3-21mEq/L。心電図で異常を認めない。胸部エックス線写真で異常を認めない。 この患者の前腕から静脈投与を行う。静脈留置針の自己抜去を防ぐために行う対応で適切なのはどれか。 ",a. 薬剤は持続点滴で投与する。 | b. 両上肢を抑制帯で固定する。 | c. できるだけ太い留置針を用いる。 | d. 夜間も患者周囲の照明をできるだけ明るくする。 | e. 患者から見えないように寝衣の袖の中に点滴ルートを通す。,False,e,認知症患者における静脈留置針の自己抜去を防ぐためには、点滴ルートを視野から隠すことが有効です。見えないように寝衣の袖の中に点滴ルートを通すことで、意識的に抜去しようとする行動を減らすことが期待できます。他の選択肢は患者への負担が大きかったり、効果が不明確だったりします。,0.9,e,認知症患者の点滴自己抜去予防において、最も適切な対応は点滴ルートを目立たなくすることです。寝衣の袖の中にルートを通すことで、患者の視界から点滴を隠し、自己抜去のリスクを低減できます。両上肢の抑制は身体拘束に当たり避けるべきで、持続点滴や太い留置針の使用、明るい照明は自己抜去予防に直接的な効果がありません。患者の尊厳を保ちながら安全を確保する方法として、選択肢eが最も適切です。,0.9,e,認知症患者の自己抜去を防ぐためには、患者から点滴ルートが見えないようにすることが有効です。持続点滴や太い留置針は直接的な対策にはなりません。抑制帯は倫理的に問題があり、照明はせん妄を悪化させる可能性があります。,0.9,e,視覚刺激を減らすことで不要な関心を避け、自己抜去のリスクを軽減するため。,0.9,e,寝衣の袖内に点滴ルートを配置することで患者にivルートが見えず、自己抜去の衝動を低減できるため、最も適切な対応となる。,1.0
119E48,"75歳の女性。呼吸困難を主訴に救急車で搬入された。現病歴:8年前に認知症と診断され、現在は直前の出来事も記憶していない。1週間前から咳嗽が増加し、市販の咳止めを内服したが改善しなかった。昨夜から呼吸困難が強くなり、喘鳴が家族にも聴取できるようになった。かかりつけ医に処方されていた吸入薬を使用したが今朝になっても改善しないため、家族が救急車を要請した。既往歴:認知症のほかに、40歳時から気管支喘息で発作時の吸入薬を処方されている。生活歴:喫煙歴と飲酒歴はない。家族歴:父が80歳時に脳梗塞で死亡。母が65歳時に胃癌で死亡。現症:ベッド上で仰臥位となっている。会話は可能だが見当識に関連する質問には回答できない。身長143cm、体重46kg。体温36.6℃。心拍数92/分、整。血圧146/68mmHg。呼吸数20/分。SpO299%(マスク5L/分酸素投与下)。頸静脈の怒張を認めない。口腔内と咽頭とに異常を認めない。両側全肺野で呼気時にwheezesを聴取する。腹部は平坦、軟で、肝·脾を触知しない。四肢に浮腫を認めない。検査所見:尿所見:蛋白(一)、糖(一)、ケトン体(一)、潜血(一)。血液所見:赤血球452万、Hb13.8g/dL、Ht41%、白血球5,440(好中球43%、好酸球12%、好塩基球1%、単球6%、リンパ球38%)、血小板21万。血液生化学所見:総蛋白7.3g/dL、アルブミン3.7g/dL、総ビリルビン0.5mg/dL、直接ビリルビン0.1mg/dL、AST19U/L、ALT10U/L、LD230U/L(基準124~222)、CK40U/L(基準41~153)、尿素窒素10mg/dL、クレアチニン0.6mg/dL、尿酸5.3mg/dL、血糖98mg/dL、Na139mEq/L、K4.2mEq/L、Cl106mEq/L、Ca8.9mg/dL、P4.0mg/dL.CRP0.4mg/dL。動脈血ガス分析(マスク5L/分酸素投与下):pH7.46、PaCO231Torr、PaO292Torr、HCO3-21mEq/L。心電図で異常を認めない。胸部エックス線写真で異常を認めない。 β2刺激薬の吸入を行ったが呼吸困難と喘鳴が改善しない。次に静脈内投与すべき薬剤はどれか。 aアトロピン bジアゼパム Cフロセミド dアドレナリン eグルココルチコイド ",,False,e,この患者は、認知症の既往があり気管支喘息と診断されている。喘鳴と呼吸困難が見られることから、重症の喘息発作が疑われます。β2刺激薬の吸入が効かない場合、次に試みる治療としてはグルココルチコイドの静脈内投与が標準的です。炎症を抑えて気道の解毒作用を促進するためです。他の選択肢（アトロピン、ジアゼパム、フロセミド、アドレナリン）は、喘息の急性期治療の標準的な選択肢ではありません。,0.9,e,この症例は気管支喘息の重症発作と考えられます。β2刺激薬の吸入で改善が見られない場合、次のステップとしてグルココルチコイド（ステロイド）の全身投与が推奨されます。好酸球が12%と上昇していることも気管支喘息を支持する所見です。アドレナリンも選択肢として考えられますが、高齢者では心血管系への副作用リスクが高いため、まずはステロイドが適切です。,0.9,e,喘息発作に対して、β2刺激薬が無効な場合、グルココルチコイドの静脈内投与が推奨される。アトロピンは気道分泌を抑制する目的で使用されることがあるが、第一選択ではない。ジアゼパムは喘息の治療には用いられない。フロセミドは心不全による呼吸困難に用いられるが、喘息には無効。アドレナリンはアナフィラキシーショックなどに用いられるが、喘息発作に対してはβ2刺激薬が第一選択である。,0.9,e,吸入β2刺激薬で改善しない重症喘息発作では、次に全身ステロイドの投与が必要になるため。,1.0,e,この症例は急性の喘息増悪が疑われ、吸入β2刺激薬で改善が見られなかったため、炎症の抑制を目的とした静脈内グルココルチコイドの投与が次のステップとなる。,1.0
119E49,"17歳の男子。胸痛を主訴に来院した。現病歴:昨日午後、高校の授業中に左胸部痛と呼吸困難を自覚し、当院を受診し、胸部エックス線撮影を施行された。一旦帰宅したが、本日朝になっても軽度の左胸痛が持続するため、再度受診した。既往歴:特記すべきことはない。生活歴:両親、大学生の兄と同居。アレルギー歴はない。現症:意識は清明。身長182cm、体重66kg。体温36.5℃。脈拍80/分、整。血圧110/78mmHg。呼吸数18/分。SpO296%(roomair)。心音に異常を認めない。検査所見:血液所見:赤血球500万、Hb14.9g/dL、Ht45%、白血球8,300、血小板29万。血液生化学所見:AST21U/L、ALT18U/L、LD180U/L(基準124~222)。本日来院時の胸部エックス線写真(別冊No.6A)と胸部単純CT(別冊No.6B)とを別に示す。E49この患者でみられる所見はどれか。 ",a. 奇異呼吸 | b. 胸部握雪感 | c. 左上肢浮腫 | d. 左頭静脈怒張 | e. 左呼吸音減弱,True,e,患者は若年男性で、突然の片側胸痛と呼吸困難を訴えており、これは気胸の典型的な症状です。胸部エックス線写真やct画像からも左肺の虚脱が示唆されるため、左呼吸音の減弱が見られる可能性が高いです。,0.9,e,この症例は自然気胸が最も疑われます。胸部エックス線写真とctで左肺の虚脱が示唆されており、このような場合、患側（左側）の呼吸音が減弱することが典型的な身体所見となります。他の選択肢（奇異呼吸、胸部握雪感、上肢浮腫、頭静脈怒張）は、この症例の臨床像や病態からは説明できない所見です。,0.9,e,胸部x線写真およびctで左肺の虚脱（気胸）が認められるため、左呼吸音の減弱が予想される。,1.0,e,高身長でやせ型の若年男性の自然気胸を示唆する画像所見より，患側の胸部で呼吸音が減弱する。,1.0,e,この患者は身長が高く痩せ型の17歳男子で、急性の左胸痛と呼吸困難を呈しており、若年者に多い原発性自然気胸が疑われます。気胸では、胸部の病変側において呼吸音の減弱が典型的な所見となるため、eが正解となります。,1.0
119E50,"17歳の男子。胸痛を主訴に来院した。現病歴:昨日午後、高校の授業中に左胸部痛と呼吸困難を自覚し、当院を受診し、胸部エックス線撮影を施行された。一旦帰宅したが、本日朝になっても軽度の左胸痛が持続するため、再度受診した。既往歴:特記すべきことはない。生活歴:両親、大学生の兄と同居。アレルギー歴はない。現症:意識は清明。身長182cm、体重66kg。体温36.5℃。脈拍80/分、整。血圧110/78mmHg。呼吸数18/分。SpO296%(roomair)。心音に異常を認めない。検査所見:血液所見:赤血球500万、Hb14.9g/dL、Ht45%、白血球8,300、血小板29万。血液生化学所見:AST21U/L、ALT18U/L、LD180U/L(基準124~222)。本日来院時の胸部エックス線写真(別冊No.6A)と胸部単純CT(別冊No.6B)とを別に示す。E49この患者でみられる所見はどれか。 昨日と本日の胸部エックス写真を比較して、大きな変化は認められなかった。適切な治療方針はどれか。 ",a. 抗菌薬投与 | b. 昇圧薬投与 | c. 外来で経過観察 | d. 気管支拡張薬吸入 | e. 緊急胸腔鏡下手術,True,c,高身長・痩せ型の若年男性に好発する自然気胸が疑われる。症状軽度でSpO₂正常、昨日と比較してX線画像に大きな変化がないため、外来経過観察が適切。,0.9,c,この症例は若年の痩せ型男性で、突然の胸痛と呼吸困難を訴えており、典型的な自然気胸の症例と考えられます。バイタルサインは安定しており（spo2 96%）、症状も軽度で、画像所見も昨日から大きな変化がないことから、軽症の気胸と判断できます。軽症の自然気胸の場合、外来での経過観察が標準的な治療方針となります。緊急手術や薬物療法は必要ありません。,0.9,c,胸部X線写真とCTから気胸が疑われるが、SpO2が96%であり、症状も軽度であることから、緊急性は低いと判断できる。昨日と本日のX線写真に大きな変化がないことから、自然軽快の可能性も考慮し、外来での経過観察が適切である。,0.9,c,症状が軽度で、胸部画像上も大きな変化が認められないため、小規模かつ安定した自然気胸として外来での経過観察が適切と考えられる。,0.95,c,この患者は若くて痩せ型の男性に多い原発性自発性気胸の典型例です。胸部x線およびctにおいて気胸の所見が認められ、昨日と本日で大きな変化がないことから、状態は安定していると判断されます。そのため、抗菌薬、昇圧薬、気管支拡張薬、あるいは緊急手術ではなく、外来での経過観察が適切な治療方針となります。,1.0
