question_number,question_text,choices,has_image,gpt-4o_answer,gpt-4o_explanation,gpt-4o_confidence
119E1,症候と疾患の組合せで誤っているのはどれか。 ,a. 排尿障害 - 腰部脊柱管狭窄症 | b. 歩行障害 - 頸椎性脊髄症 | c. 腰背部痛 - 解離性大動脈瘤 | d. 下肢の冷感 - 深部静脈血栓症 | e. 膝関節腫脹 - 偽痛風,False,d,深部静脈血栓症(dvt)は、通常下肢の腫脹や疼痛、発赤などの症状を引き起こし、冷感よりはむしろ暖かさが感じられることが多いです。一方で、下肢の冷感は動脈の疾患、例えば急性動脈閉塞などで見られることが多いです。そのため、下肢の冷感と深部静脈血栓症の組み合わせは誤りです。,0.9
119E2,不当な差別、偏見その他の不利益が生じないように、その取扱いに特に配慮を要する個人情報はどれか。 ,a. 学歴 | b. 国籍 | c. 病歴 | d. 肌の色 | e. 職業的地位,False,c,病歴は、個人のプライバシーに関わる重要な情報であり、その取扱いには特別な配慮が必要です。医療情報はセンシティブな内容であり、不当な差別や偏見を生じさせないために厳格に管理されるべきものです。,0.9
119E3,医療倫理の4原則に含まれないのはどれか。 ,a. 正義 | b. 善行 | c. 無危害 | d. 自律尊重 | e. 共同意思決定,False,e,医療倫理の4原則には、「自律尊重」、「善行」、「無危害」、「正義」が含まれています。「共同意思決定」は医療倫理の4原則には含まれません。,1.0
119E4,性感染症が疑われる患者に対して、性交渉歴に関する病歴聴取を行う場合に正しいのはどれか。 ,a. 初診時には聴取をしない。 | b. 性交渉相手の人数を確認する。 | c. 未成年の患者では保護者を同席させる。 | d. 配偶者との性交渉については聴取しない。 | e. 経口避妊薬を服用している患者には聴取しない。,False,b,性感染症が疑われる場合、性交渉歴は診断やその後の治療方針決定に重要である。特に性交渉相手の人数を確認することは、感染の可能性を判断するために必要である。その他の選択肢は不正確である理由や倫理的な問題がある。,0.9
119E5,ナルコレプシーの患者の訴えはどれか。 ,a. 「会議中に突然眠ってしまいます」 | b. 「毎日、明け方になるまで眠れません」 | c. 「毎晩、眠れないのではないかと不安になります」 | d. 「眠っている間に足がぴくぴく動いていると妻に言われます」 | e. 「夜中に知らないうちに冷蔵庫の中のものを食べているみたいです」,False,a,ナルコレプシーは、日中の過度の眠気が特徴の睡眠障害であり、状況に関係なく突然眠ってしまうことがあります。選択肢aの「会議中に突然眠ってしまいます」はこの症状に合致します。,0.9
119E6,腰椎穿刺法による脳脊髄液検査を行う。成人患者への説明で誤っているのはどれか。 ,a. 「うつぶせの姿勢で行います」 | b. 「事前に血液検査を行います」 | c. 「下肢に痛みが走ることがあります」 | d. 「事前に眼底検査か頭部画像検査を行います」 | e. 「検査後に立位で悪化する頭痛が起きることがあります」,False,a,腰椎穿刺は通常、横向きまたは座位で行われ、うつ伏せの姿勢では行いません。その他の選択肢は正しい可能性が高い説明です。,0.95
119E7,医師のプロフェッショナリズムで誤っているのはどれか。 ,a. 科学的根拠を追究する。 | b. 自己の利益を追求する。 | c. 社会のニーズに応える。 | d. 患者の感情に共感を示す。 | e. 医療資源の有限性に配慮する。,False,b,医師のプロフェッショナリズムは、医療の質を高め、患者に最善のケアを提供することを目指します。自己の利益を追求することは、プロフェッショナリズムに反する行動です。他の選択肢は患者や社会のニーズに応えるプロフェッショナリズムを示しています。,1.0
119E8,ある患者の採血結果で、血清K値が7.0mEq/Lであると検査室から連絡があった。血液検査の再検に加えて、まず行うべき検査はどれか。 ,a. 血糖測定 | b. 腹部単純 | c. TC心エコー検査 | d. 12誘導心電図検査 | e. 胸部エックス線撮影,False,d,血清カリウム値が7.0meq/lと高値を示している場合、高カリウム血症が疑われ、心電図に異常が現れる可能性が高い。高カリウム血症は心電図に特徴的な変化をもたらすため、まずは12誘導心電図検査を行って心筋への影響を評価することが重要である。,0.9
119E9,強迫性障害〈強迫症〉の患者にみられる強迫行為で正しいのはどれか。 ,a. 症状に日内変動がある。 | b. 強迫行為中の記憶がない。 | c. 患者は強迫行為を合理的であると考えている。 | d. 「手を洗いなさい」などの命令性幻聴に従って行われる。 | e. 強迫観念によって生じる不安を予防あるいは緩和する目的で行われる。,False,e,強迫性障害の患者は、強迫観念によって生じる不安を予防あるいは緩和するために強迫行為を行います。一方、選択肢aのような日内変動や、選択肢bのような記憶の欠落、選択肢cのように合理的だと考えること、選択肢dの命令性幻聴は、強迫性障害の特徴ではありません。,0.9
119E10,チーム医療で正しいのはどれか。 ,a. 事務職員も参加できる。 | b. 医師の指示が最優先される。 | c. 医療機関の経営業績の向上が目的である。 | d. チーム全員の意見が一致する必要がある。 | e. 単一の医療機関内で完結することが推奨されている。,False,a,チーム医療とは、様々な職種の医療従事者が協力して患者の治療にあたるシステムを指します。事務職員も重要な役割を果たすことができるため、選択肢aが正しいです。その他の選択肢は、チーム医療の本質や目的に反しているか、誤解を招く可能性があります。,0.9
119E11,腎盂腎炎の診察に有用なのはどれか。 ,a. 振水音の聴診 | b. Traube三角の打診 | c. 鼠径リンパ節の触診 | d. 腹部血管雑音の聴診 | e. 肋骨脊柱角の叩打診,False,e,腎盂腎炎の診断において、肋骨脊柱角（cva）の叩打痛は非常に重要な身体所見です。この叩打痛は腎盂腎炎や腎感染症の特徴的な症状です。その他の選択肢は腎盂腎炎の診察に直接関連しません。,1.0
119E12,手指のエックス線写真(別冊No.11~5)を別に示す。骨折を認めるのはどれか。 ,a. 1 | b. 2 | c. 3 | d. 4 | e. 5,True,,,
119E13,症候と疾患の組合せで正しいのはどれか。 ,a. 嚥下障害膵炎 | b. 黄疸腸閉塞 | c. 吐血潰瘍性大腸炎 | d. 腹部膨隆胃食道逆流症 | e. 便通異常過敏性腸症候群,False,e,過敏性腸症候群（ibs）では、便通異常が一般的な症状として知られています。他の選択肢は症候と疾患の関連性が低いため、eが正しい組合せです。,0.95
119E14,長時間の砕石位による合併症で誤っているのはどれか。 ,a. 視力障害 | b. 下肢の神経損傷 | c. 深部静脈血栓症 | d. 接地部の圧迫性潰瘍 | e. 体位解除後の低血圧,False,a,砕石位は、下肢を高く上げた体位であり、長時間続けると下肢の血流や神経に影響を与え、下肢の神経損傷や深部静脈血栓症を起こす可能性があります。また、接地部への圧力により圧迫性潰瘍が生じることや、体位解除後に循環の変化で低血圧になることもあります。視力障害は体位に関係する合併症としては一般的ではありません。,0.9
119E15,喫煙と関連が乏しいのはどれか。 ,a. 歯周病 | b. 大動脈瘤 | c. 1型糖尿病 | d. 冠動脈疾患 | e. 慢性閉塞性肺疾患,False,c,喫煙は様々な疾患リスクを高めますが、1型糖尿病は自己免疫疾患であり、喫煙とは関連しにくいです。その他の選択肢（歯周病、大動脈瘤、冠動脈疾患、慢性閉塞性肺疾患）は喫煙と関連があります。,0.9
119E16,小脳機能の評価に用いないのはどれか。 ,a. 膝踵試験 | b. 指鼻試験 | c. 鼻指鼻試験 | d. 回内回外試験 | e. 上肢Barré試験,False,e,膝踵試験、指鼻試験、鼻指鼻試験、回内回外試験は、いずれも小脳機能の評価に用いられる。これらの試験は、協調運動やバランス、調整運動の異常を確認するためのものである。一方、上肢barré試験は、主に錐体路の障害の有無を確認するためのもので、小脳の機能評価には通常用いられない。,0.9
119E17,最も多くの遺伝子を含む染色体はどれか。 ,a. 1番染色体 | b. 16番染色体 | c. 18番染色体 | d. 21番染色体 | e. X染色体,False,a,ヒトゲノムにおいて、1番染色体は最も多くの遺伝子を含むことで知られている。x染色体や他の小さな染色体よりも多数の遺伝子を持つ。,0.9
119E18,皮膚開放創の消毒に用いることができるのはどれか。 ,a. エタノール | b. グルタールアルデヒド | c. 次亜塩素酸ナトリウム | d. ポビドンヨード | e. ホルマリン,False,d,皮膚開放創の消毒には、一般的にはポビドンヨードが使用されます。これは広範囲の微生物に効果を持ち、皮膚への適用が安全だからです。他の選択肢は、皮膚や創部への適用に適さない可能性があります。エタノールは揮発性が高く、刺激性があります。グルタールアルデヒド、次亜塩素酸ナトリウム、ホルマリンはいずれも強い消毒作用がありますが、組織に対して毒性があるため、皮膚への直接使用には適しません。,0.9
119E19,幻覚を強く示唆する患者の発言はどれか。 ,a. 「(人から見られている場面で)とても緊張します」 | b. 「(道を歩きながら)知らない人が私を見て笑うのです」 | c. 「(通常の食事をしながら)砂を噛んでいるように感じます」 | d. 「(天井のしみを見ながら)あれは私を殺そうとしているサインです」 | e. 「(鳴っていない携帯電話を見せながら)今もこの電話の着信音がやまないのです」,False,e,幻覚は、実際には存在しないものを知覚することであり、この場合「鳴っていない携帯電話の着信音がやまない」と感じていることは、聴覚的な幻覚を示唆しています。他の選択肢は妄想や誤認知に関連する可能性が高いですが、eは明確に幻覚を示しています。,1.0
119E20,鼠径部レベル以下の全感覚消失の脊髄損傷レベルはどれか。 ,a. 第4頸髄 | b. 第5胸髄 | c. 第10胸髄 | d. 第1腰髄 | e. 脊髄円錐部,False,c,鼠径部は通常、脊髄の第10胸髄（t10）によって支配されています。この領域での全感覚消失は、第10胸髄レベルの損傷によるものである可能性が高いです。,0.8
119E21,喀痰検体で質が低いのはどれか。 ,a. うがいをした後に採取した検体 | b. 喀痰の膿性部分が入っている検体 | c. 食塩水吸入で誘発して採取した検体 | d. Gram染色の鏡検で白血球が多い検体 | e. Gram染色の鏡検で上皮細胞が多い検体,False,e,喀痰検体の質を評価するには、主に白血球の多さと上皮細胞の割合が重要な指標です。白血球が多いことは感染の可能性が高いことを示しますが、上皮細胞が多い場合は口腔内の唾液や分泌物が多く含まれていることを示し、質が低いとされます。従って、上皮細胞が多い検体は質が低いです。,0.9
119E22,生活習慣の改善を促すために有効なアプローチはどれか。 ,a. 解釈モデルを確認する。 | b. 行動目標は医師主導で設定する。 | c. 患者が不安になる情報提供は控える。 | d. 専門用語を積極的に用いて説明する。 | e. 標準化された指導内容を画一的に行う。,False,c,生活習慣の改善を促すためには、患者が不安を感じすぎないようにし、適切な情報提供を行うことが重要です。患者の不安を和らげ、理解を促進することが、モチベーションの向上に繋がります。他の選択肢は画一的であったり患者の状況を無視したアプローチであり、効果的とは言えません。,0.8
119E23,ある検査におけるReceiver Operating Characteristic〈ROC〉曲線(別冊No.2)を別に示す。これを参考にカットオフ値を設定することとした。偽陰性率が最も低いのはどれか。 ,a. 1 | b. 2 | c. 3 | d. 4 | e. 5,True,a,偽陰性率が最も低いのは感度が最も高い点であるため、感度が1に近いポイント1を選択します。,0.9
119E24,ある患者の処方箋(別冊No.3)を別に示す。この患者が1日に服用する錠剤の個数はどれか。 ,a. 1 | b. 2 | c. 3 | d. 4 | e. 5,True,c,,1.0
119E25,薬物投与で皮疹が出現した場合に、添付文書でまず確認するのはどれか。 ,a. 効能又は効果 | b. 用法及び用量 | c. 相互作用 | d. 副作用 | e. 薬物動態,False,d,皮疹は薬物の副作用として出現する症状の一つです。そのため、薬物投与後に皮疹が出現した場合には、副作用の項目を最初に確認して、該当する副作用が記載されているかどうかを確認するのが適切です。,1.0
119E26,42歳の男性。職場の健康診断で1高血圧を指摘され来院した。仕事は2事務職で、1年前から仕事が忙しく、3過食気味で体重が8kg増加した。既往歴に特記すべきことはない。喫煙歴はない。飲酒はビール350mL/日。身長172cm、体重80kg。4脈拍72/分、整。血圧144/92mmHg。身体診察に異常を認めない。血液生化学所見:血糖72mg/dL、HbAlc5.8%(基準4.9~6.0)、トリグリセリド190mg/dL、HDLコレステロール62mg/dL、5LDLコレステロール146mg/dL。体重の減量を目的に食事療法を行う。下線部のうち、推定エネルギー必要量(kcal/日)の算出に必要なのはどれか。 ,a. 1 | b. 2 | c. 3 | d. 4 | e. 5,False,b,推定エネルギー必要量を算出するためには、通常、その人の基礎代謝基準と活動レベルを考慮します。したがって、職業（事務職）である選択肢bが必要です。活動の内容やレベルが活動レベル（軽度、中程度、重度）を判断する要因となるためです。,1.0
119E27,"65歳の女性。右変形性膝関節症のため、右人工膝関節置換術が予定されている。術前評価のため受診した。6か月前から右膝の痛みが出現し、徐々に悪化し、歩けなくなった。整形外科を受診し、手術適応となった。3か月前に乳癌の手術を受け、薬物による抗癌治療中である。仕事は事務職でデスクワークが主体である。意識は清明。身長149cm、体重68kg。体温36.0℃。脈拍84/分、整。血圧150/70mmHg。呼吸数20/分。SpO296%(roomair)。頸静脈の怒張を認めない。心音と呼吸音とに異常を認めない。右下肢に圧痕性浮腫を認める。血液所見:赤血球414万、Hb11.3g/dL、Ht36%、血小板23万、PT-INR0.9(基準0.9~1.1)、Dダイマー9.0μg/mL(基準1.0以下)。血液生化学所見:尿素窒素30mg/dL、クレアチニン2.0mg/dL、血糖105mg/dL、Na140mEq/L、K4.6mEq/L、Cl107mEq/L,Ca9.2mg/dL.CRP0.8mg/dL.この時点で実施すべき検査はどれか。 ",a. 腹部単純CT | b. 腎シンチグラフィ | c. 下肢動脈造影検査 | d. 下肢静脈超音波検査 | e. 足関節上腕血圧比〈ABI〉,False,d,この患者は膝関節の手術を予定しており、dダイマーが上昇していることから深部静脈血栓症（dvt）の可能性が考えられます。下肢の浮腫も存在しているため、下肢静脈超音波検査が推奨されます。,0.9
119E28,80歳の男性。発熱、咳嗽および呼吸困難のため救急車で搬入された。既往歴に脳梗塞があり、右片麻痺と失語がある。体温38.6℃。心拍数108/分、不整。血圧142/100mmHg。呼吸数24/分。SpO290%(鼻カニューラ2L/分酸素投与下)。右背側にcoarse cracklesを聴取する。検査の結果、肺炎と診断され、抗菌薬投与のため末梢静脈路確保を行うこととした。この患者の末梢静脈路確保に最も適切な静脈はどれか。 ,a. 左肘正中皮静脈 | b. 右肘正中皮静脈 | c. 左橈側皮静脈 | d. 右橈側皮静脈 | e. 右大伏在静脈,False,a,右片麻痺があるため、右側の動きが制限されている可能性が高いです。このため、静脈路確保は反対側の左腕を利用するのが望ましいです。左肘正中皮静脈はこの目的に一般的に利用される部位です。,0.9
119E29,65歳の男性。背部痛を主訴に来院した。肺癌の骨転移で治療を受けている。疼痛コントロール目的で入院となった。外来ではモルヒネ徐放製剤を内服していたが、指導医と相談の上、投与経路を皮下注射に変更することになった。塩酸モルヒネ注製剤と生理食塩液を混合して5mg/mLの溶液を調整した。1日投与量を24mg/日としたい。この注射薬を持続皮下注射する場合の投与速度はどれか。 ,a. 0.1mL/時間 | b. 0.2mL/時間 | c. 0.4mL/時間 | d. 0.5mL/時間 | e. 0.8mL/時間,False,b,投与量は24mg/日が必要で、濃度は5mg/mlのモルヒネ溶液を使用するため、24mg ÷ 5mg/ml = 4.8ml/日が必要となります。これを24時間で投与するので、4.8ml ÷ 24時間 = 0.2ml/時間の投与速度が必要です。したがって、正しい答えは選択肢bの0.2ml/時間です。,1.0
119E30,72歳の男性。右眼の視力低下を主訴に来院した。2年前に左眼が同様の症状となり、手術を受けたという。視力は右0.5(矯正不能)、左1.0(矯正不能)。眼圧は右15mmHg、左14mmHg。右眼の細隙灯顕微鏡写真(別冊No.4)を別に示す。両眼とも眼底に異常を認めない。右眼の疾患はどれか。 ,a. 内反症 | b. 白内障 | c. 円錐角膜 | d. 急性緑内障発作 | e. 原発開放隅角緑内障,True,b,視力低下と手術歴から白内障が疑われ、眼底に異常がないことも一致します。,0.9
119E31,38歳の初妊婦(1妊0産)。妊娠37週4日、家庭血圧で150/100mmHgを認めたため受診した。妊娠28週の妊婦健康診査で診察室血圧136/80mmHgであったため、家庭血圧測定が開始されていた。来院時、血圧160/110mmHg、随時尿で尿蛋白/Cr比は0.9g/gCrであったため入院管理となった。病棟到着時、意識消失とけいれんを認めた。まず投与すべき薬剤はどれか。 ,a. グルコン酸カルシウム | b. ドパミン | c. ニトログリセリン | d. フロセミド | e. 硫酸マグネシウム,False,e,この症例は子癇発作（妊娠中のけいれん発作）に該当します。子癇の治療には、けいれんを抑えるために硫酸マグネシウムが第一選択となります。他の薬剤はこの状況では使用されません。,0.9
119E32,49歳の男性。健康診断で初めて高血圧を指摘され来院した。普段から味の濃い食べ物を好み、塩分の摂りすぎを気にしている。減塩はしていない。喫煙歴はない。飲酒は機会飲酒。身長172cm、体重72kg。体温36.4℃。脈拍68/分、整。血圧146/92mmHg。この患者の行動変容のステージに基づく指導で適切なのはどれか。 ,a. 「減塩しなければ脳出血になります」 | b. 「塩分の取りすぎが高血圧の原因です」 | c. 「味の濃い食べ物を摂るのを控えましょう」 | d. 「どのようにしたら減塩できると思いますか」 | e. 「その気になるまで減塩する必要はありません」,False,d,行動変容のステージ理論に基づくと、患者は自分の塩分摂取が高血圧に関連していることを気にしているが、まだ減塩を実行していない段階にあります。したがって、患者自身がどのように行動を変化させるかを考えることを促すのが適切です。この場合、「どのようにしたら減塩できると思いますか」と患者に考えさせることで、より積極的に行動変容を始める準備をさせることができます。,1.0
119E33,50歳の男性。頭痛を主訴に救急外来を受診した。頭痛は6時間前に出現し現在は軽快している。これまでに経験したことのない激しい頭痛であったため来院した。来院時、意識は清明。身長162cm、体重55kg。体温36.9℃。脈拍84/分、整。血圧156/92mmHg。呼吸数18/分。緊急性を判断するために確認すべき徴候はどれか。 ,a. 耳鳴 | b. 結膜充血 | c. 項部硬直 | d. 閃輝暗点 | e. 四肢のしびれ,False,c,突然の激しい頭痛はくも膜下出血の可能性を考慮すべきであり、緊急性を判断するために確認すべき徴候は、髄膜刺激症状を引き起こす項部硬直です。項部硬直があると、髄膜炎やくも膜下出血の可能性が高まります。,0.9
119E34,72歳の男性。食道癌で訪問診療を受けている。3年前に食道癌の手術を受けた。6か月前に肺と骨に多発転移が見つかり、余命数か月と告知を受けた。本人の強い希望で積極的な治療はせず、自宅で在宅療養をしている。ここ1か月で嚥下障害が進行し、体重が著しく減少した。本人は訪問診療に訪れた医師に「尊厳死宣言文書」を提示して「痛みがつらくて寝られないから早く死なせて欲しい」と訴えている。家族は本人の意向を尊重したいと言っている。行うべき対応はどれか。 ,a. 胃瘻造設 | b. 経過観察 | c. 筋弛緩薬静注 | d. 高カロリー輸液 | e. 疼痛コントロール,False,e,患者は痛みが強く、尊厳死を希望しているが、法的・倫理的にそのような行為は認められないため、まずは疼痛コントロールを行い、患者の生活の質を向上させることが重要です。,0.9
119E35,157歳の男性。呼吸困難を主訴に来院した。3日前から咳嗽があり、昨日から発熱、本日から呼吸困難が出現した。2同居家族にも発熱と咳嗽を認める。既往歴に特記すべきことはない。意識レベルはJCS1-3。3体温38.2℃。脈拍104/分、整。血圧110/68mmHg。呼吸数28/分。4SpO290%(roomair)。口腔内と皮膚は乾燥している。5右胸部にcoarse cracklesを聴取する。胸部エックス線写真で右中肺野に浸潤影を認めた。下線部のうち、意識レベルと口腔内·皮膚所見に加えて入院が必要と判断する要素はどれか。 ,a. 1 | b. 2 | c. 3 | d. 4 | e. 5,False,d,呼吸困難と酸素飽和度の低下（spo2 90%）は、呼吸不全の兆候であり入院が必要と判断する重要な要素です。したがって、選択肢の「4」が最も適切です。,0.9
119E36,1歳の男児。灯油を誤飲したため救急車で搬入された。父親が石油ストーブの給油タンクに灯油を入れる準備中に、灯油吸引用ポンプを舐めてしまった。一緒にいた父親が救急車を要請した。意識は清明。体温36.5℃。心拍数120/分、整。血圧90/50mmHg。呼吸数30/分。SpO298%(roomair)。口腔内から灯油臭がしている。呼吸音に異常を認めない。父親への説明で適切なのはどれか。 ,a. 「吐かせましょう」 | b. 「胃洗浄をしましょう」 | c. 「牛乳を飲ませましょう」 | d. 「人工呼吸管理にしましょう」 | e. 「入院して経過をみましょう」,False,e,灯油誤飲の場合、嘔吐や胃洗浄は誤嚥による肺炎を引き起こすリスクがあるため避けるべきです。また、牛乳を飲ませることは、灯油の吸収を遅らせる効果はなく、誤った対応です。この男児は現時点で呼吸状態が安定しているため、即座に人工呼吸を行う必要はありません。したがって、入院して経過観察を行うことが最も適切な対応です。,0.9
119E37,"53歳の女性。脂質異常症と診断され、食事療法と運動療法を行っている。本日の外来までに2か月で体重は1kg減ったものの脂質異常は改善せず、担当医は患者と相談し脳血管障害を予防するために内服薬を開始することとした。患者は「脳卒中にはなりたくない。でも治療費はなるべく低く抑えたい。」と言っている。脂質異常症に対する内服薬の脳血管障害発症予防効果および年間薬剤費の表を示す。なお、脂質異常症に対する効果はいずれの内服薬も同程度とする。内服薬脳血管障害の発症率年間薬剤費110%減らす20,000円210%減らす12,000円310%減らす4,000円4不変20,000円5不変4,000円費用対効果の視点を踏まえて、この患者に開始する内服薬はどれか。 ",a. 1 | b. 2 | c. 3 | d. 4 | e. 5,False,c,"問題は、患者の脂質異常症に対する内服薬の脳血管障害発症予防効果と費用対効果を考慮した選択を求めています。抗体の利益と費用を比較すると、選択肢3（3番）は、10%の発症率を減らしながら4,000円で最も低い年間薬剤費を提供します。患者は治療費をできるだけ抑えたいと望んでおり、選択肢3は、予防効果を保持しながら最もコストパフォーマンスに優れています。したがって、選択肢3が最も適しています。",1.0
119E38,1歳の男児。全身の皮疹を主訴に母親に連れられて来院した。2週間前に感冒様症状があり、その後、感冒様症状は改善したが、1週間前から下肢の皮疹が出現した。2日前から全身に皮疹を認めるようになったため受診した。腹痛および関節痛は認めない。関節内出血や筋肉内出血の既往はない。家族歴に特記すべきことはない。身長80cm、体重10kg。体温36.5℃。脈拍120/分、整。呼吸数32/分。顔色良好、眼瞼結膜と眼球結膜とに異常を認めない。咽頭に発赤を認めない。頸部リンパ節を触知しない。心音と呼吸音とに異常を認めない。腹部は平坦、軟で、肝·脾を触知しない。皮疹は上からガラス板で圧迫しても退色しない。頰部、腹部および左下腿の皮疹の写真(別冊No.5A~C)を別に示す。予想される血液検査値はどれか。 ,a. PT延長 | b. APTT延長 | c. 血小板数低値 | d. Dダイマー高値 | e. フィブリノゲン低値,True,c,圧迫しても退色しない皮疹は紫斑を示唆し、突発的に現れる血小板数低下が考えられる。血小板減少性紫斑病（itp）が疑われる。,0.9
119E39,65歳の女性。めまいを主訴に来院した。今朝、起床時に寝返りを打ったところ天井がぐるぐる回り、悪心を伴ったため、ベッド上で安静にしていた。めまいと悪心は1分程度で消失した。その後、朝食の準備中に振り向いた際に同様のめまいと悪心が再び出現したため、心配になり受診した。安静時のめまいはない。頭痛、耳鳴および難聴はない。意識は清明。体温36.5℃。脈拍72/分、整。血圧122/76mmHg。神経診察で異常を認めない。良性発作性頭位めまい症の診断予測スコアを表1に、その診断スコア合計点別の尤度比を表2に示す。表1良性発作性頭位めまい症の診断予測スコア項目スコアめまいの持続時間2分以内1寝返りで誘発される2安静時にめまいがある-1表2診断スコア合計点別の尤度比スコア合計陽性尤度比-1点0.10点0.21点1.32点2.83点6.8この患者における良性発作性頭位めまい症の事前確率が40%である場合、この患者における良性発作性頭位めまい症の事後確率に最も近いのはどれか。 ,a. 8% | b. 19% | c. 47%165% | e. 82%,False,c,この患者は、めまいの持続時間が2分以内で寝返りで誘発される点から診断予測スコアが3点になる。表2で3点に対応する陽性尤度比は6.8です。事前確率が40%の場合、事後確率はベイズ定理に基づいて計算します。3つの選択肢の中で最も近いのはc. 47%です。,0.9
119E40,48歳の女性。腰痛と両下肢痛を主訴に来院した。昨日の朝、ごみ出しをした後から腰痛が出現し、両下肢にも痛みとしびれがみられた。市販の鎮痛薬を内服して様子をみていた。今朝1ベッドから起き上がるときに痛みが増強した。また、2今朝から尿が出にくくなった。3最近顔がほてったりする。48年前に子宮頸癌に対する手術を受けた。喫煙歴はない。飲酒は夫と週にワイン1本を飲む。5この1年間で体重が4kg増加した。意識は清明。身長152cm、体重68kg。体温36.8℃。脈拍80/分、整。血圧124/76mmHg。呼吸数22/分。SpO298%(roomair)。頭頸部と胸腹部に異常を認めない。肛門括約筋の収縮は減弱している。両側足関節底屈筋力の低下を認める。会陰部に知覚障害がある。腰部に強い痛みがあり、両臀部から大腿後面にかけて強い痛みとしびれを認める。上肢腱反射は正常。下肢では両側のアキレス腱反射が減弱している。下線部の病歴のうち、緊急性が高いのはどれか。 ,a. 1 | b. 2 | c. 3 | d. 4 | e. 5,False,b,尿が出にくくなったこと（選択肢b）は、尿路の急性の問題や神経学的問題（例えば、馬尾症候群など）の兆候となり得ます。馬尾症候群は緊急手術が必要なことが多いため、緊急性が高い問題です。,0.95
119E41,52歳の女性。腹部造影CT検査のために来院した。現病歴:2週間前の健康診断で実施された腹部超音波検査で肝臓の結節性病変を指摘されたため、精査目的で受診した。医師から造影CT検査について説明を受け、静脈路確保後に腹部造影CT検査が施行された。造影CT検査前の意識は清明で、バイタルサインに異常は認めなかったが、検査を終了してから5分後に息苦しさと気分不快が出現した。既往歴:脂質異常症で食事療法を行っている。生活歴:会社で事務職をしている。夫と2人暮らし。喫煙歴はない。飲酒は機会飲酒。ペットは飼育していない。家族歴:父が肺癌。現症:意識レベルはJCSⅡ-10。身長160cm、体重56kg。体温35.0℃。脈拍112/分、整。血圧76/48mmHg。呼吸数28/分。SpO296%(roomair)。毛細血管再充満時間は3秒である。冷感と皮膚の湿潤を認める。眼瞼結膜と眼球結膜とに異常を認めない。顔面に浮腫、胸腹部に発赤と腫脹を認める。心音に異常を認めない。発声は可能であるが、吸気性喘鳴を認める。 ,a. アドレナリン | b. アトロピン | c. グルココルチコイド | d. グルコン酸カルシウム | e. ジアゼパム,False,a,患者は造影ct検査後に短時間で息苦しさや気分不快を訴え、低血圧、頻脈、呼吸困難、発赤と腫脹、皮膚の湿潤などのアナフィラキシー反応の特徴を示している。こうした場合、緊急治療としてアドレナリンの投与が最も適切であるため、a. アドレナリンを選択する。,0.9
119E42,52歳の女性。腹部造影CT検査のために来院した。現病歴:2週間前の健康診断で実施された腹部超音波検査で肝臓の結節性病変を指摘されたため、精査目的で受診した。医師から造影CT検査について説明を受け、静脈路確保後に腹部造影CT検査が施行された。造影CT検査前の意識は清明で、バイタルサインに異常は認めなかったが、検査を終了してから5分後に息苦しさと気分不快が出現した。既往歴:脂質異常症で食事療法を行っている。生活歴:会社で事務職をしている。夫と2人暮らし。喫煙歴はない。飲酒は機会飲酒。ペットは飼育していない。家族歴:父が肺癌。現症:意識レベルはJCSⅡ-10。身長160cm、体重56kg。体温35.0℃。脈拍112/分、整。血圧76/48mmHg。呼吸数28/分。SpO296%(roomair)。毛細血管再充満時間は3秒である。冷感と皮膚の湿潤を認める。眼瞼結膜と眼球結膜とに異常を認めない。顔面に浮腫、胸腹部に発赤と腫脹を認める。心音に異常を認めない。発声は可能であるが、吸気性喘鳴を認める。 経過観察のために入院となったが、症状は消失し、翌日に退院した。入院中に病歴を再度聴取したところ、以前にヨード造影剤を静注した際に気分不快が出現したことが判明した。この患者における有害事象の再発防止に必要なのはどれか。 ,a. クリニカルパスを作成する。 | b. 医療事故調査制度を利用する。 | c. 医療安全支援センターを利用する。 | d. 使用した造影剤の製薬会社に報告する。 | e. 患者の診療録上の所定の位置に有害事象を記録する。,False,e,この患者はヨード造影剤に対する過敏反応を示しています。この事実を診療録に記録することで、将来同様の造影剤を使用する際に医療スタッフが注意を払えるようになります。これが再発防止に直接的に役立ちます。,0.9
119E43,"74歳の女性。感冒様症状を主訴に来院した。現病歴:現在、医療機関に通院していない。2週間前から、微熱と咳嗽が続き、①*食欲が低下*している。市販の感冒薬を服用したが、改善しないため受診した。既往歴:小学生の時に気管支喘息、22歳時に虫垂炎、54歳時に胆石症、68歳時に脊椎圧迫骨折、70歳時に悪性リンパ腫。生活歴:喫煙歴と飲酒歴はない。家族歴:母は乳癌で死亡。現症:意識は清明。身長160cm、体重58kg。体温36.3℃。脈拍84/分、整。血圧120/78mmHg。呼吸数20/分。SpO286%(roomair)。眼瞼結膜と眼球結膜とに異常を認めない。②*頸静脈の怒張*を認める。頸部リンパ節を触知しない。心音に異常を認めない。③*両肺野にcoarse cracklesを聴取*する。腹部は腸雑音に異常を認めない。④*肋骨弓下に肝を1cm触知する*。⑤*両下肢に圧痕性の浮腫*を認める。検査所見:尿所見:蛋白(一)、糖(一)、ケトン体(一)、潜血(一)、沈渣に異常を認めない。血液所見:赤血球454万、Hb13.2g/dL、Ht42%、白血球7,000、血小板18万、Dダイマー2.6μg/mL(基準1.0以下)。血液生化学所見:アルブミン3.9g/dL、総ビリルビン1.2mg/dL、AST24U/L、ALT18U/L、LD182U/L(基準124~222)、CK62U/L(基準41~153)、尿素窒素14mg/dL、クレアチニン0.9mg/dL、尿酸6.9mg/dL、血糖84mg/dL、HbAlc5.8%(基準4.9~6.0)、卜リグリセリド74mg/dL、HDLコレステロール36mg/dL、LDLコレステロール76mg/dL、Na132mEq/L、K4.0mEq/L、BNP356pg/mL(基準18.4以下)。CRP0.3mg/dL。心電図に異常を認めない。胸部エックス線写真で心胸郭比56%、軽度のうっ血を認める。心エコー検査で左室駆出率32%であった。 下線部のうち、左心不全に特徴的な徴候はどれか。 ",a. ① | b. ② | c. ③ | d. ④ | e. ⑤,False,c,左心不全の特徴的な徴候として、両肺野のcoarse crackles（ラ音）が挙げられます。これは、左心不全により肺に水がたまり、肺水腫や肺うっ血が生じることで聞かれる音です。頸静脈怒張や下肢浮腫は右心不全に特徴的です。,0.9
119E44,"74歳の女性。感冒様症状を主訴に来院した。現病歴:現在、医療機関に通院していない。2週間前から、微熱と咳嗽が続き、1食欲が低下している。市販の感冒薬を服用したが、改善しないため受診した。既往歴:小学生の時に気管支喘息、22歳時に虫垂炎、54歳時に胆石症、68歳時に脊椎圧迫骨折、70歳時に悪性リンパ腫。生活歴:喫煙歴と飲酒歴はない。家族歴:母は乳癌で死亡。現症:意識は清明。身長160cm、体重58kg。体温36.3℃。脈拍84/分、整。血圧120/78mmHg。呼吸数20/分。SpO286%(roomair)。眼瞼結膜と眼球結膜とに異常を認めない。2頸静脈の怒張を認める。頸部リンパ節を触知しない。心音に異常を認めない。3両肺野にcoarse cracklesを聴取する。腹部は腸雑音に異常を認めない。4肋骨弓下に肝を1cm触知する。5両下肢に圧痕性の浮腫を認める。検査所見:尿所見:蛋白(一)、糖(一)、ケトン体(一)、潜血(一)、沈渣に異常を認めない。血液所見:赤血球454万、Hb13.2g/dL、Ht42%、白血球7,000、血小板18万、Dダイマー2.6μg/mL(基準1.0以下)。血液生化学所見:アルブミン3.9g/dL、総ビリルビン1.2mg/dL、AST24U/L、ALT18U/L、LD182U/L(基準124~222)、CK62U/L(基準41~153)、尿素窒素14mg/dL、クレアチニン0.9mg/dL、尿酸6.9mg/dL、血糖84mg/dL、HbAlc5.8%(基準4.9~6.0)、卜リグリセリド74mg/dL、HDLコレステロール36mg/dL、LDLコレステロール76mg/dL、Na132mEq/L、K4.0mEq/L、BNP356pg/mL(基準18.4以下)。CRP0.3mg/dL。心電図に異常を認めない。胸部エックス線写真で心胸郭比56%、軽度のうっ血を認める。心エコー検査で左室駆出率32%であった。 薬剤性の心筋障害を疑った場合、既往歴のうち特に詳細に聴取すべき病歴はどれか。 ",a. 気管支喘息 | b. 虫垂炎 | c. 胆石症 | d. 脊椎圧迫骨折 | e. 悪性リンパ腫,False,e,悪性リンパ腫の治療で用いられる化学療法薬の一部には、心筋に影響を与えるものがあります。この患者は70歳で悪性リンパ腫を患っており、その治療履歴が心筋障害の原因となっている可能性がありますので、特に詳細に聴取すべきです。,0.9
119E45,"32歳の男性。腹痛を主訴に来院した。現病歴:本日起床時から腹痛が出現した。悪心を伴い朝食を食べられなかった。出社時間となっても症状が改善しないため受診した。既往歴:小学生時に気管支喘息のため吸入薬を使用していた。生活歴:広告会社で勤務している。喫煙は10本/日を10年間。飲酒は機会飲酒。4年前に結婚し、妻と1歳の男児の3人暮らし。3年前から猫を2匹飼っている。海外渡航歴はない。家族歴:父が60歳時に胃癌で手術。母が糖尿病で服薬治療中。現症:身長178cm、体重68kg。体温37.3℃。脈拍72/分、整。血圧132/78mmHg。眼瞼結膜と眼球結膜とに異常を認めない。甲状腺と頸部リンパ節を触知しない。心音と呼吸音とに異常を認めない。腹部は平坦。腸雑音はやや亢進している。肝·脾を触知しない。腹部正中に軽度の圧痛を認める。下腿に浮腫を認めない。検査所見:尿所見:蛋白(一)、糖(一)、ケトン体1+、潜血(一)、沈渣に白血球を認めない。血液所見:赤血球488万、Hb14.6g/dL、Ht44%、白血球12,300、血小板21万。血液生化学所見:総蛋白7.6g/dL、アルブミン3.9g/dL、総ビリルビン0.9mg/dL、AST28U/L、ALT16U/L、LD177U/L(基準124~222)、ALP83U/L(基準38~113)、r-GT32U/L(基準13~64)、アミラーゼ50U/L(基準44~132)、CK60U/L(基準59~248)、尿素窒素19mg/dL、クレアチニン0.9mg/dL、尿酸6.2mg/dL、血糖98mg/dL、Na134mEq/L、K4.4mEq/L、C198mEq/L。CRP1.6mg/dL。 検査結果を説明後に、患者から「幼い子供がいるので、うつる病気かどうか心配です」と発言があった。この発言に対する適切な問診はどれか。 a「夜は眠れますか」 b「便秘はありますか」 c「おなかの張りはありますか」 d「手足のしびれはありますか」 e「周りに同じ症状の人はいますか」 ",,False,e,患者が「幼い子供がいるので、うつる病気かどうか心配」しているため、感染症の可能性を考慮する必要があります。そのため、同じ症状を有する人が周りにいるかどうかを確認することが重要です。質問eがこの目的に最も適しています。,0.9
119E46,"32歳の男性。腹痛を主訴に来院した。現病歴:本日起床時から腹痛が出現した。悪心を伴い朝食を食べられなかった。出社時間となっても症状が改善しないため受診した。既往歴:小学生時に気管支喘息のため吸入薬を使用していた。生活歴:広告会社で勤務している。喫煙は10本/日を10年間。飲酒は機会飲酒。4年前に結婚し、妻と1歳の男児の3人暮らし。3年前から猫を2匹飼っている。海外渡航歴はない。家族歴:父が60歳時に胃癌で手術。母が糖尿病で服薬治療中。現症:身長178cm、体重68kg。体温37.3℃。脈拍72/分、整。血圧132/78mmHg。眼瞼結膜と眼球結膜とに異常を認めない。甲状腺と頸部リンパ節を触知しない。心音と呼吸音とに異常を認めない。腹部は平坦。腸雑音はやや亢進している。肝·脾を触知しない。腹部正中に軽度の圧痛を認める。下腿に浮腫を認めない。検査所見:尿所見:蛋白(一)、糖(一)、ケトン体1+、潜血(一)、沈渣に白血球を認めない。血液所見:赤血球488万、Hb14.6g/dL、Ht44%、白血球12,300、血小板21万。血液生化学所見:総蛋白7.6g/dL、アルブミン3.9g/dL、総ビリルビン0.9mg/dL、AST28U/L、ALT16U/L、LD177U/L(基準124~222)、ALP83U/L(基準38~113)、r-GT32U/L(基準13~64)、アミラーゼ50U/L(基準44~132)、CK60U/L(基準59~248)、尿素窒素19mg/dL、クレアチニン0.9mg/dL、尿酸6.2mg/dL、血糖98mg/dL、Na134mEq/L、K4.4mEq/L、C198mEq/L。CRP1.6mg/dL。 外来受診後、自宅で安静にしていたが、夕方になり腹痛が増悪したため再受診した。腹痛の部位が移動し、右下腹部に圧痛を認めた。この患者に認める可能性の高い所見はどれか。 ",a. 黄疸 | b. 下血 | c. 波動 | d. 金属音 | e. 反跳痛,False,e,患者の症状と経過から、急性虫垂炎（いわゆる盲腸炎）の可能性が高いと考えられる。典型的な症状として、移動性の右下腹部痛と圧痛があり、反跳痛（blumberg徴候）もよく見られる所見です。他の選択肢（黄疸、下血、波動、金属音）は急性虫垂炎と一致しないため、反跳痛が最も可能性が高いと判断しました。,0.9
119E47,"75歳の女性。呼吸困難を主訴に救急車で搬入された。現病歴:8年前に認知症と診断され、現在は直前の出来事も記憶していない。1週間前から咳嗽が増加し、市販の咳止めを内服したが改善しなかった。昨夜から呼吸困難が強くなり、喘鳴が家族にも聴取できるようになった。かかりつけ医に処方されていた吸入薬を使用したが今朝になっても改善しないため、家族が救急車を要請した。既往歴:認知症のほかに、40歳時から気管支喘息で発作時の吸入薬を処方されている。生活歴:喫煙歴と飲酒歴はない。家族歴:父が80歳時に脳梗塞で死亡。母が65歳時に胃癌で死亡。現症:ベッド上で仰臥位となっている。会話は可能だが見当識に関連する質問には回答できない。身長143cm、体重46kg。体温36.6℃。心拍数92/分、整。血圧146/68mmHg。呼吸数20/分。SpO299%(マスク5L/分酸素投与下)。頸静脈の怒張を認めない。口腔内と咽頭とに異常を認めない。両側全肺野で呼気時にwheezesを聴取する。腹部は平坦、軟で、肝·脾を触知しない。四肢に浮腫を認めない。検査所見:尿所見:蛋白(一)、糖(一)、ケトン体(一)、潜血(一)。血液所見:赤血球452万、Hb13.8g/dL、Ht41%、白血球5,440(好中球43%、好酸球12%、好塩基球1%、単球6%、リンパ球38%)、血小板21万。血液生化学所見:総蛋白7.3g/dL、アルブミン3.7g/dL、総ビリルビン0.5mg/dL、直接ビリルビン0.1mg/dL、AST19U/L、ALT10U/L、LD230U/L(基準124~222)、CK40U/L(基準41~153)、尿素窒素10mg/dL、クレアチニン0.6mg/dL、尿酸5.3mg/dL、血糖98mg/dL、Na139mEq/L、K4.2mEq/L、Cl106mEq/L、Ca8.9mg/dL、P4.0mg/dL.CRP0.4mg/dL。動脈血ガス分析(マスク5L/分酸素投与下):pH7.46、PaCO231Torr、PaO292Torr、HCO3-21mEq/L。心電図で異常を認めない。胸部エックス線写真で異常を認めない。 この患者の前腕から静脈投与を行う。静脈留置針の自己抜去を防ぐために行う対応で適切なのはどれか。 ",a. 薬剤は持続点滴で投与する。 | b. 両上肢を抑制帯で固定する。 | c. できるだけ太い留置針を用いる。 | d. 夜間も患者周囲の照明をできるだけ明るくする。 | e. 患者から見えないように寝衣の袖の中に点滴ルートを通す。,False,e,認知症患者では、静脈留置針の自己抜去を防ぐために、視覚的な刺激を減らすことが有効です。寝衣の袖の中に点滴ルートを通すことにより、患者から点滴が見えにくくなり、自己抜去のリスクを減らすことができます。この方法は拘束を避けながら安全を図るために適切です。,0.9
119E48,"75歳の女性。呼吸困難を主訴に救急車で搬入された。現病歴:8年前に認知症と診断され、現在は直前の出来事も記憶していない。1週間前から咳嗽が増加し、市販の咳止めを内服したが改善しなかった。昨夜から呼吸困難が強くなり、喘鳴が家族にも聴取できるようになった。かかりつけ医に処方されていた吸入薬を使用したが今朝になっても改善しないため、家族が救急車を要請した。既往歴:認知症のほかに、40歳時から気管支喘息で発作時の吸入薬を処方されている。生活歴:喫煙歴と飲酒歴はない。家族歴:父が80歳時に脳梗塞で死亡。母が65歳時に胃癌で死亡。現症:ベッド上で仰臥位となっている。会話は可能だが見当識に関連する質問には回答できない。身長143cm、体重46kg。体温36.6℃。心拍数92/分、整。血圧146/68mmHg。呼吸数20/分。SpO299%(マスク5L/分酸素投与下)。頸静脈の怒張を認めない。口腔内と咽頭とに異常を認めない。両側全肺野で呼気時にwheezesを聴取する。腹部は平坦、軟で、肝·脾を触知しない。四肢に浮腫を認めない。検査所見:尿所見:蛋白(一)、糖(一)、ケトン体(一)、潜血(一)。血液所見:赤血球452万、Hb13.8g/dL、Ht41%、白血球5,440(好中球43%、好酸球12%、好塩基球1%、単球6%、リンパ球38%)、血小板21万。血液生化学所見:総蛋白7.3g/dL、アルブミン3.7g/dL、総ビリルビン0.5mg/dL、直接ビリルビン0.1mg/dL、AST19U/L、ALT10U/L、LD230U/L(基準124~222)、CK40U/L(基準41~153)、尿素窒素10mg/dL、クレアチニン0.6mg/dL、尿酸5.3mg/dL、血糖98mg/dL、Na139mEq/L、K4.2mEq/L、Cl106mEq/L、Ca8.9mg/dL、P4.0mg/dL.CRP0.4mg/dL。動脈血ガス分析(マスク5L/分酸素投与下):pH7.46、PaCO231Torr、PaO292Torr、HCO3-21mEq/L。心電図で異常を認めない。胸部エックス線写真で異常を認めない。 β2刺激薬の吸入を行ったが呼吸困難と喘鳴が改善しない。次に静脈内投与すべき薬剤はどれか。 aアトロピン bジアゼパム Cフロセミド dアドレナリン eグルココルチコイド ",,False,e,この患者は気管支喘息の急性増悪の疑いがあります。β2刺激薬の吸入で改善しないため、重症度を考慮して次に静脈内投与すべき薬剤はグルココルチコイドです。これは気道の炎症を抑えるためのもので、気管支喘息の重症増悪時に使用されます。他の選択肢は、症状改善に直結しないか、適応外です。,0.9
119E49,"17歳の男子。胸痛を主訴に来院した。現病歴:昨日午後、高校の授業中に左胸部痛と呼吸困難を自覚し、当院を受診し、胸部エックス線撮影を施行された。一旦帰宅したが、本日朝になっても軽度の左胸痛が持続するため、再度受診した。既往歴:特記すべきことはない。生活歴:両親、大学生の兄と同居。アレルギー歴はない。現症:意識は清明。身長182cm、体重66kg。体温36.5℃。脈拍80/分、整。血圧110/78mmHg。呼吸数18/分。SpO296%(roomair)。心音に異常を認めない。検査所見:血液所見:赤血球500万、Hb14.9g/dL、Ht45%、白血球8,300、血小板29万。血液生化学所見:AST21U/L、ALT18U/L、LD180U/L(基準124~222)。本日来院時の胸部エックス線写真(別冊No.6A)と胸部単純CT(別冊No.6B)とを別に示す。E49この患者でみられる所見はどれか。 ",a. 奇異呼吸 | b. 胸部握雪感 | c. 左上肢浮腫 | d. 左頭静脈怒張 | e. 左呼吸音減弱,True,e,若年男性での胸痛と呼吸困難、胸部エックス線とctの所見から、気胸が疑われます。気胸では、患側の呼吸音が減弱することがあります。,0.9
119E50,"17歳の男子。胸痛を主訴に来院した。現病歴:昨日午後、高校の授業中に左胸部痛と呼吸困難を自覚し、当院を受診し、胸部エックス線撮影を施行された。一旦帰宅したが、本日朝になっても軽度の左胸痛が持続するため、再度受診した。既往歴:特記すべきことはない。生活歴:両親、大学生の兄と同居。アレルギー歴はない。現症:意識は清明。身長182cm、体重66kg。体温36.5℃。脈拍80/分、整。血圧110/78mmHg。呼吸数18/分。SpO296%(roomair)。心音に異常を認めない。検査所見:血液所見:赤血球500万、Hb14.9g/dL、Ht45%、白血球8,300、血小板29万。血液生化学所見:AST21U/L、ALT18U/L、LD180U/L(基準124~222)。本日来院時の胸部エックス線写真(別冊No.6A)と胸部単純CT(別冊No.6B)とを別に示す。E49この患者でみられる所見はどれか。 昨日と本日の胸部エックス写真を比較して、大きな変化は認められなかった。適切な治療方針はどれか。 ",a. 抗菌薬投与 | b. 昇圧薬投与 | c. 外来で経過観察 | d. 気管支拡張薬吸入 | e. 緊急胸腔鏡下手術,True,c,患者は、若年男性で、突然の胸痛と軽度の呼吸困難を訴えていますが、バイタルサインは安定しており、胸部x線写真およびctに大きな異常は認められません。これらは通常、自然気胸の典型的な症状であり、軽度であれば外来での経過観察が適切です。,0.95
