question_number,question_text,choices,has_image,claude_answer,claude_explanation,claude_confidence,gpt-4o_answer,gpt-4o_explanation,gpt-4o_confidence,gemini_answer,gemini_explanation,o1_answer,o1_explanation,o1_confidence,o3-mini_answer,o3-mini_explanation,o3-mini_confidence,gemini_confidence
119F1,世界保健機関〈WHO〉の目的で正しいのはどれか。 ,a. 疾病の国際的伝播を最大限防止する。 | b. 人道的かつ秩序ある移住を推進する。 | c. 開発途上国の経済·社会の発展、生活水準を持続的に発展させる。 | d. 世界中の子供たちが「子供の基本的人権」を享受できるようにする。 | e. 人々が健全で活発な生活を送るために十分な量·質の食糧を供給する。,FALSE,a,whoの主要な目的は、国際的な公衆衛生の向上と疾病の予防・制御です。特に感染症の国際的な伝播を防止することは、whoの中核的な使命の一つです。他の選択肢は、iom（国際移住機関）、undp（国際連合開発計画）、unicef（国際連合児童基金）、fao（国際連合食糧農業機関）などの他の国際機関の主要な目的に該当します。,0.9,a,who（世界保健機関）の主な役割は、国際レベルで疾病の予防と健康の促進を図り、疾病の国際的伝播を防止することです。他の選択肢は、国際移住機関（iom）やユニセフ、faoなど他の国際機関の目的に関連しています。,1.0,a,WHOの目的は、国際保健に関する指導的役割を担い、疾病の国際的伝播を最大限に防止することである。他の選択肢は、WHOの直接的な目的とは言えない。,a,who は国際保健機関として感染症の拡大を防止するなど世界的な公衆衛生の向上を目的としているから。,0.9,a,whoは国際的な公衆衛生の向上を目的としており、疾病の国際的伝播の防止はその基本的な任務の一つであるため。その他の選択肢は、whoの主要な目的ではなく、他の国際機関の役割に該当する。,1.0,0.9
119F2,大腿静脈の周辺臓器の解剖で誤っているのはどれか。 ,a. 鼠径靱帯は坐骨結節に付着する。 | b. 鼠径靱帯の頭側には後腹膜腔がある。 | c. 縫工筋は大腿三角の一辺を構成する。 | d. 大腿静脈は大腿動脈の内側を走行する。 | e. 大腿神経は大腿動脈の外側を走行する。,FALSE,a,鼠径靱帯は上前腸骨棘から恥骨結節に付着するものであり、坐骨結節への付着は誤りです。他の選択肢は全て正しい解剖学的記述です。大腿三角の境界、血管・神経の位置関係、後腹膜腔との関係は全て適切に述べられています。,0.95,a,鼠径靱帯は坐骨結節に付着しない。鼠径靱帯は、上前腸骨棘から恥骨結節にかけて伸びる靱帯である。一方、坐骨結節は骨盤下部にあり、鼠径靱帯とは直接関係がない。,1.0,a,鼠径靱帯は上前腸骨棘と恥骨結節に付着する。坐骨結節に付着するのは坐骨神経が出入りする仙結節靱帯。,a,鼠径靱帯は上前腸骨棘から恥骨結節に付着し、坐骨結節には付着しないため。,1.0,a,鼠径靱帯は前上腸骨棘（asis）から恥骨結節に付着するため、坐骨結節に付着するとする選択肢aは誤っています。,1.0,1.0
119F3,正常新生児で正しいのはどれか。 ,a. 7頭身である。 | b. 胸式呼吸が主体である。 | c. 大泉門は生後1か月ごろ閉鎖する。 | d. 生理的体重減少は10%以下である。 | e. 生理的黄疸のピークは生後1~2日である。,FALSE,d,正常新生児について、以下の理由でdが正しいです：,0.9,d,正常新生児における生理的体重減少は通常10%以下であり、これは母乳やミルクの摂取が不十分な初期段階で一般的に見られる。その他の選択肢は正常新生児の典型的な特徴と一致しないため、dが正しいと考えられる。,0.9,d,生理的体重減少は出生体重の10%以下が正常範囲内です。新生児は8頭身に近く、腹式呼吸が主体です。大泉門は生後1歳半頃に閉鎖し、生理的黄疸のピークは生後3~5日です。,d,正常新生児の生理的体重減少は10％以下の範囲にとどまるから。,1.0,d,新生児では生理的体重減少は通常10%以下であるのが正常です。aは新生児は約4頭身程度であり、7頭身は成人の比率に近いです。bは新生児の呼吸は横隔膜運動が主体で、胸式呼吸ではありません。cの大泉門（前頭蓋門）は生後1か月で閉鎖せず、通常は12〜18か月までに閉じます。eは生理的黄疸のピークが生後1〜2日ではなく、一般的に生後3〜5日頃に現れます。,1.0,0.9
119F4,抗精神病薬の作用と関連しているのはどれか。 ,a. ドパミン受容体 | b. セロトニン受容体 | c. モノアミンオキシダーゼ | d. アセチルコリンエステラーゼ | e. ノルアドレナリントランスポーター,FALSE,a,抗精神病薬（特に定型抗精神病薬）は主にドパミンd2受容体の遮断作用により治療効果を発揮します。統合失調症の陽性症状は、中脳辺縁系のドパミン系の過剰活性が原因とされており、ドパミン受容体遮断がその治療の中心的なメカニズムとなっています。,0.9,a,抗精神病薬の主な作用はドパミン受容体の遮断であり、特にd2受容体との関連が強い。ドパミンの過剰活動が統合失調症の症状に関与しているため、ドパミン受容体の遮断が症状の改善に寄与する。,1.0,a,抗精神病薬は主にドパミン受容体遮断作用により効果を発揮する。,a,抗精神病薬は主にドパミンd₂受容体を遮断することで作用するため。,1.0,a,従来型の抗精神病薬は主にドパミンd2受容体を遮断することで効果を発揮するため。,1.0,1.0
119F5,遺伝子-環境交互作用の説明で正しいのはどれか。 ,a. 遺伝子と環境の影響が交互に出現する。 | b. 環境中の有害物質で遺伝子変異が起こる。 | c. 遺伝子組み換えの生物が環境に影響を与える。 | d. 遺伝子と環境のそれぞれが原因の疾患がある。 | e. 遺伝子の違いにより環境の健康への影響が異なる。,FALSE,e,遺伝子-環境交互作用とは、同じ環境要因でも個人の遺伝的背景によって、その影響の現れ方が異なる現象を指します。例えば、アルコールの代謝能力が遺伝的に異なることで、飲酒による健康影響が個人によって異なるといった現象がこれにあたります。他の選択肢は、遺伝子と環境の関係性を誤って解釈しているか、別の現象を説明しています。,0.9,e,遺伝子-環境交互作用とは、個体の遺伝的背景により環境要因の影響が変わる現象を指す。選択肢eはこの定義に合致しており、遺伝子的な違いが環境の健康への影響に違いをもたらすという意味で正しい。,0.9,e,遺伝子-環境交互作用とは、遺伝的な素質によって、環境要因に対する反応が異なることを指します。選択肢eがこの定義に最も合致します。,e,遺伝子の違いによって同じ環境要因でも生体への影響が異なることが遺伝子-環境交互作用の本質であるため。,1.0,e,遺伝子‐環境交互作用とは、遺伝子の違いによって同じ環境要因がもたらす健康影響が異なる現象を指すため。,1.0,1.0
119F6,副腎皮質と共通のホルモン合成酵素が存在するのはどれか。 ,a. 視床下部 | b. 下垂体 | c. 副甲状腺 | d. 副腎髄質 | e. 性腺,FALSE,e,副腎皮質と性腺は、どちらもステロイドホルモンを合成しており、コレステロールを基質として使用する共通の酵素系（p450scc、3β-hsd、p450c17など）を持っています。副腎皮質ではコルチゾールやアルドステロン、性腺では性ステロイドホルモン（テストステロン、エストロゲンなど）を合成します。,0.9,e,副腎皮質と性腺（精巣や卵巣）は、ステロイドホルモンの合成において共通の酵素を持っています。特に、コレステロールから生成される経路で、アンドロゲンやエストロゲンなどのステロイドホルモンが合成される際に共通の酵素が関与します。副腎髄質はカテコラミンを生成するため、この質問とは関係ありません。,0.9,e,副腎皮質と性腺はステロイドホルモンを産生する組織であり、コレステロールからプレグネノロンへの変換など、一部のホルモン合成酵素を共有している。,e,副腎皮質と性腺はいずれもステロイドホルモンを産生し、共通する合成酵素を有するため。,0.9,e,副腎皮質は副腎皮質ステロイド（グルココルチコイド、ミネラルコルチコイド、性腺ステロイド前駆体）を合成するための酵素群を有しており、同様の酵素は性腺でも性ホルモン合成に利用されるため。,1.0,0.9
119F7,保健医療に関する国際的な提言と内容の組合せで正しいのはどれか。 ,a. アデレード宣言あらゆる政策において健康を考慮する。 | b. アルマ·アタ宣言知りえた患者の秘密を尊重する。 | c. ジュネーブ宣言世界のすべての人に健康を届ける。 | d. ヘルシンキ宣言他の医師の意見を求める権利を認める。 | e. リスボン宣言倫理審査委員会を設置する。,FALSE,a,アデレード宣言（1988年）は、「すべての政策に健康の視点を」（health in all policies）という考え方を提唱し、あらゆる政策決定において健康への影響を考慮することを提言しました。他の選択肢は誤った組み合わせです。例えば、ヘルシンキ宣言は人を対象とする医学研究の倫理原則、リスボン宣言は患者の権利に関する宣言です。,0.9,a,アデレード宣言は、「あらゆる政策において健康を考慮する」ことを提唱しています。各選択肢を見ても、他の選択肢と提言の内容は一致していません。,0.9,a,アデレード宣言は、1988年にwhoが発表した健康増進に関する国際会議で採択されたもので、「健康を考慮する」という内容が正しい。,a,アデレード宣言は「すべての政策領域において健康を考慮する」ことを提唱しているため。,1.0,a,アデレード宣言は「健康をあらゆる政策で考慮する」という内容であり、他の選択肢はそれぞれ実際の宣言内容と一致しないため、正解は a となります。,1.0,1.0
119F8,職場で健康診断の実施が規定されているのはどれか。 ,a. 雇入時 | b. 退職した時 | c. 労働災害発生時 | d. 長時間労働した時 | e. 休職から復職した時,FALSE,a,労働安全衛生法第66条により、事業者は労働者を雇い入れる時に、健康診断を実施することが法律で義務付けられています。その他の選択肢は、状況に応じて健康診断が推奨または必要となる場合はありますが、法律で一律に義務付けられているわけではありません。,1.0,a,労働安全衛生法により、雇用主は雇入時に健康診断を実施することが規定されています。他の状況では法的に健康診断が必須とされているわけではありません。,0.9,a,労働安全衛生法により、雇入れ時の健康診断は義務付けられています。,a,雇入時健診は労働安全衛生法により実施が義務付けられているため。,1.0,a,労働安全衛生法により、雇入時の健康診断（雇入時健康診断）は明確に実施が義務付けられているため。他の選択肢は法令上の必須項目には含まれていません。,1.0,
119F9,"治療薬Aの疾患Bに対する治療効果を調べるための臨床試験を行った。疾患B患者を対象として、治療薬A投与群〈介入群〉とプラセボ投与群〈対照群〉にランダムに割り付けた。対象者数は240人で、治療効果を3日目症状消失率で比較検討した。得られた結果を表に示す。 対象者数: 介入群 120人, 対照群 120人 3日目症状消失率: 介入群 28%, 対照群 15%, P値 0.02 この臨床試験の統計解析手法はどれか。",a. t検定 | b. χ2検定 | c. 生存分析 | d. 線形回帰 | e. 比例ハザードモデル,FALSE,b,この問題では、2群間（介入群と対照群）の症状消失「率」（割合）を比較しています。2群間の割合の比較にはχ2検定が最適です。t検定は連続変数の比較、生存分析やハザードモデルは時間経過データの分析、線形回帰は変数間の関係性分析に使用されます。,0.9,b,この臨床試験の結果は3日目の症状消失率を介入群と対照群で比較しており、これはカテゴリカルデータ（消失したか消失していないか）を扱っています。こうした比率の差を比較するには、一般的にχ2検定が用いられます。p値からも群間の有意差を確認していますので、χ2検定が適切です。,0.9,b,症状消失率はカテゴリカルデータであり、2群間の割合の比較にはχ2検定が適切である。,b,2群の割合を比較しており、カイ二乗検定(χ2検定)が用いられるため。,1.0,b,この試験では、介入群と対照群で3日目の症状消失率という2群間の割合データを比較しており、カテゴリー変数の群間比較にはχ2検定が適用されるため。,1.0,1.0
119F10,国民生活基礎調査に含まれないのはどれか。 ,a. 医療 | b. 教育 | c. 所得 | d. 福祉 | e. 保健,FALSE,b,国民生活基礎調査は、厚生労働省が実施する調査で、世帯の所得、医療、福祉、保健、介護など国民の生活実態を把握するための調査です。教育に関する項目は、文部科学省が別途実施する学校基本調査などで扱われ、国民生活基礎調査の調査項目には含まれていません。,0.9,b,国民生活基礎調査は、日本の厚生労働省が行う、全国規模の調査で、主に健康、医療、福祉、所得、年金などの状況を把握するためのものです。教育に関する項目は通常含まれていません。,0.9,b,国民生活基礎調査は、保健、医療、福祉、所得等の国民生活の実態を把握するための調査であり、教育は含まれない。,b,国民生活基礎調査は主に所得、保健、医療、福祉に関する項目を扱うため、教育は含まれない。,0.9,b,国民生活基礎調査は、国民の生活状況を把握するために、医療、所得、福祉、保健などの各分野を調査項目としていますが、教育は対象に含まれていません。,1.0,0.9
119F11,原発巣コントロール良好な転移性脳腫瘍の治療で、定位放射線照射が適切なのはどれか。 ,a. 髄膜播種を伴う病変 | b. 脳ヘルニアを伴う病変 | c. 多数の病変(15個以上) | d. 薬物療法に高感受性の病変 | e. 小さい病変(最大径3cm以下),FALSE,e,定位放射線照射（srs）は、小さな病変（3cm以下）に最も適しています。これは、高精度な照射が可能で、周囲の正常組織への影響を最小限に抑えながら、効果的な治療が行えるためです。一方、髄膜播種、多発性病変（15個以上）、脳ヘルニアを伴う病変は、全脳照射や他の治療法が適しており、薬物療法に高感受性の病変は、まず薬物療法を優先すべきです。,0.9,e,定位放射線照射（ステレオタクティック放射線治療）は、小さい病変に対して効果的であるため、最大径3cm以下の小さい病変に対して適しています。他の選択肢は、定位放射線照射の適応ではないか、より効果的な治療法が存在するケースです。,0.9,e,定位放射線照射は、小さい病変に対して効果的である。髄膜播種、脳ヘルニア、多数の病変には適応とならない。薬物療法に高感受性の病変には、まず薬物療法を考慮する。,e,定位放射線照射は、3cm以下の小さな脳転移巣を対象とした場合に適応となりやすいため。,1.0,e,定位放射線照射は、原発巣コントロール良好な転移性脳腫瘍で、小さい病変（最大径3cm以下）に適応されるため。その他の選択肢は、病変数が多い、髄膜播種や脳ヘルニアなど、定位放射線照射の適応外となる。,1.0,0.9
119F12,乳癌術後の上肢リンパ浮腫に対する治療で適切なのはどれか。 ,a. 温熱療法 | b. 装具による固定 | c. 促通訓練 | d. 弾性着衣による圧迫 | e. 電気療法,FALSE,d,乳癌術後のリンパ浮腫に対する基本的な治療は、弾性着衣（弾性スリーブ）による圧迫療法です。これにより、組織間液の貯留を防ぎ、リンパ液の移動を促進します。温熱療法は血流を増加させ浮腫を悪化させる可能性があり、装具固定や促通訓練、電気療法は適切な治療法ではありません。,0.9,d,乳癌術後のリンパ浮腫の治療には、リンパの流れを促進するために弾性着衣や弾性包帯による圧迫療法が一般的に用いられています。他の選択肢である温熱療法や電気療法はリンパ浮腫には適さないとされています。装具による固定や促通訓練も一般的な方法ではありません。,0.9,d,乳癌術後の上肢リンパ浮腫に対する治療として、弾性着衣による圧迫が適切である。温熱療法は浮腫を悪化させる可能性があり、装具固定や促通訓練、電気療法はリンパ浮腫に対する直接的な治療効果は低い。,d,上肢リンパ浮腫の治療では弾性着衣による圧迫療法が標準的に行われるため。,1.0,d,乳癌術後の上肢リンパ浮腫の管理では、圧迫療法が中心的な治療法となる。弾性着衣による圧迫は、リンパ液の流れを促進し、不要な液体の貯留を防ぐため、最も適切な治療法とされる。,1.0,1.0
119F13,主要な曝露源が魚介類摂取であるのはどれか。 ,a. 鉛 | b. カドミウム | c. メチル水銀 | d. 塩化ビニルモノマー | e. テトラクロロエチレン,FALSE,c,メチル水銀は、環境中の無機水銀が微生物によって有機化されて生成され、食物連鎖を通じて魚介類に蓄積します。特に大型の魚類（マグロ、カジキなど）に高濃度で蓄積されるため、魚介類の摂取が人体への主要な曝露源となります。他の選択肢は主に工業製品や環境汚染による曝露が主要な経路です。,0.95,c,メチル水銀は、魚介類に蓄積されやすい重金属であり、特に大きな捕食魚に多く含まれることが知られています。他の選択肢（鉛、カドミウム、塩化ビニルモノマー、テトラクロロエチレン）は、主要な曝露源として魚介類は一般的ではありません。したがって、メチル水銀が魚介類摂取による主要な曝露源です。,0.9,c,メチル水銀は、食物連鎖を通じて魚介類に蓄積されやすく、主要な曝露源となる。,c,魚介類を通じて摂取される水銀はメチル水銀が主であるため。,1.0,c,メチル水銀は魚介類に蓄積しやすく、摂取による曝露が主な原因となるため。,1.0,1.0
119F14,皮膚の構造や機能で正しいのはどれか。 ,a. Merkel細胞は免疫担当細胞である。 | b. 皮脂の主成分はコレステロールである。 | c. チロシナーゼはメラニン生成に必須である。 | d. アポクリン汗腺の導管は表皮に直接開口する。 | e. ヘミデスモソームは表皮細胞間の接着に関わる。,FALSE,c,チロシナーゼはメラニン色素の生合成において、チロシンをdopaに、さらにdopaキノンに変換する重要な酵素であり、メラニン生成に必須です。他の選択肢は誤りです：merkel細胞は機械受容器、皮脂の主成分は中性脂肪、アポクリン汗腺は毛包に開口、ヘミデスモソームは基底細胞と基底膜の接着に関与します。,0.9,c,チロシナーゼはメラニンの生成に必要な酵素であり、皮膚の色素形成に重要な役割を担っています。他の選択肢は皮膚の構造や機能に誤りがあるため、正しくありません。例えば、merkel細胞は機械受容器であり、免疫担当細胞ではなく、ヘミデスモソームは表皮細胞と基底膜を接着するもので、細胞間の接着には関与しません。,1.0,c,チロシナーゼはメラニン合成の最初の段階である、チロシンからdopaquinoneへの変換を触媒する酵素であり、メラニン生成に必須である。,c,チロシナーゼはメラニン生成に必須であり、他の選択肢はいずれも誤りであるため。,1.0,c,チロシナーゼはメラニン生成に必須の酵素であり、正しいのはcのみです。aはmerkel細胞が触覚受容に関与するため誤り、bは皮脂の主成分が中性脂肪などでありコレステロールが主成分ではない、dはアポクリン汗腺の導管が毛包に開口するため誤り、eはヘミデスモソームが基底膜との接着に関与しており、表皮細胞間の接着にはデスモソームが関与するため誤りです。,1.0,0.9
119F15,医療保険はどれか。 ,a. 医療扶助 | b. 介護保険 | c. 国民年金 | d. 後期高齢者医療制度 | e. 労働者災害補償保険,FALSE,d,後期高齢者医療制度は、75歳以上の高齢者を対象とした医療保険制度です。医療扶助は生活保護の一部、介護保険は介護サービスのため、国民年金は年金制度、労災保険は労働災害に対する保険であり、純粋な医療保険ではありません。,0.9,d,医療保険とは、医療費の一部を保険で賄う制度のことを指します。選択肢の中で「後期高齢者医療制度」は医療保険制度の一部であり、高齢者の医療費を対象としています。他の選択肢は医療保険ではありません。,0.9,d,後期高齢者医療制度は、医療保険の一つです。医療扶助は生活保護法に基づく制度、介護保険は介護サービスを対象とする保険、国民年金は年金制度、労働者災害補償保険は労働災害に対する保険です。,d,後期高齢者医療制度は医療保険制度であるため。,1.0,d,後期高齢者医療制度は高齢者医療を対象とした医療保険制度であり、他の選択肢は医療扶助（生活保護の一部）、介護保険（長期介護サービス）、国民年金（年金制度）、労働者災害補償保険（労働災害補償）であり、医療保険としては該当しません。,1.0,1.0
119F16,B細胞の活性化に直接関与する細胞はどれか。 ,a. NK細胞 | b. ヘルパーT細胞 | c. マクロファージ | d. 制御性T細胞〈Treg> | e.細胞傷害性T細胞〈CTL〉,FALSE,b,ヘルパーt細胞（th細胞）は、b細胞の活性化に直接関与する主要な細胞です。特にth2細胞は、il-4やil-5などのサイトカインを分泌し、b細胞の抗体産生や分化を促進します。他の選択肢の細胞は、b細胞の活性化に直接的な役割を果たしません。,0.9,b,b細胞の活性化には、ヘルパーt細胞が関与しています。ヘルパーt細胞は、抗原提示細胞によりその抗原を認識した後、サイトカインを放出し、b細胞を活性化させるためのシグナルを提供します。他の選択肢はb細胞の活性化に直接関与しないため、答えはbです。,0.9,b,ヘルパーt細胞は、b細胞を活性化するために必要な共刺激シグナルを提供します。,b,b細胞はヘルパーt細胞との相互作用によって抗体産生能を獲得するため、ヘルパーt細胞が直接関与する。,1.0,b,ヘルパーt細胞はb細胞に対して抗原提示やサイトカイン分泌などを通じ、直接的にその活性化を促進するため。その他の選択肢はb細胞の直接の活性化には関与しない。,1.0,1.0
119F17,医科診療医療費が最も大きいのはどれか。 ,a. 呼吸器系の疾患 | b. 循環器系の疾患 | c. 精神及び行動の障害 | d. 内分泌、栄養及び代謝疾患 | e. 筋骨格系及び結合組織の疾患,FALSE,b,循環器系疾患（高血圧、心疾患、脳血管疾患など）は、長期的な治療が必要で、検査・治療に高額な医療機器を使用することが多く、また患者数も多いため、医科診療医療費の中で最も大きな割合を占めています。厚生労働省の統計でも、循環器系疾患の医療費は常にトップとなっています。,0.9,b,医療費に関しては循環器系の疾患が特に高額となることが多く、入院治療や手術、長期にわたる投薬などが関連しています。統計的に循環器疾患は医療費の大きな要因となっていることが多いです。,0.8,b,医科診療医療費は循環器系の疾患が最も大きい。,b,医療費統計上、循環器系疾患が医科診療医療費で最も大きな割合を占めるため。,1.0,b,日本における医科診療医療費のデータでは、循環器系の疾患は入院、外来診療、手術などの治療が頻繁かつ長期にわたり必要となるため、最も医療費がかさんでいます。,0.95,
119F18,保健所の業務で誤っているのはどれか。 ,a. 精神疾患の相談 | b. 医療機関への立入検査 | c. 身体障害者手帳の交付 | d. 人口動態統計に関する業務 | e. 結核発生時の接触者健康診断,FALSE,c,身体障害者手帳の交付は市区町村の業務であり、保健所の業務ではありません。保健所の主な業務は、公衆衛生の向上及び増進を図ることを目的とし、精神保健相談、医療機関の監視指導、感染症対策（結核を含む）、統計調査などを行います。,0.9,c,身体障害者手帳の交付は市町村の業務であって、保健所の業務ではありません。他の選択肢はすべて保健所が関与する業務です。,0.9,c,身体障害者手帳の交付は、市区町村の業務である。保健所は、精神保健、医療監視、感染症対策、人口動態統計など、より広域的な公衆衛生に関する業務を行う。,c,身体障害者手帳の交付は市町村の業務であり、保健所の業務ではないため。,1.0,c,身体障害者手帳の交付は、通常、各市町村の福祉担当部署が行う業務であり、保健所の業務には含まれないため。その他の選択肢は保健所が通常実施する業務である。,1.0,0.9
119F19,Which of the following isa target disease for neonatal screening using tandem massspectrometry? ,a. Wilson disease | b. Spinal muscular atrophy(SMA) | c. Methylmalonic acidemia(MMA) | d. Severe combined immunodeficiency(SCID) | e. Congenital cytomegalovirus infection(cCMV),FALSE,c,タンデム質量分析法(ms/ms)による新生児マススクリーニングは、アミノ酸代謝異常症、有機酸代謝異常症、脂肪酸代謝異常症などを対象としています。メチルマロン酸血症(mma)は有機酸代謝異常症の一つで、ms/msによるスクリーニング対象疾患です。他の選択肢の疾患は、それぞれ異なる検査方法でスクリーニングされます。,0.9,c,"methylmalonic acidemia (mma) is a metabolic disorder that is often included in newborn screening panels, especially those using tandem mass spectrometry, as it allows for the detection of abnormalities in metabolite levels. other conditions listed, while serious, are not commonly screened using this method.",0.9,c,タンデムマススクリーニングは、主に先天代謝異常症を対象としており、メチルマロン酸血症（mma）は代表的な疾患の一つです。wilson病、脊髄性筋萎縮症（sma）、重症複合免疫不全症（scid）、先天性サイトメガロウイルス感染症（ccmv）は、タンデムマススクリーニングの対象疾患ではありません。,c,メチルマロン酸血症は有機酸代謝異常症であり、タンデムマスによる新生児スクリーニングの対象です。,0.9,c,"tandem mass spectrometry is widely used in neonatal screening to detect metabolic disorders. methylmalonic acidemia is a metabolic disorder that can be screened by this method, while the other options require different screening techniques.",1.0,1.0
119F20,精神症状と障害される精神機能の組合せで正しいのはどれか。 ,a. 恐怖 - 思考 | b. 無為 - 意欲 | c. 離人症 - 発達 | d. 両価性 - 自我 | e. 学習障害 - 知能,FALSE,b,無為は意欲の低下や欠如を示す症状であり、意欲・動機づけの障害と直接的に関連しています。他の組み合わせは不適切で、例えば恐怖は感情の問題、離人症は自我意識の障害、両価性は意思の障害、学習障害は特定の学習能力の問題であり、示された精神機能との対応が正しくありません。,0.9,b,無為は意欲障害の一つで、行動を起こすための意欲が欠ける状態を指します。恐怖は主に情動に関連し、離人症は現実感の喪失、両価性は感情、学習障害は知能の問題に関連しますが、無為は意欲との組み合わせが正しいです。,1.0,b,無為とは、意欲の低下や欠如を指す精神症状である。,b,無為は意欲の障害にあたるため。,1.0,b,無為は意欲の低下を示すもので、精神症状として現れる際に障害される精神機能が意欲であるため、正しい組み合わせとなる。,1.0,1.0
119F21,従属人口指数の分母はどれか。 ,a. 総人口 | b. 年少人口 | c. 成人人口 | d. 老年人口 | e. 生産年齢人口,FALSE,e,従属人口指数は、年少人口（0-14歳）と老年人口（65歳以上）の合計を生産年齢人口（15-64歳）で割った値に100を掛けた指標です。したがって、分母は生産年齢人口（15-64歳）となります。,0.95,e,従属人口指数は、通常、年少人口（15歳未満）と老年人口（65歳以上）を、生産年齢人口（15歳から64歳）で割ったものです。このため、従属人口指数の分母は生産年齢人口になります。選択肢eが正しいです。,0.9,e,従属人口指数は、生産年齢人口に対する従属人口（年少人口と老年人口）の割合を示す指標であり、分母は生産年齢人口である。,e,従属人口指数は、生産年齢人口を分母とし、年少人口と老年人口を分子とするため。,1.0,e,従属人口指数は、従属人口（年少人口と老年人口）の数を生産年齢人口で割った比率であるため、生産年齢人口が分母となる。,1.0,1.0
119F22,我が国の最近5年間の年間総出生数に対する、母体年齢40歳以上の出生数の割合に最も近いのはどれか。,a. 1% | b. 6% | c. 16% | d. 26% | e. 36%,FALSE,b,日本の高齢出産の統計データによると、40歳以上の出産は近年増加傾向にあるものの、全出生数の約6-7%程度で推移しています。1%は低すぎ、16%以上は高すぎる数値であり、6%が最も実態に近い数値です。,0.9,b,我が国の最近の高齢出産の割合は増加していますが、40歳以上の母体による出生数は6%程度であることが過去のデータから推測されます。選択肢の中ではb. 6%が最も近いと考えられます。,0.8,b,40歳以上の出産は増加傾向にあるものの、総出生数に占める割合としてはまだ少数である。近年のデータから、6%が最も近いと考えられる。,b,我が国の最近の統計では、40歳以上の母親による出生割合はおよそ6%程度であるため。,0.9,b,日本の最近の統計では、母体年齢40歳以上の出生数は年間総出生数のおよそ6%前後となっているため。,1.0,0.9
119F23,求心性視野狭窄をきたす疾患はどれか。 ,a. うっ血乳頭 | b. 頭蓋咽頭腫 | c. 加齢黄斑変性 | d. 球後視神経炎 | e. 開放隅角緑内障,FALSE,e,開放隅角緑内障は、眼圧上昇により網膜神経節細胞が徐々に障害され、周辺部から求心性に視野が狭くなっていく特徴的な視野欠損パターンを示します。他の選択肢は、中心暗点（球後視神経炎）、中心視野障害（加齢黄斑変性）、両耳側半盲（頭蓋咽頭腫）、生理的暗点の拡大（うっ血乳頭）などの異なる視野障害パターンを示します。,0.9,d,求心性視野狭窄は、視神経に影響を及ぼす病態でよく見られます。球後視神経炎は視神経そのものの炎症であり、視野狭窄を引き起こすことがあり、求心性視野狭窄を特徴とすることがあります。他の選択肢はそれぞれ異なる視野障害のパターンを持つことが多いです。,0.8,b,求心性視野狭窄は、視交叉部を圧迫するような病変で生じやすい。頭蓋咽頭腫は鞍上部に発生しやすく、視交叉を圧迫して求心性視野狭窄をきたすことがある。,e,開放隅角緑内障は進行すると視野の周辺が狭くなり、求心性視野狭窄（いわゆるトンネルビジョン）を呈するため。,1.0,d,球後視神経炎は典型的に中心部の視野欠損、すなわち求心性視野狭窄を引き起こす。一方、うっ血乳頭は拡大した盲点、頭蓋咽頭腫は側半盲、開放隅角緑内障は初期には周辺が欠けるため、dが正しい。,1.0,0.8
119F24,精神運動興奮状態の患者に対して、精神保健指定医が行うことのできる行動の制限で誤っているのはどれか。 ,a. 隔離 | b. 身体拘束 | c. 退院の制限 | d. 面会の制限 | e. 処遇改善請求の制限,FALSE,e,処遇改善請求は患者の基本的人権に関わる重要な権利であり、精神保健指定医であっても制限することはできません。精神保健福祉法では、隔離、身体拘束、退院制限、面会制限などの行動制限は認められていますが、処遇改善請求の権利は患者の人権保護のために保障されている権利です。,0.95,e,精神保健指定医は、患者の安全を確保するために、一時的に隔離、身体拘束、退院制限、面会制限を行う権限がありますが、患者やその代理人が処遇改善を請求する権利を制限することはできません。したがって、eの「処遇改善請求の制限」が誤った選択肢です。,0.9,e,精神保健指定医は、精神保健及び精神障害者福祉に関する法律に基づき、患者の隔離、身体拘束、面会の制限などを行うことができますが、処遇改善請求の制限はできません。処遇改善請求は患者の権利として保障されており、制限することはできません。退院の制限は、要件を満たせば可能ですが、処遇改善請求の制限は認められていません。,e,処遇改善請求は患者の法的権利であり、これを制限することは認められていないため。,1.0,e,精神保健指定医が行える行動制限には、隔離、身体拘束、退院の制限、面会の制限といった患者の安全確保のための措置が含まれます。一方、処遇改善請求は患者や家族の権利であり、その制限を行うことはできません。,1.0,1.0
119F25,"The constitution of the world health organization <WHO> is shown below. ""Health is a state of complete physical, () and social well-being and not merely the absence of disease or infirmity."" Select the correct answer from below to complete the sentence. ",a. mental | b. spiritual | c. emotional | d. psychiatrice | e. psychological,FALSE,a,"whoの健康の定義は、""health is a state of complete physical, mental and social well-being...""が正しい定型句として広く知られています。この定義は1948年のwho憲章で採択され、現在も使用されている公式な定義です。""mental""が正しい用語であり、他の選択肢は使用されていません。",0.95,a,"the who's definition of health includes ""complete physical, mental, and social well-being,"" which makes ""mental"" the correct choice for completing the sentence.",1.0,a,"who憲章における健康の定義は「健康とは、身体的、精神的、社会的に完全に良好な状態であり、単に疾病または虚弱の absence ではない」とされています。よって、空欄に当てはまるのは ""mental""（精神的）です。",a,"who 憲章の健康の定義には「complete physical, mental and social well-being」とあるため。",1.0,a,"the who constitution defines health as ""a state of complete physical, mental and social well-being,"" making 'mental' the correct completion of the sentence.",1.0,1.0
119F26,早朝空腹時の主な血糖調節機構はどれか。 ,a. 肝臓でのブドウ糖放出 | b. 腎臓でのブドウ糖再吸収 | c. 脳でのブドウ糖取り込み | d. 骨格筋でのブドウ糖取り込み | e. 副腎での糖質ステロイド合成,FALSE,a,早朝空腹時（オーバーナイトファスト）の血糖維持は、主に肝臓での糖新生とグリコーゲン分解によるブドウ糖放出が担っています。この時期はグルカゴンが優位で、肝臓からのブドウ糖放出が血糖値を維持する最も重要な機構となります。他の選択肢は血糖調節に関与しますが、空腹時の主要な調節機構ではありません。,0.9,a,早朝空腹時の血糖値は主に肝臓からの糖新生とグリコーゲン分解によって調節されます。肝臓は血糖値を上昇させるためにブドウ糖を血流に放出します。他の選択肢は空腹時の主な血糖調節に直接関与していません。,0.9,a,早朝空腹時には、血糖値を維持するために肝臓がグリコーゲンを分解してブドウ糖を血中に放出する。これが主な血糖調節機構である。,a,早朝空腹時は肝臓によるグリコーゲン分解や糖新生によってブドウ糖が放出されることが主な血糖調節機構である。,1.0,a,早朝の空腹時には、血糖値を維持するために肝臓がグリコーゲン分解および糖新生を通じてブドウ糖を放出する機構が主要であるため。,1.0,1.0
119F27,地域包括支援センターの業務はどれか。 ,a. 高齢者虐待の防止 | b. 発達障害児の相談 | c. 地域住民のがん検診 | d. へき地医療対策の企画 | e. 通所リハビリテーションの提供,FALSE,a,地域包括支援センターは、高齢者の総合相談窓口として、主に介護予防、権利擁護（高齢者虐待の防止を含む）、包括的・継続的ケアマネジメント支援などを行う機関です。他の選択肢は、異なる機関や施設が担当する業務です。,0.9,a,地域包括支援センターの主な業務は高齢者を対象とした支援であり、その一環として高齢者虐待の防止が含まれています。他の選択肢は地域包括支援センターの業務には含まれません。,0.9,a,地域包括支援センターは高齢者虐待の防止を重要な業務として行っています。他の選択肢は地域包括支援センターの主な業務ではありません。,a,地域包括支援センターは、高齢者に関する総合的な支援を行い、高齢者虐待の防止に対応する業務を担っているため。,1.0,a,地域包括支援センターは高齢者の生活支援、介護予防、権利擁護等を目的としており、高齢者虐待の防止もその主要な業務の一つです。他の選択肢は対象外となります.,1.0,1.0
119F28,成人期に低身長をきたすのはどれか。2つ選べ。,a. Marfan症候群 | b. Turner症候群 | c. Kallmann症候群 | d. Prader-Willi症候群 | e. アロマターゼ欠損症,FALSE,bd,"turner症候群とprader-willi症候群は成人期の低身長を特徴とします。turner症候群は性染色体異常（45,x）により低身長を呈し、prader-willi症候群は成長ホルモン分泌不全により低身長となります。一方、marfan症候群は高身長、kallmann症候群は性腺機能低下が主症状で身長への影響は少なく、アロマターゼ欠損症は性ホルモンバランスの異常が主症状です。",0.9,bd,turner症候群（b）とprader-willi症候群（d）はどちらも低身長を特徴とする。turner症候群はx染色体の異常で、低身長は典型的な症状である。prader-willi症候群も成長ホルモン分泌不全により低身長をきたすことがある。marfan症候群（a）は通常、長身になる。kallmann症候群（c）は嗅覚障害と性腺機能低下を特徴とし、低身長とは直接関係がない。アロマターゼ欠損症（e）はエストロゲン合成が阻害され、多くの場合、骨成長障害を伴うが、低身長とは限らない。,0.9,bd,,bd,turner症候群はx染色体モノソミーにより低身長となり、prader-willi症候群は成長ホルモン不足などにより低身長を呈するため。,1.0,bd,turner症候群は女性の染色体異常により著しい低身長がみられ、prader-willi症候群は成長ホルモン欠乏を伴うため、成人期に低身長となる。その他の選択肢は、marfan症候群やアロマターゼ欠損症は高身長、kallmann症候群は低身長として特徴づけられない。,1.0,0.9
119F29,顔貌の特徴と疾患の組合せで正しいのはどれか。2つ選べ。,a. 下顎突出 - 先端巨大症 | b. 仮面様顔貌 - Parkinson病 | c. 眼球突出 - Sheehan症候群 | d. 眉毛脱失 - Cushing病 | e. 満月様顔貌 - Basedow病,FALSE,ab,,0.95,ab,下顎突出は、成長ホルモン過剰による先端巨大症で特徴的な顔貌であり、仮面様顔貌はparkinson病で認められることが多い。眼球突出はbasedow病（バセドウ病）で見られるが、sheehan症候群ではない。眉毛脱失はクッシング病ではなく甲状腺機能低下症でよく見られる。満月様顔貌はクッシング症候群で特徴的だが、basedow病ではない。,0.9,ab,,ab,下顎突出は先端巨大症、仮面様顔貌はparkinson病にそれぞれ特徴的であるため。,1.0,ab,下顎突出は先端巨大症における特徴の一つであり、また仮面様顔貌はparkinson病の代表的な所見であるため。その他の選択肢は疾患と顔貌の組み合わせが一致しない。,1.0,1.0
119F30,正期産児で、日齢0より日齢28で高値となるのはどれか。2つ選べ。,a. IgA | b. IgG | c. IgM | d. 白血球 | e. ヘモグロビン,FALSE,ac,新生児期の免疫グロブリンと血液成分の変化について：,0.9,ac,生後28日で高値になるものとして、igaとigmが考えられます。igaは出生時にはほとんど存在しませんが、外部の刺激によって徐々に産生されます。igmも免疫反応の初期に産生され、生育とともにその値が上昇します。iggは母体からの移行抗体が減少するため低下します。白血球やヘモグロビンは新生児期特有の変化がありますが、日齢28で必ずしも上昇するとは限りません。,0.8,ce,,ac,生後の新生児ではiggは母体由来であり時間とともに低下する。一方、igaとigmは生後の新生児自身の産生で上昇するため、日齢28で日齢0より高値となる。,0.9,ac,igaは母体からは移行しないため、出生時は極めて低く、生後間もなく新生児自身の産生が始まり、日齢28で上昇します。また、igmは胎児期より産生されるものの、抗原刺激等により生後の産生が増加するため、出生時よりも高くなります。一方、iggは母体由来で出生時に高く、その後低下、白血球やヘモグロビンは出生時に高値を示すため、該当しません。,0.95,0.9
119F31,医療計画において二次医療圏単位で基準病床数が設定されるのはどれか。2つ選べ。,a. 一般病床 | b. 結核病床 | c. 精神病床 | d. 療養病床 | e. 感染症病床,FALSE,ad,医療計画における基準病床数は、一般病床と療養病床については二次医療圏単位で設定され、その他の病床（結核、精神、感染症）は都道府県単位で設定されます。これは、一般病床と療養病床が地域における一般的な医療需要に対応するものであり、より地域密着型の医療提供体制が必要とされるためです。,0.9,ac,医療計画において、一般病床と精神病床は二次医療圏単位で基準病床数が設定される。この計画に基づいて、地域の医療提供体制を考慮し、適切な病床数を管理する目的がある。したがって、一般病床と精神病床を選びました。,0.9,ac,医療計画において、一般病床と精神病床は二次医療圏単位で基準病床数が設定される。結核病床、療養病床、感染症病床は都道府県単位で設定される。,ad,一般病床と療養病床は二次医療圏ごとに基準病床数が設定されるため。,1.0,ac,一般病床は急性期医療の中核をなす病床として、また精神病床は精神科医療の体制整備のため、いずれも二次医療圏単位で基準病床数が設定される対象となる。一方、結核病床、療養病床、感染症病床はそれぞれ別の制度や基準で計画されるため、今回の問題の条件には該当しない。,0.95,0.9
119F32,肝生検が診断に有用なのはどれか。2つ選べ。,a. Gilert症候群 | b. 肝外門脈閉塞症 | c. 自己免疫性肝炎 | d. Budd-Chiari症候群 | e. 非アルコール性脂肪性肝炎,FALSE,ce,自己免疫性肝炎（aih）と非アルコール性脂肪性肝炎（nash）は、肝生検が診断に重要な役割を果たします。aihでは特徴的な形質細胞浸潤やインターフェイス肝炎の所見が、nashでは脂肪化、炎症、線維化の程度を評価する必要があります。一方、gilbert症候群は遺伝子検査、肝外門脈閉塞症とbudd-chiari症候群は画像診断が主な診断手段となります。,0.9,ce,肝生検は、組織学的な診断が必要な疾患に有用です。自己免疫性肝炎（c）は肝生検で特徴的な所見を確認するために用いられます。また、非アルコール性脂肪性肝炎（e）も肝組織の状態を確認するために肝生検が有用です。一方、gilbert症候群（a）や肝外門脈閉塞症（b）、budd-chiari症候群（d）は、肝生検ではなく他の検査が診断に用いられることが多いです。,0.9,ce,肝生検は、肝組織の炎症や線維化の程度を評価するのに有用であり、自己免疫性肝炎の活動性や非アルコール性脂肪性肝炎の病期診断に役立つ。gilbert症候群は主に遺伝子検査で診断、肝外門脈閉塞症やbudd-chiari症候群は画像検査が有用である。,ce,自己免疫性肝炎と非アルコール性脂肪性肝炎は病理所見が診断に重要であり、肝生検が診断に有用となるため。,0.9,ce,自己免疫性肝炎と非アルコール性脂肪性肝炎では、肝生検により組織学的所見（例：インターフェース肝炎、脂肪沈着、炎症、線維化など）を確認することが診断上重要です。一方、gilbert症候群、肝外門脈閉塞症、budd‐chiari症候群は主に血液検査や画像診断で評価されるため、肝生検は必須ではありません。,1.0,0.9
119F33,高齢者の入院時の栄養評価で低栄養が疑われるのはどれか。2つ選べ。,a. 褥瘡 | b. 難聴 | c. 腰痛 | d. 高血圧 | e. 体重減少,FALSE,ae,高齢者の低栄養の主要な指標として、褥瘡の存在と体重減少が重要です。褥瘡は低栄養状態による組織の脆弱化を示し、体重減少は明確な栄養状態悪化のサインです。難聴、腰痛、高血圧は栄養状態との直接的な関連性が低い症状です。,0.9,ae,低栄養は体の機能に影響を及ぼし、体重減少や皮膚の健康状態に現れやすい。褥瘡（床ずれ）は、栄養不良時に皮膚の治癒能力が低下するため、低栄養の兆候の一つとして評価されることがあります。体重減少も直接的に低栄養と関連しています。他の選択肢は低栄養と直接的な因果関係は低いと考えられます。,0.95,ae,高齢者の低栄養は、褥瘡のリスクを高め、体重減少を引き起こす。難聴、腰痛、高血圧は直接的な指標とは言えない。,ae,褥瘡と体重減少は低栄養を示唆する指標となるため。,1.0,ae,高齢者の低栄養の評価では、褥瘡は栄養不足によって創の治癒が遅れることと関連し、また、体重減少は栄養状態の低下を直接示すため、これらの選択肢が適切です。,1.0,
119F34,アニオンギャップが開大する病態はどれか。3つ選べ。,a. 下痢 | b. 糖尿病ケトアシドーシス | c. 乳酸アシドーシス | d. 尿細管性アシドーシス | e. 尿毒症,FALSE,bce,アニオンギャップ開大性アシドーシスは、血中に測定されない陰イオンが増加する状態です。,0.9,bce,アニオンギャップが開大する病態に関して、糖尿病ケトアシドーシス（b）、乳酸アシドーシス（c）、尿毒症（e）は代表的な例です。これらの状態では、血中に酸性物質（ケトン体、乳酸等）が増えるため、アニオンギャップが開大します。一方、下痢（a）や尿細管性アシドーシス（d）は非アニオンギャップ性代謝性アシドーシスに分類されます。,0.9,bce,アニオンギャップは、na+ - (cl- + hco3-) で計算され、通常 8-16 meq/l です。アニオンギャップが開大する原因としては、ケトアシドーシス（糖尿病性、アルコール性）、乳酸アシドーシス、尿毒症（腎不全による硫酸、リン酸などの蓄積）が挙げられます。下痢はhco3-の喪失によりアニオンギャップが縮小します。尿細管性アシドーシスは、hco3-の再吸収障害やh+の排泄障害によりアシドーシスとなるが、アニオンギャップは正常範囲内であることが多いです。,bce,アニオンギャップが開大する代表的な病態は糖尿病ケトアシドーシス、乳酸アシドーシス、尿毒症の3つであるため。,1.0,bce,糖尿病ケトアシドーシス、乳酸アシドーシス、および尿毒症は、体内で有機酸が蓄積し、アニオンギャップが開大する病態です。一方、下痢および尿細管性アシドーシスは、主に塩基の喪失や塩類の補正による正常なアニオンギャップの代謝性アシドーシスを引き起こします。,1.0,1.0
119F35,医療機関での感染性廃棄物の処理で正しいのはどれか。3つ選べ。,a. 収納容器を満杯まで使用する。 | b. 収納容器を運搬する際は密閉する。 | c. 注射針を段ボール容器に廃棄する。 | d. 発生したその場で容器に収容する。 | e. 使用した舌圧子は処理の対象となる。,FALSE,bde,感染性廃棄物の適切な処理について：,0.9,bde,感染性廃棄物の処理においては、安全性を確保するため、以下の方法が推奨されます。bは感染防止のため、運搬中に収納容器を密閉することが重要です。dは感染性廃棄物を発生したその場で適切に容器に収容することで感染拡大を防ぎます。eは使用済みの舌圧子も感染性廃棄物となるため、適切な処理が必要です。aは事故を防ぐために容器を満杯にしないことが推奨され、cでは注射針を段ボール容器ではなく、専用のプラスチック製の容器に捨てることが推奨されているため、これらは不正解です。,0.9,bde,,bde,収納容器は運搬時に密閉し（b）、廃棄物は発生した場で適切に収容し（d）、唾液などで汚染された使用後の舌圧子も感染性廃棄物となる（e）。容器は満杯まで使わず（aは誤り）、注射針は段ボールではなく専用の容器に廃棄する（cは誤り）。,0.9,bde,,1.0,1.0
119F36,73歳の女性。左手関節痛を主訴に来院した。2時間前に自宅の玄関で転倒し、左手をついた際に痛みが出現した。左手関節に腫脹と圧痛を認める。左母指と示指の掌側にしびれと知覚鈍麻を認める。左手関節のエックス線写真(別冊No.1)を別に示す。障害されている神経はどれか。,a. 筋皮神経 | b. 後骨間神経 | c. 尺骨神経 | d. 正中神経 | e. 橈骨神経,TRUE,d,左母指と示指の掌側のしびれと知覚鈍麻は、正中神経の支配領域に一致します。また、手関節部での転倒による受傷は、正中神経が手根管内で圧迫される手根管症候群を引き起こす可能性が高く、症状と一致します。正中神経は母指から環指橈側の掌側の感覚を支配しているため、この症例の症状と合致します。,0.9,d,左母指と示指の掌側にしびれと知覚鈍麻を認めることから、正中神経が障害されている可能性が高いです。正中神経はこの部分の感覚を支配しています。,0.9,d,x線写真から、橈骨遠位端骨折（コーレス骨折）が考えられる。母指と示指の掌側のしびれと知覚鈍麻は正中神経支配領域であり、骨折による神経圧迫が疑われる。,d,母指と示指の掌側の知覚支配は正中神経領域であるため。,1.0,d,左母指と示指の掌側の感覚障害は正中神経の支配領域であり、転倒による手部外傷で手首周囲の骨折や変位が生じ、正中神経に影響を及ぼしたと考えられるため。,1.0,1.0
119F37,35歳の女性。挙児希望のため来院した。これまでに3回の妊娠歴があるが、いずれも胎児心拍確認後、妊娠6週、8週、7週で心拍が消失し流産した。不正性器出血はない。初経は13歳、月経周期28日型、整、持続5日間。内診で子宮は正常大で付属器を触知しない。次回妊娠に向けた検査で適切でないのはどれか。,a. 甲状腺機能検査 | b. 子宮頸管長測定 | c. 子宮卵管造影検査 | d. 抗リン脂質抗体測定 | e. カップルの染色体検査,FALSE,b,子宮頸管長測定は、主に妊娠中期以降の早産リスク評価に用いられる検査です。この症例は妊娠初期の習慣流産（3回連続の初期流産）であり、頸管長は関連性が低いです。一方、他の選択肢は習慣流産の原因検索として重要です：甲状腺機能異常、子宮形態異常、抗リン脂質抗体症候群、染色体異常はいずれも習慣流産の原因となり得るため、これらの検査は適切です。,0.9,b,子宮頸管長測定は、流産の原因となる子宮頸管無力症を疑う場合に行われますが、初期流産（心拍消失による流産）には関連しないため、適切ではありません。他の選択肢は流産の原因を探るために考えられる検査です。,0.9,b,反復流産の原因精査として、甲状腺機能検査、子宮卵管造影検査、抗リン脂質抗体測定、カップルの染色体検査は適切である。子宮頸管長測定は切迫早産の評価には有用だが、反復流産の原因精査としては優先度が低い。,b,流産が繰り返される原因精査としては、甲状腺機能や抗リン脂質抗体、染色体異常、子宮形態評価などが重要だが、初期流産の多くにおいて子宮頸管長測定は通常適切ではないため。,1.0,b,反復初期流産の原因評価では、内分泌異常（甲状腺機能検査）、抗リン脂質抗体症候群（抗リン脂質抗体測定）、および染色体異常（カップルの染色体検査）が主に検討されます。子宮卵管造影検査は子宮奇形の有無を評価するために用いられ得ますが、子宮頸管長測定は主に早産リスク評価に用いられる検査であり、本症例の初期流産には適していません。,0.95,0.9
119F38,"68歳の女性。腹膜炎の手術後でICUに入院中である。3日前に消化管穿孔による急性汎発性腹膜炎で緊急手術が行われた。術後は気管挿管されたままICUに入室し、人工呼吸管理を受けている。本日から呼吸状態が悪化し、気管からピンク色泡沫状の分泌物が吸引された。心拍数90/分、整。血圧124/84mmHg。動脈血ガス分析(FIO20.7,呼気終末陽圧〈PEEP〉5cmH2O):pH7.32、PaCO242Torr、PaO269Torr、HCO3-23mEq/L。胸部エックス線写真(別冊No.2)を別に示す。心エコー検査で左室駆出率60%、左室壁運動に異常を認めない。有意な弁膜症を認めない。診断はどれか。",a. 肺膿瘍 | b. 肺胞出血 | c. 心原性肺水腫 | d. 急性間質性肺炎 | e. 急性呼吸窮迫症候群〈ARDS〉,TRUE,e,この症例は急性呼吸窮迫症候群（ards）の典型的な経過を示しています。その根拠として：,0.9,e,ピンク色泡沫状分泌物はardsを示唆する可能性があり、心エコーで心原性の原因が否定されています。ardsの重症呼吸不全の特徴と一致します。,0.9,e,胸部エックス線写真で両肺にびまん性の浸潤影を認める。術後の腹膜炎からardsを発症した可能性が高い。心エコーで心機能が保たれていることから心原性肺水腫は否定的。,e,術後の全身炎症や呼吸不全の急速な悪化、左室機能正常（駆出率60%）で弁膜症もないことから、非心原性肺水腫であるardsが最も考えられるため。,0.9,e,患者は腹膜炎とその手術後の敗血症状態に伴い、非心原性肺水腫としてardsが発症するリスクが高い。また、心エコーで左室機能が正常であることから心原性肺水腫は否定され、急性間質性肺炎や肺膿瘍、肺胞出血の所見とも合致しないため。,1.0,0.9
119F39,58歳の男性。①*意識障害*のため救急車で搬入された。5年前に②*糖尿病*でインスリン自己注射を開始した。2年前から③*職場の人間関係が悪化*し、仕事を休みがちである。同時期から、④*食事は不規則*になり、飲酒量が増えた。また、糖尿病の治療を自己中断していた。数日前から姉との連絡が途絶えたため、姉が心配して自宅を訪ねたところ、意識がもうろうとして台所で倒れているのを発見し、救急車を要請した。16年前に離婚してからは独居である。意識レベルはJCSⅡ-20。身長174cm、体重58kg。体温37.0℃。心拍数92/分、整。血圧98/64mmHg。⑤*呼吸数24/分*。糖尿病ケトアシドーシスと診断され入院した。下線部のうち、社会的な健康規定要因(SocialDeterminants ofHealth)〈SDH〉はどれか。,a. ① | b. ② | c. ③ | d. ④ | e. ⑤,FALSE,c,社会的健康決定要因(sdh)とは、人々の健康状態に影響を与える社会的、経済的、環境的な要因を指します。この症例では、「職場の人間関係の悪化」が明確なsdhに該当します。これは労働環境という社会的要因であり、患者の生活習慣の乱れや治療中断につながった根本的な原因の一つとなっています。他の選択肢は、身体症状や生活習慣の結果であり、直接的なsdhには該当しません。,0.9,c,"社会的な健康規定要因(social determinants of health, sdh)は、個人の健康に影響を与える社会的経済状況や環境要因を指します。これらには、職場の人間関係や社会的サポート、教育、経済状況などが含まれます。選択肢の中では、職場の人間関係の悪化（③）は明らかに社会的な要因と関連しており、他の選択肢は身体的、医療的な要因です。したがって、正解はcです。",0.9,c,社会的な健康規定要因（sdh）は、個人の健康に影響を与える社会経済的条件や環境を指します。選択肢の中で、職場の人間関係の悪化は社会的な要因であり、個人の健康状態に影響を与える可能性があります。,c,職場の人間関係の悪化は社会環境要因として、健康状態に影響を及ぼす社会的な健康規定要因に該当するため。,0.9,c,「職場の人間関係が悪化」は、働く環境や人間関係といった社会環境の要因であり、社会的健康規定要因（sdh）に該当する。他の選択肢は、臨床症状や疾病、または個人の生活習慣に関するものである。,1.0,1.0
119F40,26歳の女性。臨床研修1年目の医師。針刺しによる刺創で受診した。HBs抗原陽性患者の手術の助手を務めている最中に受傷した。ただちに患部を流水で洗浄した後、救急外来を受診した。これまでにB型肝炎罹患歴はなく、4年前にHBワクチンの接種歴がある。入職時のHBs抗体価は十分に高かった。適切な対応はどれか。,a. 経過観察 | b. HBワクチン接種 | c. 核酸アナログ製剤投与 | d. 抗HBsヒト免疫グロブリン投与 | e. HBワクチン接種および抗HBsヒト免疫グロブリン投与,FALSE,a,この症例では、以下の理由から経過観察が適切です：,0.9,a,患者は過去にhbワクチンを接種していて、入職時のhbs抗体価も十分に高かったため、体内に十分な免疫があると考えられる。したがって、この場合は特別な治療や予防策をとる必要はなく、経過観察で対応するのが適切である。,0.9,a,既往歴がなく、hbワクチン接種歴があり、入職時のhbs抗体価も高かったことから、追加のワクチン接種やグロブリン投与は不要で、経過観察が適切である。,a,ワクチン既接種で十分な抗体価が確認されているため追加の予防措置は不要と考えられるため。,0.9,a,この患者は過去にhbワクチン接種を受け、入職時に十分なhbs抗体価が確認されているため、免疫が確立されています。針刺しやb型肝炎患者との接触後、十分な抗体がある場合は、追加のワクチン接種や免疫グロブリン投与は不要とされ、経過観察が適切な対応となります。,1.0,0.9
119F41,35歳の初妊婦(1妊0産)。妊娠34週4日、妊婦健康診査のため来院した。これまで定期的に妊婦健康診査を受けている。身長158cm、体重59kg(非妊時51kg)。血圧110/78mmHg。下腿に軽度の圧痕性浮腫を認める。腟鏡診で性器出血を認めない。腹部超音波検査では胎児発育と羊水量に異常を認めない。母子健康手帳の記載内容(別冊No.3A)と胎児心拍数陣痛図(別冊No.3B)とを別に示す。妊婦への説明で適切なのはどれか。,a. 「入院が必要です」 | b. 「血液検査が必要です」 | c. 「妊娠経過は順調です」 | d. 「塩分を制限しましょう」 | e. 「体重が過度に増加しています」,TRUE,c,この症例では、以下の所見がすべて正常範囲内です：,0.9,c,妊婦の状態は正常であり、検査結果にも異常がないため、「妊娠経過は順調です」という説明が適切です。他の選択肢は、現在の情報に基づくと必要ありません。,0.9,b,尿蛋白が陽性であるため、妊娠高血圧症候群の可能性を考慮して血液検査が必要である。,c,血圧が正常範囲であり、体重増加や浮腫、胎児心拍数陣痛図、超音波所見などからも異常所見はなく、妊娠経過は順調と判断できるため。,0.9,c,この35歳の初産婦は、34週4日の時点で定期検診の項目すべてが正常範囲内であり、血圧も正常、胎児の発育や羊水量にも問題がなく、軽度の下腿浮腫は後期妊娠でよく見られる生理的変化であるため、「妊娠経過は順調です」という説明が適切です。,1.0,0.9
119F42,40歳の男性。特定健康診査で肥満を指摘され来院した。仕事はデスクワークが主体で、運動はしていない。身長171cm、体重100kg。脈拍84/分、整。血圧146/94mmHg。呼吸数17/分。尿所見:蛋白1+、糖1+。血液生化学所見:総蛋白7.1g/dL、アルブミン3.9g/dL、AST75U/L、ALT26U/L、Y-GT89U/L(基準13~64)、尿素窒素21mg/dL、クレアチニン1.3mg/dL、尿酸8.9mg/dL、血糖148mg/dL、HbAlc6.7%(基準4.9~6.0)、トリグリセリド260mg/dL、HDLコレステロール41mg/dL、LDLコレステロール181mg/dL。体重の減量を目的とした食事指導を行った。食事摂取基準に基づいた指導内容で適切なのはどれか。,"a. 食塩相当量の摂取は15gとする。 | b. 総摂取エネルギー量は4,500k | c. alとする。c脂質の摂取は総摂取エネルギー量の20~30%とする。 | d. 蛋白質の摂取は総摂取エネルギー量の5~10%とする。 | e. 炭水化物の摂取は総摂取エネルギー量の30~40%とする。",FALSE,c,食事指導において、脂質の摂取は総摂取エネルギー量の20-30%が適切とされています。他の選択肢は以下の理由で不適切です：,0.9,c,減量やメタボリック症候群予防の栄養指導では、脂質の摂取割合を20～30%とするのが適切である。他の選択肢は食事摂取基準や一般的な健康指導に基づく数値から外れている。,0.9,c,脂質の摂取は総摂取エネルギー量の20~30%とすることが、食事摂取基準に基づいた適切な指導内容です。,c,脂質は総摂取エネルギー量の20〜30％とするのが一般的な推奨に合致するため。,1.0,c,日本人の食事摂取基準では、体重減少を目的とした場合でも脂質は総エネルギー量の約20～30%に抑えるよう指導するのが適切とされており、他選択肢は基準値と大きく乖離しているため。,1.0,1.0
119F43,"78歳の男性。右臀部周辺の痛みを主訴に来院した。1年前から前立腺癌に対しホルモン療法施行中である。3日前に旅行から帰宅後に右臀部の痛みと腫れを自覚した。痛みは徐々に右臀部全般に広がった。意識は清明。体温36.2℃。脈拍96/分、整。血圧102/68mmHg。呼吸数16/分。SpO298%(roomair)。右大腿から腰部にかけて紫斑を認める。心音と呼吸音とに異常を認めない。腹部は平坦、軟で、肝·脾を触知しない。右臀部は硬く腫脹し、圧痛を認める。血液所見:赤血球391万、Hb9.8g/dL、Ht32%、白血球7,950(好中球72%、好酸球1%、単球9%、リンパ球18%)、血小板35万。PT-INR1.0(基準0.9~1.1)、APTT72.4秒(基準対照32.2)、フィブリノゲン433mg/dL(基準186~355)、FDP14μg/mL(基準10以下)。血液生化学所見:総蛋白7.4g/dL、AST24U/L、ALT40U/L、LD218U/L(基準124~222)、尿素窒素10mg/dL、クレアチニン0.7mg/dL。CRP0.8mg/dL.臀部痛の原因はどれか。",a. 筋肉内出血 | b. 坐骨神経痛 | c. 腸腰筋膿瘍 | d. 大腿骨頭壊死症 | e. 変形性股関節症,FALSE,a,以下の理由から筋肉内出血が最も可能性が高いと判断しました：,0.9,a,患者はホルモン療法を受けている前立腺癌患者であり、旅行後に右臀部の広範な紫斑と硬さ、腫脹がみられます。血液検査ではapttの延長が認められ、これは凝固異常を示唆しています。これらの所見は筋肉内出血を示す典型的な状況であり、特に出血時間の延長や紫斑が特徴的です。他の選択肢は直ちにこれほどの出血を説明するには不適切です。,0.9,a,aptt延長と紫斑から出血傾向が考えられ、筋肉内出血が最も可能性が高い。前立腺癌のホルモン療法による影響も考慮される。,a,aptt の延長や臀部から腰部にかけての紫斑、硬く腫脹した圧痛部位から、筋肉内出血による痛みが最も考えられるため。,0.9,a,患者は前立腺癌の既往背景があり、ホルモン療法中と加え、急性に右臀部に痛みと腫脹（紫斑を伴う）を認め、かつapttが選択的に延長していることから、侵襲性のない筋肉内出血（獲得性血友病を含む）と考えられる。他の選択肢は、神経痛、感染症、壊死、変形性の慢性疾患であり、本症例の所見とは一致しない。,1.0,0.9
119F44,15歳の女子。定期受診で来院した。10歳時に全身性エリテマトーデス〈SLE〉と診断され、小児科に通院している。少量グルココルチコイド、ミコフェノール酸モフェチル及びヒドロキシクロロキンを内服し病状は安定している。13歳時にひとりで薬の管理をさせたところ、処方数と残薬数が合わないことから怠薬が判明した。以後、母親が薬の管理をしている。発達に問題はなく、学校の成績は良好で、今春、志望校に合格した。高校生になると忙しくなるので、本人を連れて受診できるか、母親が心配している。患者は質問に答えるのみで、自らの発言はない。高校進学を前に将来的な内科への移行を見据え、今後の管理を話し合うことにした。適切な対応はどれか。,a. 以前の怠薬歴を注意する。 | b. 本人のみに薬の自己管理をさせる。 | c. 自宅での内服管理は引き続き母親に任せる。 | d. 母親のみに通院してもらい処方箋を発行する。 | e. 本人に自身の病気をどれくらい理解しているか確認する。,FALSE,e,高校進学を前に内科への移行を検討する時期であり、まず患者本人の疾患理解度を確認することが重要です。自己管理能力を育成するためには、患者本人の病識と理解が基本となります。怠薬の過去はありますが、それを責めるのではなく、病気の理解を深め、自己管理能力を段階的に育成していく必要があります。母親任せや母親のみの通院は、移行医療の観点から望ましくありません。,0.9,e,sle患者への対応として、自身の病気についての理解を促し、自己管理能力を高めることが重要です。患者が将来的に内科へ移行するにあたり、まずは病気の理解度を確認することが適切なステップとなります。,0.9,e,将来的な内科への移行を見据え、まずは本人が自身の病気をどれくらい理解しているか確認し、主体的な治療への参加を促すことが重要である。,e,高校進学を控え、自らの病気や治療についての理解を深め、自主的な内服管理へ移行するためには、まず本人がどの程度病気を理解しているかを確認し、そこから必要な指導やサポートを行うことが重要である。,1.0,e,高校への進学や内科への移行を見据える中で、まずは本人が自己管理のためにどの程度病気を理解しているか確認し、今後の自立を促すことが重要です。他の選択肢は、怠薬歴を注意する、急に本人だけに任せる、母親任せを続ける、または母親だけの通院にするなど、移行期の支援としては適切ではありません。,1.0,0.9
119F45,1歳10か月の男児。けいれんを主訴に両親に連れられて夜間救急外来を受診した。2日前から咳嗽と鼻汁がみられていた。本日の夕方までは元気で食欲も良好であったが、夜になって発熱に気付いた。下痢や嘔吐はなく、排尿も良好であった。その後左右差のない全身を強直させるけいれんが出現し、2分間持続した。1歳2か月時に同様のけいれんの既往がある。予防接種は、予定どおり接種している。意識は清明。身長84cm、体重11.2kg。体温38.5℃。脈拍128/分、整。血圧100/60mmHg。呼吸数28/分。SpO299%(roomair)。皮膚のツルゴールの低下はない。瞳孔は左右差なく、対光反射は正常。咽頭に軽度の発赤を認める。鼓膜に異常を認めない。胸部と腹部とに異常を認めない。項部硬直とKernig徴候とを認めない。四肢の筋緊張は正常で、腱反射の亢進を認めない。救急外来での親への説明で適切なのはどれか。,a. 「輸液が必要です」 | b. 「抗菌薬を投与します」 | c. 「ビタミンKを投与します」 | d. 「1時間後に再度診察します」 | e. 「抗けいれん薬を投与します」,FALSE,d,これは典型的な単純型熱性けいれんの症例です。以下の特徴から判断できます：,0.9,d,この男児は熱性けいれんの可能性が高いと考えられます。熱性けいれんは、通常、短時間で自然に治まり、重篤な問題を起こさないことが一般的です。この場合、現段階で抗けいれん薬の投与は必要なく、緊急で治療を要する器質的な病変も疑われません。そのため、まずは1時間後に再度診察し、状態が安定しているかどうかを確認するというアプローチが適切です。他にも問題は見られないため、慎重な観察が重要です。,0.9,e,熱性けいれんの可能性が高く、けいれんが2分間持続しているため、抗けいれん薬の投与が適切である。輸液、抗菌薬、ビタミンk投与は現時点では不要。1時間後の再診察も、まずけいれんを止めることが優先されるため不適切。,d,症状や経過から単純型熱性けいれんの可能性が高く、特別な治療が必要ないため経過観察が適切であるため。,1.0,d,この症例は典型的な単純熱性けいれんで、発作は短時間（2分間）で終了し、神経学的にも異常が認められません。そのため、緊急の治療（輸液、抗菌薬、ビタミンk、抗けいれん薬）は不要で、経過観察として1時間後に再度診察するのが適切です.,1.0,
119F46,75歳の男性。がん検診で便潜血反応陽性を指摘され来院した。下部消化管内視鏡検査でS状結腸癌と診断され、結腸切除を予定している。約15年前から糖尿病を指摘され治療中である。喫煙は約20本/日であったが、5年前から禁煙している。飲酒は焼酎1合/日。身長162cm、体重59kg。体温36.6℃。脈拍76/分、整。血圧132/72mmHg。心音と呼吸音とに異常を認めない。左下腹部に圧痛を認める。尿所見:蛋白(一)、糖3+、ケトン体(一)。血液生化学所見:血糖180mg/dL、HbAlc7.1%(基準4.9~6.0)。この患者の周術期血糖コントロールの目的で適切なのはどれか。,a. 創感染の予防 | b. 脳血管障害の予防 | c. 心血管イベントの予防 | d. 深部静脈血栓症の予防 | e. 糖尿病性神経障害の予防,FALSE,a,周術期の血糖コントロールの最も重要な目的は創感染の予防です。高血糖状態は白血球機能を低下させ、創傷治癒を遅延させるため、手術部位感染（ssi）のリスクが上昇します。周術期の適切な血糖コントロールにより、感染リスクを低減し、術後の回復を促進することができます。,0.9,a,周術期の血糖コントロールの主な目的は、創感染のリスクを減少させることです。血糖が高いと感染のリスクが増加するため、適切な血糖コントロールは創感染予防に重要です。また、選択肢の中で周術期に直接関連するものは創感染の予防が最も適切です。他の選択肢の予防は、一般的には長期間の血糖コントロールに関連します。,0.9,a,周術期高血糖は創感染のリスクを高めるため、適切な血糖コントロールは創感染の予防に繋がる。,a,周術期の血糖コントロールの最大の目的は創感染の予防であるため。,1.0,a,周術期の血糖コントロールは、手術部位の創感染リスクを低減するために重要な管理項目であり、これ以外の項目（脳血管障害、心血管イベント、深部静脈血栓症、糖尿病性神経障害）の予防とは直接関連しません。,1.0,0.9
119F47,28歳の初産婦(1妊0産)。妊娠40週、陣痛発来のため入院した。入院時内診所見で、子宮口は3cm開大、展退度50%、児頭下降度はSP-2cm。第1頭位。小泉門が先進し、3時方向に触知する。入院8時間後の内診所見で、子宮口は8cm開大、展退度80%、児頭下降度はSP±0cm。小泉門が先進し、6時方向に触知する。分娩経過の評価で正しいのはどれか。,a. 正常経過 | b. 第1回旋の異常 | c. 第2回旋の異常 | d. 第3回旋の異常 | e. 第4回旋の異常,FALSE,a,この分娩経過は正常です。児頭の回旋は、入院時に小泉門が3時方向から、8時間後に6時方向に移動しており、これは第1回旋（内回旋）が適切に進行していることを示します。また、子宮口開大（3cm→8cm）、展退度（50%→80%）、児頭下降（sp-2cm→sp±0cm）のすべてが適切に進行しています。これらの所見は正常な分娩進行を示しています。,0.9,c,陣痛と共に進行する回旋の進行を確認する際に、児の頭位の変化が重要です。最初に小泉門が3時方向にあり、その後6時方向に変わるのは、第2回旋（内旋）が適切に行われていないことを示唆します。正常では、第2回旋は小泉門が後方（通常12時方向）に回転するべきであるため、この場合、第2回旋の異常が疑われます。,0.9,d,児頭回旋は、下降・屈曲→第1回旋→伸展→第2回旋の順で起こる。第1頭位の場合、通常は小泉門が左前方に触知されるべきだが、6時方向に触知されていることから、第3回旋（内回旋）の異常が疑われる。,a,小泉門の方位が3時から6時へ移行しており、児頭の正常な内旋が進行しているため、分娩経過は正常と考えられる。,1.0,c,頭部の内部回旋は、分娩過程で複数の段階に分かれて進行します。初診時、子宮口開大3cmのとき、小泉門が3時方向にあるということは、最初の回旋（第1回旋）は概ね正常に起こっていたと考えられます。しかし、8時間後に子宮口8cm開大の時点で小泉門が6時方向に変化しているというのは、通常期待される進行方向―すなわち、適切に回旋して前方（12時方向に近づく）となるはず―から大きくずれていることを示し、第二回旋（内部回旋の後半部）の異常と判断されます。,0.9,0.9
119F48,34歳の男性。会社員。昼休みに、屋上で下を覗き込んでいるところを、上司が見かけて、上司に付き添われて健康管理室に来室した。産業医が面談したところ、この社員が現在取り組んでいる仕事は難航しており、当面の間、解決のめどが立ちそうにないとのことであった。体調面では、ここ1か月の間、体の疲れが取れず、眠れていない。また、気分の落ち込みが激しく、食事もほとんど摂れていないようである。面談中に「自分など会社のお荷物だ。いっそのこと死んでしまいたい。昨日、練炭を買ってきました」と発言があった。直近3か月の月の残業時間は100時間、110時間、120時間であった。産業医から精神科を受診するように伝えたが、忙しくて時間が取れないと言っている。この社員は一人暮らしをしている。面談実施後に、産業医から上司に対する発言で適切なのはどれか。,a. 「配置転換をしてください」 | b. 「労災を申請してください」 | c. 「疲れているので、今日は一人で早退させてください」 | d. 「残業をさせる時は、夕食をきちんととらせてください」 | e. 「今から会社の人が付き添って、精神科を受診させてください」,FALSE,e,この社員は明確な自殺のリスクがあり（自殺念慮、具体的な計画、練炭の購入）、重度のうつ状態（不眠、食欲低下、疲労感）を呈しています。また、過重労働（月100時間以上の残業）の状況も深刻です。一人暮らしで社会的サポートも乏しい状況では、直ちに専門医による診察が必要で、自殺予防の観点から必ず付き添いが必要です。他の選択肢は緊急性の高い自殺リスクへの対応として不十分です。,0.95,e,患者は精神的に非常に不安定であり、自殺を考えているとも取れる発言をしています。すぐに精神科を受診させることが必要であり、患者が忙しいと言っているため、対応を延期することは危険です。会社の人が付き添ってでも速やかに受診させることが最優先です。したがって、選択肢eが適切です。,0.9,e,自殺企図をほのめかしており、緊急性が高い。直ちに精神科を受診させるべきである。,e,強い自殺念慮があり、一人暮らしで高リスクのため、誰かが付き添って緊急的に精神科を受診させる必要があるから。,0.9,e,患者は自殺念慮を口にし、実際に練炭を購入する行動も示しているため、精神科での迅速な評価が必要です。上司に対して、会社の担当者が付き添い、直ちに精神科受診させるよう指示することが適切です。,1.0,1.0
119F49,"52歳の男性。腎機能低下を指摘され妻とともに来院した。1年前から下腿の浮腫を自覚していた。2週間前から浮腫が悪化したため、自宅近くの医療機関を受診したところ腎機能低下を指摘され、腎臓専門医を紹介受診した。30歳から高血圧症と糖尿病を指摘され、内服治療中であったが、通院は不定期であった。5年前に大腸ポリープで内視鏡的切除術を受けている。身長172cm、体重75kg。脈拍84/分、整。血圧156/92mmHg。SpO298%(roomair)。胸部に異常を認めない。両下腿に軽度の浮腫を認める。尿所見:蛋白3+、潜血(一)、1日尿蛋白6.5g/日。血液所見:赤血球316万、Hb9.8g/dL、Ht.31%、白血球5,700、血小板17万。血液生化学所見:総蛋白5.7g/dL、アルブミン3.4g/dL、尿素窒素68mg/dL、クレアチニン6.5mg/dL、eGFR8.1mL/分/1.73m2、HbAlc6.3%(基準4.9~6.0)、Na144mEq/L、K5.4mEq/L、Cl102mEq/L。腎代替療法として腹膜透析もしくは妻をドナーとした生体腎移植を希望している。この患者に対する腹膜透析の説明で適切なのはどれか。",a. 「週3回の通院が必要です」 | b. 「糖尿病があるため適応はありません」 | c. 「腹膜透析開始後に食事制限は必要ないです」 | d. 「腹膜透析を行ってからでも腎移植はできます」 | e. 「内視鏡的切除術の治療歴があるため適応はありません」,FALSE,d,腹膜透析は腎代替療法の一つであり、その後の腎移植への移行は可能です。腹膜透析は糖尿病患者でも実施可能で、大腸ポリープの内視鏡的切除歴も禁忌ではありません。また、腹膜透析は基本的に在宅で実施するため、週3回の通院は不要です。さらに、腹膜透析中でも食事制限は必要です。したがって、「腹膜透析を行ってからでも腎移植はできます」という説明が最も適切です。,0.9,d,腹膜透析を行ってからでも腎移植を行うことは可能です。腹膜透析は腎代替療法の一つとして、腎移植ができるまでの間に行われることがあります。他の選択肢は不正確な内容を含んでおり、dが適切です。,0.9,d,,d,腹膜透析は移植のブリッジ治療として行うことが可能であり、腹膜透析を開始した後に腎移植を受けることもできるため。,1.0,d,"腹膜透析は自宅で行う持続性の治療法であり、透析治療中も腎移植の適用は可能です。その他の選択肢は、透析回数について誤解がある（a）、糖尿病や内視鏡治療歴が透析の適応に影響しない（b, e）、食事制限は実際には必要となる（c）ため、不適切です.",1.0,1.0
119F50,45歳の男性。2か月前から生じた右腋窩の皮疹を主訴に来院した。被覆皮膚と癒着し波動を触れる径20mmの皮疹を認める。腋窩の写真(別冊No.4A)と皮疹部の超音波像(別冊No.4B)とを別に示す。この皮疹の種類はどれか。,a. 丘疹 | b. 苔癬 | c. 囊腫 | d. 膿疱 | e. 膨疹,TRUE,c,皮疹の特徴（被覆皮膚と癒着、波動を触れる、径20mm）と、超音波像で囊胞性病変を示唆する所見から、囊腫と判断できます。特に波動を触れるという所見は、内部に液体成分が存在する囊腫に特徴的です。他の選択肢（丘疹、苔癬、膿疱、膨疹）は、これらの臨床所見とは合致しません。,0.9,c,見た目および波動を触れるという情報から、皮下に内容液のある「囊腫」である可能性が高いです。超音波像も液体を含むような構造を示しています。,0.9,c,皮疹が被覆皮膚と癒着し、波動を触れることから、内容物を含む嚢腫が考えられる。超音波像でも内部に液体貯留を示唆する像が認められる。,c,波動を触れる被覆皮膚と癒着した病変であり、超音波画像でも内部が液体貯留を示唆する所見であるため、嚢胞と判断した。,1.0,c,皮疹は被覆皮膚に癒着し、内部に液体があるため波動を触れる特徴があり、これらは超音波像からも確認できるため、最も適しているのは囊腫であると考えられる。,0.95,
119F51,"1歳6か月の男児。1歳6か月児健康診査のため母親に連れられて来院した。在胎40週、身長50cm、体重2,900g、正常分娩で出生した。来院時の身長81cm、体重10.5kg。1歳で離乳食から幼児食に移行し、1日3回の食事や間食のリズムはついてきたが、同じものしか食べない。適切な指導はどれか。",a. 「生卵かけご飯を食べさせてみてはどうですか」 | b. 「大人の食事と同じくらい味つけを濃くしてみましょう」 | c. 「今は食事を楽しむことが大事ですからゆっくり進めていきましょう」 | d. 「ミニトマトやブドウはのど越しがよいのでそのまま食べさせましょう」 | e. 「口をあけたタイミングで食べさせたいものを口に押し込んでみましょう」,FALSE,c,1歳6か月児は食の自立を始める時期で、偏食は一般的な発達段階です。この時期は無理強いせず、食事を楽しい経験として捉えられるようにすることが重要です。他の選択肢は、生卵による食中毒リスク(a)、濃い味付けによる味覚形成への悪影響(b)、窒息の危険性(d)、強制的な食事(e)があり不適切です。,0.9,c,1歳6か月の幼児期には、食事の内容よりも食事を楽しむことが重要視されます。同じものしか食べないのは一般的な行動なので、焦らずに進めるのが良いです。他の選択肢は、成長や安全面で問題がある可能性があります。,0.9,c,1歳6ヶ月児は食事の好き嫌いが分かれる時期であり、無理強いせず、食事を楽しむことを優先する指導が適切である。aはサルモネラ感染のリスク、bは味覚形成への悪影響、dは窒息のリスク、eは食事への嫌悪感を抱かせる可能性があるため不適切。,c,この時期は無理強いをせず、さまざまな食材や味を少しずつ試しながら食事を楽しむことが大切であるため。,1.0,c,1歳6か月児はまだ食事を楽しむことが大切な年齢です。同じものばかり食べるのは発達過程で見られる特徴であり、無理に新しい味を強制するより、ゆっくりと自然なペースで食事に慣れさせることが望ましいため。,1.0,
119F52,68歳の女性。骨粗鬆症を心配して来院した。若いときよりも身長が約2cm低くなり、娘からは背中が丸くなっていると指摘されている。腰痛の訴えはない。2年前に腰椎圧迫骨折の既往がある。立位姿勢は軽度の前屈位。腰部に圧痛や叩打痛を認めない。下肢の運動障害や知覚障害を認めない。腰椎エックス線写真では第1腰椎の圧迫骨折を認めた。骨密度検査〈DXA〉では、腰椎は若年成人平均値〈YAM〉85%、大腿骨頭部はYAM82%であった。骨粗鬆症治療薬の開始時期で適切なのはどれか。,a. 現時点 | b. 腰痛が出現した時 | c. 再度骨折を生じた時 | d. 下肢の神経障害が出現した時 | e. 腰椎または大腿骨の骨密度がYAM70%以下となった時,FALSE,a,この患者は以下の理由から、現時点で治療を開始すべきです：,0.9,a,患者は既に腰椎の圧迫骨折を経験し、yamが腰椎で85%、大腿骨で82%と低下しているため、骨粗鬆症の治療を早期に開始することが推奨される。骨折の既往がある場合、さらなる骨折リスクを減らすために早期の介入が重要である。,0.9,a,既存の脆弱性骨折（腰椎圧迫骨折の既往）があり、骨密度もyam85%および82%と低下しているため、現時点から骨粗鬆症治療薬を開始するのが適切である。,a,既に椎体圧迫骨折の既往があり、骨粗鬆症と判断できるため、現在の時点で治療を開始する必要がある。,1.0,a,患者は既に腰椎圧迫骨折の既往があり、骨密度がyam85%や82%と基準値に近い場合であっても、明らかな骨粗鬆症の兆候が認められるため、再発骨折予防の観点から現時点で治療を開始すべき。,1.0,1.0
119F53,45歳の女性。会社の定期健康診断で高血圧を指摘された。この結果を踏まえて、会社の産業保健チームでトータルヘルスプロモーションプラン〈THP〉を検討することになった。このプランに含まれないのはどれか。,a. 降圧薬の処方 | b. 運動の計画立案 | c. 塩分制限食の調理指導 | d. 飲酒と健康に関する講演会 | e. 生活習慣の改善に伴う精神的ストレスのケア,FALSE,a,thpは職場における健康保持増進のための総合的な取り組みで、生活習慣の改善や健康教育が中心です。医薬品の処方は医療機関で行われるべき医療行為であり、thpの範囲外です。他の選択肢（運動指導、栄養指導、健康教育、メンタルヘルスケア）はすべてthpの重要な構成要素です。,0.95,a,トータルヘルスプロモーションプラン〈thp〉は、職場における健康増進活動であるため、個別の薬物治療（降圧薬の処方）は含まれません。他の選択肢は、生活習慣の改善という観点から、thpに含まれる可能性のある活動です。,0.9,a,トータルヘルスプロモーション（thp）は、労働者の健康保持増進を目的とした運動、メンタルヘルス、生活指導などを総合的に行うもので、事業者が主体となって実施する。降圧薬の処方は医療行為であり、thpの範囲外である。,a,トータルヘルスプロモーションプランでは、運動や栄養指導などの健康教育が主となり、薬物の処方は含まれないため。,0.9,a,降圧薬の処方は医療行為であり、thpは生活習慣の改善や健康教育、予防活動などの健康増進プログラムに焦点を当てるため、直接の薬物治療は含まれません。,1.0,
119F54,"1歳の女児。発熱と皮疹を主訴に母親に連れられて来院した。5日前から39~40℃の発熱が続いていたが、活気良好であったため自宅で様子をみていた。昨夜、母親が皮疹に気付いたという。意識は清明。体温39.4℃。脈拍144/分、整。血圧84/62mmHg。呼吸数28/分。SpO2100%(roomair)。受診時の患児の顔面、上腕および背部の写真(別冊No.5A~C)を別に示す。口唇と舌に発赤を認める。咽頭に発赤を認めない。両側の頭部に径2.5cmのリンパ節を数個ずつ触知する。心音と呼吸音とに異常を認めない。腹部は平坦、軟で、肝·脾を触知しない。四肢末端に紅斑と浮腫を認める。血液所見:赤血球400万、Hb11.5g/dL、Ht34%、白血球17,600(桿状核好中球5%、分葉核好中球62%、単球4%、リンパ球29%)、血小板45万、フィブリノゲン420mg/dL(基準186~355)。血液生化学所見:総蛋白6.0g/dL、アルブミン3.0g/dL、総ビリルビン0.9mg/dL、AST240U/L、ALT225U/L、LD380U/L(基準202~437)、尿素窒素10mg/dL、クレアチニン0.4mg/dL、尿酸4.0mg/dL、血糖98mg/dL、Na131mEq/L.K4.2mEq/L,C199mEq/L.CRP7.8mg/dL.必要な検査はどれか。",a. 眼底検査 | b. 皮膚生検 | c. 頸部造影CT | d. 心エコー検査 | e. 心筋血流シンチグラフィ,TRUE,d,この症例は川崎病を強く示唆します（5日以上続く発熱、口唇・舌の発赤、リンパ節腫脹、四肢末端の紅斑と浮腫など、川崎病の主要症状を満たしています）。川崎病では冠動脈瘤などの心臓合併症が最も重要な問題となるため、心エコー検査が必須の検査となります。心エコー検査により冠動脈病変の有無や心機能を評価することができます。,0.9,d,典型的な川崎病の症状が見られるため、冠動脈瘤の有無を確認するために心エコー検査が必要です。,0.9,d,発熱、発疹、口唇と舌の発赤、四肢末端の紅斑と浮腫、リンパ節腫脹などの症状から、川崎病が疑われる。川崎病の診断において、心臓合併症（冠動脈瘤など）の評価は重要であり、心エコー検査が必須である。,d,主要症状や血液所見から川崎病が疑われ、冠動脈病変の有無を評価するために心エコー検査が必須となるため。,1.0,d,この症例は典型的な川崎病の所見（持続熱、発赤した口唇・舌、四肢の紅斑・浮腫、頸部のリンパ節腫脹、血中炎症反応の高値など）を示しており、冠動脈瘤などの合併症の有無を評価するために、心エコー検査が必須となります。,0.95,1.0
119F55,35歳の男性。頭部を打撲したため救急外来を受診した。約1時間前に運動中に転倒し後頭部を打撲した。受傷時に意識消失は認めなかった。来院時、意識は清明。1軽度の頭痛と2後頸部痛を訴えている。身長168cm、体重65kg。3体温37.3℃。脈拍76/分、整。血圧124/78mmHg。呼吸数20/分。神経診察で脳神経系に異常を認めず、四肢の麻痺も認めないが、4打撲時から現在までの記憶がない。5打撲部位の圧痛を認めたが、同部位に肉眼的な異常は認めなかった。下線部のうち、頭部CTを行うべき所見はどれか。,a. 1 | b. 2 | c. 3 | d. 4 | e. 5,FALSE,d,受傷時から現在までの記憶がない（健忘）は、頭部外傷後の重要な警告症状の1つです。これは脳震盪や頭蓋内損傷の可能性を示唆する所見であり、ctによる精査が必要です。一方、軽度の頭痛、後頸部痛、微熱、打撲部位の圧痛は、それ単独では必ずしもct検査の絶対的適応とはなりません。,0.9,d,転倒後から打撲時の記憶がないこと（健忘）は頭部外傷の際に注意を要する所見です。健忘は頭部の損傷による脳の一時的な機能障害を示唆し、重篤な脳の損傷の可能性を示すため、ctなどの画像診断が必要です。他の選択肢の所見はctを行う優先度を直接示唆するものではありません。,0.9,d,選択肢の中で、外傷後の健忘（4）は頭部ct検査の適応となる重要な所見です。他の選択肢は、頭部ctを直ちに必要とするものではありません。,d,打撲時から現在までの記憶がない（4）は外傷後健忘であり、頭部ctの適応となる所見の一つであるため。,1.0,d,頭部打撲後の記憶喪失（打撲時から現在までの記憶がない）は、軽度の外傷でも脳内損傷の可能性を示唆するため、頭部ct検査の適応となる。,1.0,
119F56,78歳の女性。左季肋部痛を主訴に来院した。6年前から脾臓原発の悪性リンパ腫に対して薬物による抗癌治療を継続しているが再発を繰り返しており、薬物による抗癌治療を行わない方針となった。1週間前から悪性リンパ腫による癌性疼痛に対してモルヒネの経口投与を開始したが疼痛が強くなり入院した。意識は清明。体温36.8℃。脈拍74/分、整。血圧132/78mmHg。呼吸数14/分。SpO296%(roomair)。心音と呼吸音とに異常を認めない。腹部は平坦、軟。左季肋下に脾を4cm触知し、圧痛を認める。腹部CTで再発による脾臓の腫大を認めている。入院後、嚥下障害が出現し内服が困難となったためモルヒネ経口投与を中止し、モルヒネ皮下注射を開始した。注意すべき症状や徴候はどれか。2つ選べ。,a. 発熱 | b. 便秘 | c. 口内炎 | d. 皮膚潰瘍 | e. 呼吸数低下,FALSE,be,モルヒネの主な副作用として、以下の2つが特に重要です：,0.9,be,モルヒネの副作用として注目すべきは、呼吸抑制（呼吸数低下）と便秘である。患者は嚥下障害のため、経口モルヒネから皮下注射に切り替えた。このような背景で、モルヒネの副作用として呼吸数低下（呼吸抑制）と便秘に注意が必要である。,0.9,be,,be,モルヒネ（オピオイド）使用時には呼吸抑制（呼吸数低下）や便秘が代表的な副作用として注意が必要であるため。,0.9,be,モルヒネの副作用として、腸運動低下による便秘（b）と、中枢性の呼吸抑制（e）が代表的なため。,1.0,0.9
119F57,"38歳の褥婦。産後1か月の健診のため来院した。初めての児を1か月前に経腟分娩した。体温36.5℃。脈拍80/分、整。血圧126/76mmHg。子宮復古は良好で、悪露は正常であった。母乳哺育を行っているが、うまくできているか心配でよく眠れない。本人、夫ともに兄弟姉妹はおらず、両親は他界している。最近、転居したため、周囲に親しい友人はいない。エジンバラ産後うつ病質問票〈EPDS〉は14点(基準8点以下)であった。児は、出生体重3,096g、発育は順調である。適切な対応はどれか。2つ選べ。",a. 抗精神病薬を処方する。 | b. 精神科への受診を提案する。 | c. 児と分離することを目的に本人を入院させる。 | d. 本人の同意を得て市町村に患者情報を伝える。 | e. 母乳哺育を中止し人工乳哺育にするように指導する。,FALSE,bd,この症例は産後うつ病のリスクが高い状況（epds高値、サポート不足、育児不安）です。対応として、1) 精神科での専門的評価・治療が必要であり、2) 地域の保健師等による支援体制の構築が重要です。母乳育児の中止や児との分離は不要で、抗精神病薬の投与は専門医の判断に委ねるべきです。,0.9,bd,エジンバラ産後うつ病質問票（epds）が14点であり、基準点を上回っていることから、産後うつの可能性があります。精神科への受診を提案すること（b）は適切です。また、支援を得るために市町村に状況を知らせること（d）も有用です。抗精神病薬の処方（a）や児と分離するための入院（c）は、現時点では必要ない可能性が高いです。母乳中止（e）は、うつ病の治療と関係がありません。,0.9,bd,,bd,epds 14点と高値であり、周囲に協力者が少ない状況を考慮すると精神科受診の提案が必要となる。また、本人の同意を得たうえで行政（市町村）と連携して支援を受けることが適切である。,1.0,bd,この症例はepdsスコア14により産後うつが示唆され、精神科受診（b）による専門的評価・治療が必要です。また、社会的支援が乏しい背景を踏まえ、患者の同意を得た上で市町村と連携し支援体制を整える（d）ことが適切です。その他の選択肢は、本症例の状況や治療方針から見て不適当です。,1.0,0.9
119F58,"76歳の男性。倦怠感を主訴に来院した。2か月前から食事をとってもおいしくなく、倦怠感が出現した。趣味にしていた野球観戦をしなくなり、気分が落ち込んでいる。外出頻度が減り、1日のほとんどを自宅内で過ごしている。身長168cm、体重62kg。体温36.1℃。脈拍64/分、整。血圧138/88mmHg。心音と呼吸音とに異常を認めない。腹部は平坦、軟で、肝·脾を触知しない。四肢の筋力は保たれており、起立と歩行に異常を認めない。改訂長谷川式簡易知能評価スケールは30点(30点満点)。血液所見:Hb14.2g/dL、白血球6,700。血液生化学所見:総蛋白6.9g/dL、アルブミン4.2g/dL、尿素窒素18mg/dL、クレアチニン0.9mg/dL.この患者の状態で正しいのはどれか。2つ選べ。",a. 低栄養 | b. うつ状態 | c. 閉じこもり | d. 認知機能低下 | e. ロコモティブシンドローム,FALSE,bc,,0.9,bc,患者は気分が落ち込んでおり、倦怠感や外出頻度の減少が見られるため、うつ状態 (b) が考えられます。また、1日のほとんどを自宅で過ごしているため、閉じこもり (c) も適しています。認知機能は評価スコアが満点であり、身体機能に異常も認めないため、dとeは否定されます。低栄養の兆候もないため、aも適していません。,0.9,bc,倦怠感、食欲不振、気分の落ち込み、趣味の中止、外出頻度の減少からうつ状態と閉じこもりが考えられる。アルブミン値は正常範囲内であり、認知機能低下を示す所見もない。ロコモティブシンドロームを示唆する筋力低下や歩行障害もない。,bc,食欲低下や気分の落ち込みが「うつ状態」を示唆し、外出頻度が減って自宅に閉じこもる様子から「閉じこもり」が考えられる。一方、栄養状態・認知機能・運動能力は問題ないため、他の選択肢は該当しない。,1.0,bc,患者は2か月間の抑うつ症状（気分の落ち込み、食欲低下、倦怠感）と、外出頻度の減少による自宅内での過ごし方が認められるため、うつ状態と閉じこもりが該当します。他の選択肢は身体所見や認知評価、栄養状態から認められません。,1.0,0.9
119F59,56歳の男性。左下腿の挫創を主訴に来院した。5日前に発生した地震で、倒れた家具が接触して受傷したが治療できずそのままにしていた。2日前から創部の痛みが悪化し膿性浸出液を認めるようになった。来院時の創部の写真(別冊No.6)を別に示す。創部を消毒する前に行うのはどれか。2つ選べ。,a. 抗菌薬外用 | b. 洗浄 | c. 創部培養 | d. ドレーン留置 | e. 縫合,TRUE,bc,感染を伴う創傷の初期治療では、適切な治療方針を決定するために創部培養を行い、起炎菌を同定することが重要です。また、感染創の処置では、まず洗浄により異物や壊死組織を除去し、細菌数を減少させることが基本です。抗菌薬外用や縫合は感染創には適さず、ドレーン留置は洗浄後の評価を経てから検討すべき処置です。,0.9,bc,創部を消毒する前には、まず感染を確認するための培養が必要です (c)。また、創部をきれいにして正確な診断と適切な治療を行うために洗浄も同様に重要です (b)。,0.9,bc,創部感染が疑われるため、消毒前にまず洗浄で異物や壊死組織を取り除き、創部培養で原因菌を特定する必要がある。,bc,創部は消毒を行う前に洗浄と培養採取を行うことで、汚染や菌の同定を確実にするためである。,1.0,bc,消毒前に行うべき処置として、まずは洗浄により創部内の汚物や異物を除去し、その後、消毒によって細菌が死滅する前に培養を採取することで感染原因を正確に調べることができるため。,1.0,1.0
119F60,"76歳の男性。強いふらつきを主訴に救急車で搬入された。現病歴:3か月前から倦怠感やふらつきが目立ち、寒がるようになった。動作緩慢、便秘および経口摂取減少も出現したが加齢によるものと本人が思い様子をみていた。本日、倦怠感とふらつきが増強したため妻が救急車を要請した。既往歴:1年4か月前に中咽頭癌に対し化学放射線療法が施行され、6か月ごとに定期通院中。生活歴:70歳まで会社役員。妻と2人暮らし。喫煙歴はない。飲酒は日本酒1~2合/日を40年間。家族歴:弟が慢性肝炎。現症:意識は清明。身長165cm、体重60kg。体温35.8℃。心拍数48/分、整。血圧98/68mmHg。呼吸数20/分。SpO297%(roomair)。皮膚は乾燥しているが、色素沈着は認めない。眼瞼結膜と眼球結膜とに異常を認めない。口腔内は乾燥しているが、咽頭発赤は認めない。頸静脈の怒張を認めない。甲状腺腫と頸部リンパ節とを触知しない。心音と呼吸音とに異常を認めない。腹部は平坦、軟で、肝·脾を触知しない。検査所見:尿所見:蛋白(一)、糖(一)、ケトン体(一)、潜血(一)。血液所見:赤血球362万、Hb11.7g/dL、Ht35%、白血球4,100、血小板14万。血液生化学所見:総蛋白6.3g/dL、総ビリルビン0.5mg/dL、AST34U/L、ALT32U/L、LD220U/L(基準124~222)、尿素窒素15mg/dL、クレアチニン1.1mg/dL、血糖92mg/dL、総コレステロール288mg/dL、Na138mEq/L、K2.8mEq/L、Cl101mEq/L、TSH98μU/mL(基準0.2~4.0)、FT31.8pg/mL(基準2.3~4.3)、FT40.1ng/dL(基準0.8~2.2)、コルチゾール12.4μg/dL(基準5.2~12.6)。CRP0.1mg/dL。心電図は洞性徐脈でST-T変化を認めない。胸部エックス線写真で心胸郭比48%。 この患者で予測される身体所見はどれか。2つ選べ。",a. 多毛 | b. 甲状腺圧痛 | c. 両手指振戦 | d. 非圧痕性浮腫 | e. アキレス腱反射弛緩相遅延,FALSE,de,この患者は検査所見からtsh高値、ft3・ft4低値を認め、原発性甲状腺機能低下症と診断できます。甲状腺機能低下症の典型的な身体所見として：,0.9,de,患者は高tsh値と低ft3/ft4値を示しており、甲状腺機能低下症（甲状腺機能低下症）を示唆します。この状態では非圧痕性浮腫（d）とアキレス腱反射の弛緩相遅延（e）が一般的に観察されます。其他の選択肢はこの患者の症状に適合しません。,0.9,de,tsh高値、ft3/ft4低値から甲状腺機能低下症が考えられる。甲状腺機能低下症では、非圧痕性浮腫とアキレス腱反射弛緩相遅延が見られる。多毛は甲状腺機能亢進症、甲状腺圧痛は亜急性甲状腺炎、手指振戦は甲状腺機能亢進症でみられやすい。,de,tsh高値およびft3・ft4低値から原発性甲状腺機能低下症が疑われ、非圧痕性浮腫（d）とアキレス腱反射の弛緩相遅延（e）が典型的な身体所見である。,1.0,de,この症例は、胸部放射線治療の後に起こる放射線誘発性甲状腺機能低下症を示唆しており、極めて高いtshと低いft3/ft4がその特徴です。甲状腺機能低下症では、非圧痕性浮腫（myxedema）およびアキレス腱反射の弛緩相遅延が典型的な身体所見です。その他の選択肢は、甲状腺機能亢進または炎症性甲状腺疾患に関連するものであり、この状況には当てはまりません。,1.0,0.9
119F61,"76歳の男性。強いふらつきを主訴に救急車で搬入された。現病歴:3か月前から倦怠感やふらつきが目立ち、寒がるようになった。動作緩慢、便秘および経口摂取減少も出現したが加齢によるものと本人が思い様子をみていた。本日、倦怠感とふらつきが増強したため妻が救急車を要請した。既往歴:1年4か月前に中咽頭癌に対し化学放射線療法が施行され、6か月ごとに定期通院中。生活歴:70歳まで会社役員。妻と2人暮らし。喫煙歴はない。飲酒は日本酒1~2合/日を40年間。家族歴:弟が慢性肝炎。現症:意識は清明。身長165cm、体重60kg。体温35.8℃。心拍数48/分、整。血圧98/68mmHg。呼吸数20/分。SpO297%(roomair)。皮膚は乾燥しているが、色素沈着は認めない。眼瞼結膜と眼球結膜とに異常を認めない。口腔内は乾燥しているが、咽頭発赤は認めない。頸静脈の怒張を認めない。甲状腺腫と頸部リンパ節とを触知しない。心音と呼吸音とに異常を認めない。腹部は平坦、軟で、肝·脾を触知しない。検査所見:尿所見:蛋白(一)、糖(一)、ケトン体(一)、潜血(一)。血液所見:赤血球362万、Hb11.7g/dL、Ht35%、白血球4,100、血小板14万。血液生化学所見:総蛋白6.3g/dL、総ビリルビン0.5mg/dL、AST34U/L、ALT32U/L、LD220U/L(基準124~222)、尿素窒素15mg/dL、クレアチニン1.1mg/dL、血糖92mg/dL、総コレステロール288mg/dL、Na138mEq/L、K2.8mEq/L、Cl101mEq/L、TSH98μU/mL(基準0.2~4.0)、FT31.8pg/mL(基準2.3~4.3)、FT40.1ng/dL(基準0.8~2.2)、コルチゾール12.4μg/dL(基準5.2~12.6)。CRP0.1mg/dL。心電図は洞性徐脈でST-T変化を認めない。胸部エックス線写真で心胸郭比48%。 この患者の血液検査で高値と予想されるのはどれか。2つ選べ。",a. ALP | b. アルブミン | c. クレアチンキナーゼ | d. LDLコレステロール | e. 抗TSH受容体抗体〈TRAb〉,FALSE,ac,この患者は甲状腺機能低下症の症状（倦怠感、寒がり、動作緩慢、便秘、徐脈）と検査所見（tsh高値、ft3・ft4低値）を示しています。甲状腺機能低下症では：,0.9,cd,低ナトリウム血症、低カリウム血症、低体温、徐脈などの症状は橋本病（甲状腺機能低下症）に典型的です。この場合、筋症状や低ナトリウム血症があるため、クレアチンキナーゼ（ck）が高くなることが予想され、また、脂質異常症のためにldlコレステロールも高値となる可能性があります。,0.9,cd,,cd,原発性甲状腺機能低下症ではck(クレアチンキナーゼ)とldlコレステロールが上昇しやすいため。,1.0,cd,この患者はtshが著に高く、ft3/ft4が低いことから一次性甲状腺機能低下症であると示唆されます。甲状腺機能低下症では脂質代謝低下によるldlコレステロールの上昇、および筋肉障害に伴うクレアチンキナーゼの上昇が認められるため、正解はcとdです。,1.0,
119F62,"76歳の男性。強いふらつきを主訴に救急車で搬入された。現病歴:3か月前から倦怠感やふらつきが目立ち、寒がるようになった。動作緩慢、便秘および経口摂取減少も出現したが加齢によるものと本人が思い様子をみていた。本日、倦怠感とふらつきが増強したため妻が救急車を要請した。既往歴:1年4か月前に中咽頭癌に対し化学放射線療法が施行され、6か月ごとに定期通院中。生活歴:70歳まで会社役員。妻と2人暮らし。喫煙歴はない。飲酒は日本酒1~2合/日を40年間。家族歴:弟が慢性肝炎。現症:意識は清明。身長165cm、体重60kg。体温35.8℃。心拍数48/分、整。血圧98/68mmHg。呼吸数20/分。SpO297%(roomair)。皮膚は乾燥しているが、色素沈着は認めない。眼瞼結膜と眼球結膜とに異常を認めない。口腔内は乾燥しているが、咽頭発赤は認めない。頸静脈の怒張を認めない。甲状腺腫と頸部リンパ節とを触知しない。心音と呼吸音とに異常を認めない。腹部は平坦、軟で、肝·脾を触知しない。検査所見:尿所見:蛋白(一)、糖(一)、ケトン体(一)、潜血(一)。血液所見:赤血球362万、Hb11.7g/dL、Ht35%、白血球4,100、血小板14万。血液生化学所見:総蛋白6.3g/dL、総ビリルビン0.5mg/dL、AST34U/L、ALT32U/L、LD220U/L(基準124~222)、尿素窒素15mg/dL、クレアチニン1.1mg/dL、血糖92mg/dL、総コレステロール288mg/dL、Na138mEq/L、K2.8mEq/L、Cl101mEq/L、TSH98μU/mL(基準0.2~4.0)、FT31.8pg/mL(基準2.3~4.3)、FT40.1ng/dL(基準0.8~2.2)、コルチゾール12.4μg/dL(基準5.2~12.6)。CRP0.1mg/dL。心電図は洞性徐脈でST-T変化を認めない。胸部エックス線写真で心胸郭比48%。 初療室で輸液を開始した。次に行う対応で適切なのはどれか。",a. 利尿薬静注 | b. ヨウ素含有食品摂取 | c. 甲状腺ホルモン薬内服 | d. 脂質異常症治療薬内服 | e. 塩化カリウム液急速静注,FALSE,c,この患者は甲状腺機能低下症の典型的な症状（倦怠感、寒がり、動作緩慢、便秘）と検査所見（tsh上昇、ft3・ft4低下）を示しています。また、徐脈、低体温、高コレステロール血症も甲状腺機能低下症に合致します。治療の基本は甲状腺ホルモン薬（レボチロキシン）の補充であり、これが最も適切な対応となります。低カリウム血症はありますが、急速補正は危険であり、甲状腺機能の改善とともに改善が期待できます。,0.95,c,検査所見からは明らかな甲状腺機能低下症（低t3、低t4、高tsh）が認められ、症状も典型的です。したがって、甲状腺ホルモン薬の内服が適切な治療です。,0.95,c,tsh高値、ft3/ft4低値から甲状腺機能低下症が考えられ、症状と合わせて甲状腺クリーゼの可能性もあるため、甲状腺ホルモン薬の投与が適切。,c,高tshかつ低ft3・ft4より原発性甲状腺機能低下症と判断し、甲状腺ホルモン補充が適切であるため。,0.9,c,この患者は、進行性の倦怠感、ふらつき、低体温、徐脈、便秘、血中高コレステロールおよび明らかに高いtshと低いft3・ft4から、放射線療法後に起こる原発性甲状腺機能低下症を示しているため、甲状腺ホルモンの補充療法（内服）が適切である。その他の選択肢は、症例の原因や安全性の面から最優先とならない。,1.0,1.0
119F63,"64歳の女性。嘔吐を主訴に来院した。現病歴:今朝、悪心で目が覚め、黒色物を嘔吐したため、夫とともに受診した。既往歴:40歳時に胆囊炎で手術。Parkinson病でレボドパ〈L-dopa〉を内服している。2週間前に生じた右大腿部痛で、NSAIDを内服している。52歳で閉経。生活歴:夫と2人暮らし。喫煙歴と飲酒歴はない。家族歴:母がうつ病にて投薬治療中。現症:意識は清明。身長160cm、体重48kg。体温36.4℃。脈拍108/分、整。血圧108/60mmHg。呼吸数20/分。SpO297%(roomair)。眼瞼結膜と眼球結膜とに異常を認めない。頭静脈の怒張を認めない。心音と呼吸音とに異常を認めない。腹部は平坦、軟で右季肋部に小手術痕を認める。腸雑音は亢進している。上腹部正中に軽度の圧痛を認める。肝·脾を触知しない。検査所見:血液所見:赤血球385万、Hb11.7g/dL、Ht35%、白血球8,500、血小板22万、PT-INR1.1(基準0.9~1.1)。血液生化学所見:総蛋白6.2g/dL、アルブミン3.8g/dL、総ビリルビン1.0mg/dL、AST28U/L、ALT23U/L、LD214U/L(基準124~222)、ALP41U/L(基準38~113)、Y-GT10U/L(基準9~32)、CK83U/L(基準41~153)、尿素窒素25mg/dL、クレアチニン0.6mg/dL、尿酸4.6mg/dL、血糖112mg/dL、HbAlc5.8%(基準4.9~6.0)、Na137mEq/L、K4.1mEq/L、C198mEq/L。 まず行うべき対応はどれか。",a. 輸液 | b. 輸血 | c. 抗菌薬投与 | d. アトロピン投与 | e. ノルアドレナリン投与,FALSE,a,この症例では、黒色嘔吐（吐血）、頻脈（108/分）、やや低めの血圧（108/60mmhg）を認め、消化管出血による循環血液量減少が疑われます。nsaidの内服歴もあり、消化性潰瘍からの出血の可能性が高いです。まず行うべき対応は循環血液量の確保のための輸液です。hbは11.7g/dlとそれほど低下していないため、現時点での輸血は必須ではありません。,0.9,a,患者は黒色物を吐くという症状から、上部消化管出血が疑われます。血液検査でヘモグロビン値の低下があり、ショック徴候ではなく、まずは循環血液量の補填が必要ですので、まず行うべきは輸液です。その他の選択肢は、現在の症状には直結しません。,0.9,a,黒色嘔吐から消化管出血が疑われ、血圧が108/60mmhgと低下し、脈拍が108/分と頻脈になっていることから、循環血液量減少性ショックの初期段階と考えられる。したがって、まず輸液を行い、循環動態を安定させることが重要である。,a,嘔吐物が黒色でありnsaid内服歴もあることから上部消化管出血を疑い、まずは循環動態を安定させるための輸液が最優先となるため。,0.9,a,患者はnsaid使用歴および黒色嘔吐から上部消化管出血が疑われ、血圧や脈拍からも軽度の循環不全の可能性があるため、まず輸液による循環動態の安定化を図るべきである。,1.0,0.9
119F64,"64歳の女性。嘔吐を主訴に来院した。現病歴:今朝、悪心で目が覚め、黒色物を嘔吐したため、夫とともに受診した。既往歴:40歳時に胆囊炎で手術。Parkinson病でレボドパ〈L-dopa〉を内服している。2週間前に生じた右大腿部痛で、NSAIDを内服している。52歳で閉経。生活歴:夫と2人暮らし。喫煙歴と飲酒歴はない。家族歴:母がうつ病にて投薬治療中。現症:意識は清明。身長160cm、体重48kg。体温36.4℃。脈拍108/分、整。血圧108/60mmHg。呼吸数20/分。SpO297%(roomair)。眼瞼結膜と眼球結膜とに異常を認めない。頭静脈の怒張を認めない。心音と呼吸音とに異常を認めない。腹部は平坦、軟で右季肋部に小手術痕を認める。腸雑音は亢進している。上腹部正中に軽度の圧痛を認める。肝·脾を触知しない。検査所見:血液所見:赤血球385万、Hb11.7g/dL、Ht35%、白血球8,500、血小板22万、PT-INR1.1(基準0.9~1.1)。血液生化学所見:総蛋白6.2g/dL、アルブミン3.8g/dL、総ビリルビン1.0mg/dL、AST28U/L、ALT23U/L、LD214U/L(基準124~222)、ALP41U/L(基準38~113)、Y-GT10U/L(基準9~32)、CK83U/L(基準41~153)、尿素窒素25mg/dL、クレアチニン0.6mg/dL、尿酸4.6mg/dL、血糖112mg/dL、HbAlc5.8%(基準4.9~6.0)、Na137mEq/L、K4.1mEq/L、C198mEq/L。 緊急で上部消化管内視鏡検査を行うこととした。内視鏡検査前に確認することで、優先度が高いのはどれか。",a. 妊娠出産歴 | b. 本日の排便回数 | c. 香辛料摂取の嗜好 | d. Helicobacter pyloriの除菌歴 | e. 局所麻酔薬に対するアレルギー歴,FALSE,e,上部消化管内視鏡検査を緊急で実施する前に、局所麻酔薬アレルギーの有無を確認することは患者の安全性において最も重要です。内視鏡検査時には咽頭麻酔としてキシロカインスプレーなどの局所麻酔薬を使用するため、アレルギー反応があると重篤な合併症を引き起こす可能性があります。他の選択肢（妊娠出産歴、排便回数、香辛料摂取、h. pylori除菌歴）は、緊急の内視鏡検査前の優先確認事項としては重要度が低いと判断されます。,0.9,e,内視鏡検査前で重要なのは、局所麻酔薬に対するアレルギー歴の確認です。嗜好や排便回数、過去の除菌歴は直ちに危険をもたらす要因ではないため、優先度は低くなります。妊娠出産歴も内視鏡検査には直接関連しませんが、アレルギー歴は麻酔薬使用時に即座に問題となる可能性があるため、優先度が高いです。,0.9,e,上部消化管内視鏡検査を行うにあたり、局所麻酔薬を使用する可能性があるため、アレルギー歴を確認することが最も優先度が高い。,e,内視鏡検査時には局所麻酔薬を使用することが多く、アレルギーの有無は最優先で確認する必要があるため。,0.9,e,内視鏡検査では口腔内局所麻酔薬を使用するため、アレルギー歴の確認が最優先される。他の選択肢は今回の緊急手技に対する安全性確保の観点からは必ずしも重要ではない。,1.0,
119F65,"64歳の女性。嘔吐を主訴に来院した。現病歴:今朝、悪心で目が覚め、黒色物を嘔吐したため、夫とともに受診した。既往歴:40歳時に胆囊炎で手術。Parkinson病でレボドパ〈L-dopa〉を内服している。2週間前に生じた右大腿部痛で、NSAIDを内服している。52歳で閉経。生活歴:夫と2人暮らし。喫煙歴と飲酒歴はない。家族歴:母がうつ病にて投薬治療中。現症:意識は清明。身長160cm、体重48kg。体温36.4℃。脈拍108/分、整。血圧108/60mmHg。呼吸数20/分。SpO297%(roomair)。眼瞼結膜と眼球結膜とに異常を認めない。頭静脈の怒張を認めない。心音と呼吸音とに異常を認めない。腹部は平坦、軟で右季肋部に小手術痕を認める。腸雑音は亢進している。上腹部正中に軽度の圧痛を認める。肝·脾を触知しない。検査所見:血液所見:赤血球385万、Hb11.7g/dL、Ht35%、白血球8,500、血小板22万、PT-INR1.1(基準0.9~1.1)。血液生化学所見:総蛋白6.2g/dL、アルブミン3.8g/dL、総ビリルビン1.0mg/dL、AST28U/L、ALT23U/L、LD214U/L(基準124~222)、ALP41U/L(基準38~113)、Y-GT10U/L(基準9~32)、CK83U/L(基準41~153)、尿素窒素25mg/dL、クレアチニン0.6mg/dL、尿酸4.6mg/dL、血糖112mg/dL、HbAlc5.8%(基準4.9~6.0)、Na137mEq/L、K4.1mEq/L、C198mEq/L。 上部消化管内視鏡検査の胃前庭部小弯像(別冊No.7A)と十二指腸像(別冊No.7B)とを別に示す。露出血管を伴う潰瘍は認めなかった。この患者への対応で適切なのはどれか。",a. 異物除去術 | b. クリッピング | c. 酸分泌抑制薬投与 | d. 内視鏡的硬化療法 | e. 内視鏡的粘膜下層剝離術〈ESD〉,TRUE,c,この症例では、以下の要因から酸分泌抑制薬投与が最適な治療法です：,0.9,c,患者は黒色吐物を訴えており、nsaid使用歴があるため、nsaidによる消化性潰瘍が疑われます。内視鏡によって露出血管を伴う潰瘍は認められなかったため、酸分泌抑制薬による内服治療が適切です。,0.9,c,内視鏡検査で潰瘍からの出血が示唆されるため、酸分泌抑制薬の投与が適切である。nsaidsによる潰瘍形成の可能性も考慮される。,c,露出血管などの活動性出血所見がなく，nsaidによる潰瘍が疑われるため，酸分泌抑制薬投与による内科的治療が適切と考えられる。,1.0,c,この患者はnsaid服用による胃粘膜損傷で黒色嘔吐（消化管出血を示唆）がみられ、内視鏡では露出血管を認めない軽度の潰瘍性病変が認められたため、積極的な内視鏡的治療は不要であり、酸分泌抑制薬（ppiなど）による治療が適切である。,1.0,0.9
119F66,"73歳の女性。記銘力低下を主訴に長女に連れられて来院した。現病歴:2か月前から急に物忘れがひどくなり、家族に心配され来院した。①*バスに乗って*買い物に行っても、②*レジでの支払い*ができなくなり、生活用品は長女が買って届けている。食事は宅配のお弁当を利用しており、③*ひとりで食べられる。*しかし偏食のため食べ残しが多い。④*着替えは自分でできる。*最近は家で過ごす時間が長くなり、友人から誘われても⑤*趣味のゲートボールに行かなくなった。*既往歴:18歳時に虫垂炎で手術歴あり。生活歴:喫煙歴はない。飲酒は機会飲酒。車で30分の距離に長女夫婦が住んでいる。アレルギー歴はない。家族歴:父は心筋梗塞で死亡。母は肺炎で死亡。夫は梅毒罹患歴があり、3年前、75歳時に膵癌で死亡。現症:意識は清明。意思疎通は可能で、礼節は保たれている。身長157cm、体重52kg。体温36.2℃。脈拍84/分、整。血圧128/76mmHg。呼吸数12/分。皮膚と粘膜に異常を認めない。心音と呼吸音とに異常を認めない。腹部は右下腹部に手術痕を認める。歩行はゆっくりだが、前傾姿勢は認めない。検査所見:尿所見:蛋白(一)、糖(一)。血液所見:赤血球438万、Hb13.2g/dL、Ht40%、白血球6,800、血小板21万。血液生化学所見:総蛋白6.5g/dL、アルブミン3.5g/dL、AST26U/L、ALT18U/L、LD162U/L(基準124~222)、Y-GT16U/L(基準9~32)、アンモニア22μg/dL(基準18~48)、尿素窒素16mg/dL、クレアチニン0.7mg/dL、血糖96mg/dL、Na142mEq/L、K4.2mEq/L、C198mEq/L、Ca8.6mg/dL。CRP0.1mg/dL。 下線部のうち、基本的日常生活動作〈ADL〉に該当するものはどれか。2つ選べ。",a. ① | b. ② | c. ③ | d. ④ | e. ⑤,FALSE,cd,adl（activities of daily living）は基本的な日常生活動作を指し、主に以下の項目を含みます：,0.9,cd,基本的日常生活動作（adl）に該当するものは、食事や着替えなどの生活の基本的な動作です。③「ひとりで食べられる」と④「着替えは自分でできる」はadlに該当します。,1.0,cd,基本的日常生活動作（adl）は、食事、更衣、排泄、移動、入浴など、生活を営む上で不可欠な基本的な行動を指します。①バスに乗る、②レジでの支払い、⑤趣味のゲートボールは手段的adl（iadl）に該当します。③ひとりで食べられる、④着替えは自分でできるはadlに該当します。,cd,食事と着替えは基本的adlに含まれるため。,1.0,cd,基本的日常生活動作（adl）には、食事、着替え、入浴、トイレ、移動などが含まれます。①のバス利用や②のレジでの支払い、⑤の趣味（ゲートボール）は主に社会生活や外出など、より複雑な日常生活動作（iadl）にあたるため、基本的adlには含まれません。一方、③の「ひとりで食べられる」と④の「着替えは自分でできる」は、基本的adlに該当します。,1.0,
119F67,"73歳の女性。記銘力低下を主訴に長女に連れられて来院した。現病歴:2か月前から急に物忘れがひどくなり、家族に心配され来院した。①*バスに乗って*買い物に行っても、②*レジでの支払い*ができなくなり、生活用品は長女が買って届けている。食事は宅配のお弁当を利用しており、③*ひとりで食べられる。*しかし偏食のため食べ残しが多い。④*着替えは自分でできる。*最近は家で過ごす時間が長くなり、友人から誘われても⑤*趣味のゲートボールに行かなくなった。*既往歴:18歳時に虫垂炎で手術歴あり。生活歴:喫煙歴はない。飲酒は機会飲酒。車で30分の距離に長女夫婦が住んでいる。アレルギー歴はない。家族歴:父は心筋梗塞で死亡。母は肺炎で死亡。夫は梅毒罹患歴があり、3年前、75歳時に膵癌で死亡。現症:意識は清明。意思疎通は可能で、礼節は保たれている。身長157cm、体重52kg。体温36.2℃。脈拍84/分、整。血圧128/76mmHg。呼吸数12/分。皮膚と粘膜に異常を認めない。心音と呼吸音とに異常を認めない。腹部は右下腹部に手術痕を認める。歩行はゆっくりだが、前傾姿勢は認めない。検査所見:尿所見:蛋白(一)、糖(一)。血液所見:赤血球438万、Hb13.2g/dL、Ht40%、白血球6,800、血小板21万。血液生化学所見:総蛋白6.5g/dL、アルブミン3.5g/dL、AST26U/L、ALT18U/L、LD162U/L(基準124~222)、Y-GT16U/L(基準9~32)、アンモニア22μg/dL(基準18~48)、尿素窒素16mg/dL、クレアチニン0.7mg/dL、血糖96mg/dL、Na142mEq/L、K4.2mEq/L、C198mEq/L、Ca8.6mg/dL。CRP0.1mg/dL。 血中梅毒トレポネーマ抗体〈TPHA〉と非トレポネーマ脂質抗体〈RPR〉はいずれも陽性、ヒト免疫不全ウイルス<HIV>抗原抗体は陰性であった。頭部単純CTで明らかな異常を認めない。記銘力低下の原因を鑑別するために追加すべき血液検査項目はどれか。2つ選べ。",a. 葉酸 | b. ビタミンD | c. ビタミンB1 | d. β2-マイクログロブリン | e. 甲状腺刺激ホルモン〈TSH〉,FALSE,ae,記銘力低下の原因として以下の理由から葉酸とtshの検査が重要です：,0.9,ae,この患者の記銘力低下の原因を鑑別するために考慮すべきは、栄養欠乏や内分泌異常の可能性です。葉酸欠乏は認知機能低下の原因となることがあり、甲状腺機能低下症も認知機能に影響を与えることがあります。強く疑われるビタミンdやビタミンb1欠乏の症状が現れていないことおよびβ2-マイクログロブリンが通常使用されないことから、葉酸（a）と甲状腺刺激ホルモン（tsh）（e）の検査を追加することが適切です。,0.9,ae,記銘力低下の原因鑑別のための追加検査。梅毒の既往歴のある夫を持つ患者であり、tphaとrprが陽性であることから、神経梅毒の可能性を考慮する必要がある。また、葉酸欠乏や甲状腺機能低下症も認知機能低下の原因となるため、tshと葉酸を測定する。,ae,高齢者の認知機能低下では甲状腺機能異常と葉酸欠乏の鑑別が重要であるため。,0.9,ae,高齢者の認知機能低下の鑑別では、内分泌異常や栄養不足の評価が重要です。特に、軽度の甲状腺機能低下症は認知症の原因になり得るためtsh検査を行います。また、葉酸欠乏も認知機能障害と関連があり、ビタミンb12と並んで評価対象となるため、これら2項目の検査が推奨されます。,1.0,0.9
119F68,"73歳の女性。記銘力低下を主訴に長女に連れられて来院した。現病歴:2か月前から急に物忘れがひどくなり、家族に心配され来院した。①*バスに乗って*買い物に行っても、②*レジでの支払い*ができなくなり、生活用品は長女が買って届けている。食事は宅配のお弁当を利用しており、③*ひとりで食べられる。*しかし偏食のため食べ残しが多い。④*着替えは自分でできる。*最近は家で過ごす時間が長くなり、友人から誘われても⑤*趣味のゲートボールに行かなくなった。*既往歴:18歳時に虫垂炎で手術歴あり。生活歴:喫煙歴はない。飲酒は機会飲酒。車で30分の距離に長女夫婦が住んでいる。アレルギー歴はない。家族歴:父は心筋梗塞で死亡。母は肺炎で死亡。夫は梅毒罹患歴があり、3年前、75歳時に膵癌で死亡。現症:意識は清明。意思疎通は可能で、礼節は保たれている。身長157cm、体重52kg。体温36.2℃。脈拍84/分、整。血圧128/76mmHg。呼吸数12/分。皮膚と粘膜に異常を認めない。心音と呼吸音とに異常を認めない。腹部は右下腹部に手術痕を認める。歩行はゆっくりだが、前傾姿勢は認めない。検査所見:尿所見:蛋白(一)、糖(一)。血液所見:赤血球438万、Hb13.2g/dL、Ht40%、白血球6,800、血小板21万。血液生化学所見:総蛋白6.5g/dL、アルブミン3.5g/dL、AST26U/L、ALT18U/L、LD162U/L(基準124~222)、Y-GT16U/L(基準9~32)、アンモニア22μg/dL(基準18~48)、尿素窒素16mg/dL、クレアチニン0.7mg/dL、血糖96mg/dL、Na142mEq/L、K4.2mEq/L、C198mEq/L、Ca8.6mg/dL。CRP0.1mg/dL。 血中梅毒トレポネーマ抗体〈TPHA〉と非トレポネーマ脂質抗体〈RPR〉はいずれも陽性、ヒト免疫不全ウイルス<HIV>抗原抗体は陰性であった。頭部単純CTで明らかな異常を認めない。追加血液検査はいずれも基準範囲内であった。治療が必要な梅毒と判断し、患者本人と長女に説明することになった。説明の内容で誤っているのはどれか。",a. 「脳脊髄液検査を行います」 | b. 「ペニシリン系抗菌薬で治療します」 | c. 「家族の方は抗菌薬の予防内服が必要です」 | d. 「治療終了後も定期的に血液検査を行います」 | e. 「トイレの共用で家族に感染することはありません」,FALSE,c,梅毒は性行為による感染が主な感染経路であり、日常生活での接触（トイレの共用、食器の共用など）では感染しません。そのため、家族への予防内服は不要です。その他の選択肢は正しい説明で、脳脊髄液検査による神経梅毒の評価、ペニシリン系抗菌薬による治療、治療後の経過観察のための定期的な血液検査（rpr定量値のモニタリング）、日常生活での非感染性の説明は適切です。,0.9,c,梅毒の治療において、感染者の家族が抗菌薬の予防内服を必要とすることはありません。梅毒は性交渉による感染症であり、通常の家庭内での接触、例えばトイレの共用などでは感染しないため、選択肢cの「家族の方は抗菌薬の予防内服が必要です」という説明は誤りです。他の選択肢は梅毒の治療や管理の一環として適切です。,0.9,c,家族への予防内服は、梅毒の治療としては一般的ではありません。梅毒は性行為感染症であり、日常生活での接触で感染することは稀です。,c,家族に対する予防内服は必要なく、脳脊髄液検査やペニシリン系薬での治療、治療終了後の定期的な血液検査は正しい説明だから。,1.0,c,梅毒は主に性的接触や母子感染により伝播し、家庭内での接触（例：トイレの共用）で感染することはありません。したがって、家族に対して予防的な抗菌薬内服は必要なく、その他の説明（脳脊髄液検査、ペニシリン治療、治療後の定期検査、トイレ共用での感染リスクの否定）は正しいため、誤っているのは選択肢cのみです。,1.0,
119F69,60歳の男性。激しい胸痛と息苦しさを主訴に救急車で搬入された。現病歴:7日前から10分程度の平地歩行で前胸部の絞扼感と息苦しさとを自覚していたが、5分程度の休息で症状は消失していた。本日午後10時に勃起不全の治療薬としてPDE5〈phosphodiesterase5〉阻害薬を服用した。午後10時30分から突然の強い胸痛を自覚し、30分以上持続したため妻が救急車を要請した。既往歴:10年前から糖尿病で経口糖尿病薬、1年前から勃起不全に対してPDE5〈phosphodiesterase5〉阻害薬を服用中である。生活歴:喫煙は10本/日を40年間。飲酒は機会飲酒。妻と2人暮らし。家族歴:母が糖尿病。現症胸痛で苦悶様の顔貌をしているが呼びかけには応じる。身長169cm、体重72kg。体温36.3℃。心拍数56/分、整。血圧80/46mmHg。呼吸数18/分。SpO296%(roomair)。冷汗を認め、四肢末梢に冷感を認める。心音と呼吸音とに異常を認めない。腹部は平坦、軟で、肝·脾を触知しない。下腿に浮腫を認めない。12誘導心電図でII、III、aVFのST上昇を認める。右側胸部誘導でもST上昇を認める。心エコー検査では下壁の壁運動低下に加えて右室の壁運動低下も認める。 次に行うべき処置で誤っているのはどれか。,a. ヘパリンの静注 | b. アスピリンの経口投与 | c. ドブタミンの点滴静注 | d. ニトログリセリンの舌下 | e. 生理食塩液の急速点滴静注,FALSE,d,この症例は右室梗塞を伴う下壁心筋梗塞の典型例です。右室梗塞を合併する場合、ニトログリセリンの投与は前負荷を減少させ、血圧をさらに低下させる危険があります。現在の血圧が80/46mmhgと低値であることからも、ニトログリセリンは禁忌です。他の選択肢（抗凝固療法、抗血小板療法、循環動態の改善）は適切な処置です。,0.9,d,この患者は右冠動脈が原因である可能性がある下壁心筋梗塞であり、右室梗塞を伴うことが示唆されています。右室梗塞では前負荷が重要であるため、ニトログリセリンの使用は適切でない可能性があります。ニトログリセリンは前負荷を下げ、血圧をさらに下げる可能性があり、右室梗塞の場合には避けるべきであるため、誤った選択肢です。,0.9,d,下壁、右室梗塞を示唆する心電図所見と、pde5阻害薬内服歴から、ニトログリセリン投与は禁忌。血圧低下を助長する可能性があるため、投与すべきでない。,d,pde5阻害薬との併用は禁忌であり、また右室梗塞では前負荷の維持が必要なためニトログリセリンの使用は誤っている。,1.0,d,右室梗塞では右室が前負荷に依存しているため、ニトログリセリンの使用は前負荷を減少させ、血圧の低下をさらに悪化させるリスクがある。また、pde5阻害薬との併用は著しい低血圧を引き起こすため、舌下投与は誤った処置となる。他の選択肢は適切な初期治療に該当する。,1.0,1.0
119F70,60歳の男性。激しい胸痛と息苦しさを主訴に救急車で搬入された。現病歴:7日前から10分程度の平地歩行で前胸部の絞扼感と息苦しさとを自覚していたが、5分程度の休息で症状は消失していた。本日午後10時に勃起不全の治療薬としてPDE5〈phosphodiesterase5〉阻害薬を服用した。午後10時30分から突然の強い胸痛を自覚し、30分以上持続したため妻が救急車を要請した。既往歴:10年前から糖尿病で経口糖尿病薬、1年前から勃起不全に対してPDE5〈phosphodiesterase5〉阻害薬を服用中である。生活歴:喫煙は10本/日を40年間。飲酒は機会飲酒。妻と2人暮らし。家族歴:母が糖尿病。現症胸痛で苦悶様の顔貌をしているが呼びかけには応じる。身長169cm、体重72kg。体温36.3℃。心拍数56/分、整。血圧80/46mmHg。呼吸数18/分。SpO296%(roomair)。冷汗を認め、四肢末梢に冷感を認める。心音と呼吸音とに異常を認めない。腹部は平坦、軟で、肝·脾を触知しない。下腿に浮腫を認めない。12誘導心電図でII、III、aVFのST上昇を認める。右側胸部誘導でもST上昇を認める。心エコー検査では下壁の壁運動低下に加えて右室の壁運動低下も認める。 緊急カテーテル検査の準備中に突然うめき声をあげてその後動かなくなった。心電図モニターの波形(別冊No.8)を別に示す。直ちに行うべき処置はどれか。,a. 気管挿管 | b. 電気的除細動 | c. 心室ペーシング | d. リドカイン静注 | e. アミオダロン静注,TRUE,b,心電図モニターの波形は心室細動(vf)を示していると考えられます。心室細動は致死的な不整脈であり、直ちに電気的除細動を行う必要があります。この状況では、心肺蘇生のガイドラインに従い、まず電気的除細動を最優先で実施すべきです。他の処置（気管挿管、薬物投与など）は二次的な対応となります。,1.0,b,患者は急性下壁および右室心筋梗塞が疑われ、心原性ショックの兆候（血圧低下、冷汗、末梢冷感）を呈しています。突然の意識消失後、心電図がVFを示しているため、**直ちに電気的除細動（b）**を行うのが適切です。他の選択肢：a（気管挿管）：必要だが、まず除細動が最優先。c（心室ペーシング）：VFには無効。d（リドカイン静注）、e（アミオダロン静注）：薬物治療よりも直ちに除細動が優先。したがって、電気的除細動（b）が最適な選択です。,1.0,b,心電図モニターの波形から心室細動と判断できるため、直ちに電気的除細動を行う。,b,心電図は心室細動であり、直ちに電気的除細動を行う必要があるため。,1.0,b,"この患者は急性心筋梗塞（下壁および右室の壁運動低下、ii, iii, avfおよび右側胸部誘導でのst上昇）に伴う突然の意識消失が示唆される。監視波形からも心室細動などのショックリズムが疑われ、初期の対応として直ちに電気的除細動を行うことが最も適切な処置である。",1.0,
119F71,60歳の男性。激しい胸痛と息苦しさを主訴に救急車で搬入された。現病歴:7日前から10分程度の平地歩行で前胸部の絞扼感と息苦しさとを自覚していたが、5分程度の休息で症状は消失していた。本日午後10時に勃起不全の治療薬としてPDE5〈phosphodiesterase5〉阻害薬を服用した。午後10時30分から突然の強い胸痛を自覚し、30分以上持続したため妻が救急車を要請した。既往歴:10年前から糖尿病で経口糖尿病薬、1年前から勃起不全に対してPDE5〈phosphodiesterase5〉阻害薬を服用中である。生活歴:喫煙は10本/日を40年間。飲酒は機会飲酒。妻と2人暮らし。家族歴:母が糖尿病。現症胸痛で苦悶様の顔貌をしているが呼びかけには応じる。身長169cm、体重72kg。体温36.3℃。心拍数56/分、整。血圧80/46mmHg。呼吸数18/分。SpO296%(roomair)。冷汗を認め、四肢末梢に冷感を認める。心音と呼吸音とに異常を認めない。腹部は平坦、軟で、肝·脾を触知しない。下腿に浮腫を認めない。12誘導心電図でII、III、aVFのST上昇を認める。右側胸部誘導でもST上昇を認める。心エコー検査では下壁の壁運動低下に加えて右室の壁運動低下も認める。 緊急カテーテル検査の準備中に突然うめき声をあげてその後動かなくなった。洞調律に復帰後、緊急冠動脈造影検査のためカテーテル室に移動した。平均血圧60mmHg以上の維持が困難で、心拍数も120/分を超えて不穏状態となった。次に行う治療で適切なのはどれか。,a. 植込み型除細動器 | b. 永久ペースメーカ | c. 補助人工心臓〈VAD〉 | d. 大動脈内バルーンパンピング〈IABP〉 | e. ECMO<Extracorporeal membrane oxygenation>,FALSE,e,この症例は右室梗塞を伴う下壁心筋梗塞で、心原性ショックを呈しており、血行動態が極めて不安定な状態です。平均血圧の維持が困難で、頻脈と不穏状態を伴っていることから、最も強力な循環補助が必要です。ecmoは人工肺による酸素化と循環補助を同時に行えるため、このような重症例に最も適切です。iabpは単独では不十分で、他の選択肢（icd、ペースメーカー、vad）は急性期の救命処置としては適切ではありません。,0.9,d,患者は下壁と右室の心筋梗塞による心原性ショックの状態であり、血圧低下と心拍数の増加が見られる。このような場合、大動脈内バルーンパンピング（iabp）は、心臓の後負荷を軽減し、冠動脈血流を改善することで、血行動態を安定化するのに有効な治療法である。他の選択肢は、この状況においては適切ではない。,0.9,e,,d,急性下壁・右室梗塞に伴う重度の心原性ショックでは、まずiabpによる補助循環が有効であり、血行動態を安定化させて緊急pciにつなげるために選択される。,0.9,d,この症例は心筋梗塞に伴う急性心原性ショックであり、冠動脈再開通までの橋渡しとして大動脈内バルーンパンピング（iabp）が適応されるため。icdや永久ペースメーカは急性期の血行安定化には用いず、vadやecmoはより重篤な場合に検討される治療法となる。,0.9,0.9
119F72,"82歳の女性。発熱と呼吸困難を主訴に来院した。現病歴:3日前から発熱と乾性咳嗽が出現、2日前から労作時の呼吸困難も出現したため受診した。同居している家族を含め、周囲で上気道炎症状のある人はいない。既往歴:2年前から特発性間質性肺炎と診断され、3か月前の急性増悪の際にステロイドパルス療法が行われ、その後漸減しながら現在プレドニゾロン25mg/日と抗線維化薬を内服している。その他の薬は副作用のため中断している。生活歴:喫煙歴はない。自宅で夫と息子夫婦の4人暮らし。ADLは自立。毎日近所を散歩している。室内で犬を1匹飼っている。3か月前にインフルエンザワクチンと新型コロナウイルスワクチンを接種している。家族歴:父が82歳時に肺癌で死亡。現症:意識は清明。身長155cm、体重60kg。体温37.8℃。脈拍84/分、整。血圧130/76mmHg。呼吸数28/分。SpO288%(roomair)。心音に異常は認めない。呼吸音は両側下肺背側にfine cracklesを聴取する。腹部は平坦、軟で、肝·脾を触知しない。下腿に浮腫を認めない。検査所見:尿所見:蛋白(一)、糖3+、ケトン体2+、潜血1+。血液所見:赤血球412万、Hb12.3g/dL、Ht38%、白血球11,400(分葉核好中球89%、単球1%、リンパ球10%)、血小板24万、Dダイマー1.0μg/mL(基準1.0以下)。血液生化学所見:総蛋白5.1g/dL、アルブミン3.0g/dL、総ビリルビン0.7mg/dL、AST25U/L、ALT21U/L、LD549U/L(基準124~222)、ALP39U/L(基準38~113)、Y-GT30U/L(基準9~32)、尿素窒素17mg/dL、クレアチニン0.5mg/dL、血糖144mg/dL、HbAlc6.1%(基準4.9~6.0)、Na135mEq/L、K3.9mEq/L、C194mEq/L、KL-64,482U/mL(基準500未満)。免疫血清学所見:CRP4.7mg/dL、β-Dーグルカン210pg/mL(基準10以下)。インフルエンザウイルス迅速抗原検査陰性、新型コロナウイルス〈SARS-CoV-2〉抗原定性検査陰性、サイトメガロウイルス抗原陰性。胸部エックス線写真(別冊No.9A)と胸部単純CT(別冊No.9B)とを別に示す。 気管支鏡検査を行い、気管支肺胞洗浄液を採取した。確定診断に有用な染色法はどれか。",a. Gram染色 | b. Grocott染色 | c. Congo-Red染色 | d. Papanicolaou染色 | e. Ziehl-Neelsen染色,TRUE,b,この症例では、以下の特徴から肺ニューモシスチス感染症(pcp)が強く疑われます：,0.9,b,症状や検査所見から、免疫低下患者に多い真菌感染症の疑いが強いです。特にβ-dーグルカンが高値であることから、真菌感染症の一つであるニューモシスチス肺炎（pcp）が考えられ、grocott染色が有用です。,0.9,b,画像所見とβ-d-グルカンの上昇から、ニューモシスチス肺炎が疑われる。ニューモシスチス肺炎の診断にはgrocott染色が有用である。,b,β-d-グルカン高値やステロイド使用下での肺病変からニューモシスチス肺炎が疑われ、確定診断にはgrocott染色が用いられるため。,0.9,b,この症例は、免疫抑制状態の患者においてβ-d-グルカン上昇と呼吸症状が認められることからpneumocystis jirovecii肺炎が疑われる。pneumocystisの同定にはgrocott染色（grocottメタミン銀染色）が有用なため、回答はbとなる。,1.0,0.9
119F73,"82歳の女性。発熱と呼吸困難を主訴に来院した。現病歴:3日前から発熱と乾性咳嗽が出現、2日前から労作時の呼吸困難も出現したため受診した。同居している家族を含め、周囲で上気道炎症状のある人はいない。既往歴:2年前から特発性間質性肺炎と診断され、3か月前の急性増悪の際にステロイドパルス療法が行われ、その後漸減しながら現在プレドニゾロン25mg/日と抗線維化薬を内服している。その他の薬は副作用のため中断している。生活歴:喫煙歴はない。自宅で夫と息子夫婦の4人暮らし。ADLは自立。毎日近所を散歩している。室内で犬を1匹飼っている。3か月前にインフルエンザワクチンと新型コロナウイルスワクチンを接種している。家族歴:父が82歳時に肺癌で死亡。現症:意識は清明。身長155cm、体重60kg。体温37.8℃。脈拍84/分、整。血圧130/76mmHg。呼吸数28/分。SpO288%(roomair)。心音に異常は認めない。呼吸音は両側下肺背側にfine cracklesを聴取する。腹部は平坦、軟で、肝·脾を触知しない。下腿に浮腫を認めない。検査所見:尿所見:蛋白(一)、糖3+、ケトン体2+、潜血1+。血液所見:赤血球412万、Hb12.3g/dL、Ht38%、白血球11,400(分葉核好中球89%、単球1%、リンパ球10%)、血小板24万、Dダイマー1.0μg/mL(基準1.0以下)。血液生化学所見:総蛋白5.1g/dL、アルブミン3.0g/dL、総ビリルビン0.7mg/dL、AST25U/L、ALT21U/L、LD549U/L(基準124~222)、ALP39U/L(基準38~113)、Y-GT30U/L(基準9~32)、尿素窒素17mg/dL、クレアチニン0.5mg/dL、血糖144mg/dL、HbAlc6.1%(基準4.9~6.0)、Na135mEq/L、K3.9mEq/L、C194mEq/L、KL-64,482U/mL(基準500未満)。免疫血清学所見:CRP4.7mg/dL、β-Dーグルカン210pg/mL(基準10以下)。インフルエンザウイルス迅速抗原検査陰性、新型コロナウイルス〈SARS-CoV-2〉抗原定性検査陰性、サイトメガロウイルス抗原陰性。胸部エックス線写真(別冊No.9A)と胸部単純CT(別冊No.9B)とを別に示す。 想定される疾患のリスクファクターはどれか。",a. 性別 | b. 年齢 | c. 耐糖能異常 | d. ワクチン接種 | e. プレドニゾロン内服,TRUE,e,この症例で最も重要なリスクファクターはプレドニゾロン内服です。理由は以下の通りです：,0.9,e,プレドニゾロンの内服は免疫抑制を起こし、肺炎などの感染症のリスクを増加させるため、リスクファクターとして考えられます。β-dグルカンの上昇も真菌感染を示唆します。,0.9,e,胸部x線写真とctで両側びまん性のすりガラス陰影が見られ、β-d-グルカンも上昇していることから、ニューモシスチス肺炎が疑われる。プレドニゾロン内服はニューモシスチス肺炎のリスクファクターである。,e,プレドニゾロン内服による免疫抑制状態が想定される感染症の最大のリスクファクターであるため。,1.0,e,高用量のプレドニゾロン内服は免疫抑制状態を引き起こし、pneumocystis肺炎などの感染症リスクを高めるため。,1.0,0.9
119F74,"82歳の女性。発熱と呼吸困難を主訴に来院した。現病歴:3日前から発熱と乾性咳嗽が出現、2日前から労作時の呼吸困難も出現したため受診した。同居している家族を含め、周囲で上気道炎症状のある人はいない。既往歴:2年前から特発性間質性肺炎と診断され、3か月前の急性増悪の際にステロイドパルス療法が行われ、その後漸減しながら現在プレドニゾロン25mg/日と抗線維化薬を内服している。その他の薬は副作用のため中断している。生活歴:喫煙歴はない。自宅で夫と息子夫婦の4人暮らし。ADLは自立。毎日近所を散歩している。室内で犬を1匹飼っている。3か月前にインフルエンザワクチンと新型コロナウイルスワクチンを接種している。家族歴:父が82歳時に肺癌で死亡。現症:意識は清明。身長155cm、体重60kg。体温37.8℃。脈拍84/分、整。血圧130/76mmHg。呼吸数28/分。SpO288%(roomair)。心音に異常は認めない。呼吸音は両側下肺背側にfine cracklesを聴取する。腹部は平坦、軟で、肝·脾を触知しない。下腿に浮腫を認めない。検査所見:尿所見:蛋白(一)、糖3+、ケトン体2+、潜血1+。血液所見:赤血球412万、Hb12.3g/dL、Ht38%、白血球11,400(分葉核好中球89%、単球1%、リンパ球10%)、血小板24万、Dダイマー1.0μg/mL(基準1.0以下)。血液生化学所見:総蛋白5.1g/dL、アルブミン3.0g/dL、総ビリルビン0.7mg/dL、AST25U/L、ALT21U/L、LD549U/L(基準124~222)、ALP39U/L(基準38~113)、Y-GT30U/L(基準9~32)、尿素窒素17mg/dL、クレアチニン0.5mg/dL、血糖144mg/dL、HbAlc6.1%(基準4.9~6.0)、Na135mEq/L、K3.9mEq/L、C194mEq/L、KL-64,482U/mL(基準500未満)。免疫血清学所見:CRP4.7mg/dL、β-Dーグルカン210pg/mL(基準10以下)。インフルエンザウイルス迅速抗原検査陰性、新型コロナウイルス〈SARS-CoV-2〉抗原定性検査陰性、サイトメガロウイルス抗原陰性。胸部エックス線写真(別冊No.9A)と胸部単純CT(別冊No.9B)とを別に示す。 入院して治療を行ったが、呼吸状態が悪化し、マスク5L/分の酸素投与でもSpO2が90%を維持できない状態となり、本人の呼吸困難も悪化した。終末期における医療について、患者本人から侵襲的な処置を希望しないこと、「苦しくないように、痛くないようにして欲しい」という希望があることを家族が聞いており、家族から本人の意思を尊重して治療を進めて欲しいと話があった。また今回の入院時にも、同様のことを本人が主治医をはじめ医療スタッフに話しており、診療録にもこの意向が記載されていた。オピオイドの投与とともに行うのはどれか。",a. 気管切開 | b. 気管插管 | c. 輪状甲状靱帯切開 | d. ネーザルハイフローによる酸素投与 | e. ECMO<Extracorporeal membrane oxygenation>,TRUE,d,この症例では、患者本人が侵襲的な処置を希望せず、「苦しくないように、痛くないように」という希望を明確に表明しています。選択肢の中で、a（気管切開）、b（気管挿管）、c（輪状甲状靱帯切開）、e（ecmo）は全て侵襲的な処置であり、患者の意思に反します。一方、ネーザルハイフローは非侵襲的な酸素投与方法で、呼吸困難の緩和に有効であり、患者の希望する緩和ケアの方針に合致します。,0.9,d,患者は侵襲的な処置を望んでおらず、主に症状緩和が目的です。ネーザルハイフローは非侵襲的であり、オピオイドと併用して呼吸困難の緩和が期待できます。,0.9,d,患者は終末期であり、侵襲的な処置を希望していない。オピオイド投与の目的は苦痛緩和であり、ネーザルハイフローは比較的非侵襲的な酸素投与法であるため、苦痛緩和を妨げない。,d,終末期において侵襲的な気管挿管や人工呼吸器管理は希望しておらず、オピオイドとともに非侵襲的な呼吸補助を行うためネーザルハイフローが選択される。,0.9,d,患者は終末期医療において侵襲的な治療を望まず、かつ苦痛軽減を希望しているため、非侵襲的な酸素療法であるネーザルハイフローが適切です。その他の選択肢は全て侵襲的な処置に該当するため除外されます。,1.0,1.0
119F75,10か月の男児。嘔吐と下痢を主訴に母親に連れられて来院した。診察時の体重は10kg。血清Na濃度は132mEq/Lであった。正常血清Na濃度を140mEq/Lとして、Naの欠乏量を求めよ。ただし、患児の体重に対する細胞内液の割合を30%、細胞外液の割合を20%とする。また小数点以下の数値が得られた場合には、小数第1位を四捨五入すること。 ()mEq,,FALSE,16,na欠乏量は、na濃度の差と細胞外液量の積で計算します。体重10kgの20%である2lの細胞外液量に、na濃度の差8meq/lを掛けて16meqと算出されます。,0.9,16,この問題では、まず体重から細胞外液量を求め、それに基づいてナトリウムの欠乏量を計算する必要があります。細胞外液は体重の20%として与えられているため、体重10kgの20%で2kg(リットル)です。正常血清na濃度から実際の血清na濃度を引き、その差を求めます。(140 - 132 = 8meq/l)。次に、その差を細胞外液量にかけます。(8meq/l * 2l = 16meq)。この計算が正しければ、na欠乏量は16meqとなります。しかし、与えられた選択肢がないので、詳細な確認ができず、回答は仮定に基づいています。実際の選択肢を参照し、結果が一致するかの確認が必要です。,0.8,80,,40,正常na(140)と実測na(132)の差8(meq/l)に、体重10kg×体液率50％=5lを掛けると、8×5=40meqとなる。,1.0,40,患児の全体水分量（tbw）は細胞内液30%と細胞外液20%の合計で10kg×0.5=5 lとなり、正常血清na濃度との差は140–132=8 meq/lです。よってnaの欠乏量は8×5=40 meqとなるため、正解は40 meq（選択肢c）です。,1.0,